Mod:Item:MetaData, Localized Name
minecraft:air, Air
minecraft:stone:0, Stone
minecraft:stone:1, Granite
minecraft:stone:2, Polished Granite
minecraft:stone:3, Diorite
minecraft:stone:4, Polished Diorite
minecraft:stone:5, Andesite
minecraft:stone:6, Polished Andesite
minecraft:grass, Grass Block
minecraft:dirt:0, Dirt
minecraft:dirt:1, Coarse Dirt
minecraft:dirt:2, Podzol
minecraft:cobblestone, Cobblestone
minecraft:planks:0, Oak Wood Planks
minecraft:planks:1, Spruce Wood Planks
minecraft:planks:2, Birch Wood Planks
minecraft:planks:3, Jungle Wood Planks
minecraft:planks:4, Acacia Wood Planks
minecraft:planks:5, Dark Oak Wood Planks
minecraft:sapling:0, Oak Sapling
minecraft:sapling:1, Spruce Sapling
minecraft:sapling:2, Birch Sapling
minecraft:sapling:3, Jungle Sapling
minecraft:sapling:4, Acacia Sapling
minecraft:sapling:5, Dark Oak Sapling
minecraft:bedrock, Bedrock
minecraft:sand:0, Sand
minecraft:sand:1, Red Sand
minecraft:gravel, Gravel
minecraft:gold_ore, Gold Ore
minecraft:iron_ore, Iron Ore
minecraft:coal_ore, Coal Ore
minecraft:log:0, Oak Wood
minecraft:log:1, Spruce Wood
minecraft:log:2, Birch Wood
minecraft:log:3, Jungle Wood
minecraft:leaves:0, Oak Leaves
minecraft:leaves:1, Spruce Leaves
minecraft:leaves:2, Birch Leaves
minecraft:leaves:3, Jungle Leaves
minecraft:sponge:0, Sponge
minecraft:sponge:1, Wet Sponge
minecraft:glass, Glass
minecraft:lapis_ore, Lapis Lazuli Ore
minecraft:lapis_block, Lapis Lazuli Block
minecraft:dispenser, Dispenser
minecraft:sandstone:0, Sandstone
minecraft:sandstone:1, Chiseled Sandstone
minecraft:sandstone:2, Smooth Sandstone
minecraft:noteblock, Note Block
minecraft:golden_rail, Powered Rail
minecraft:detector_rail, Detector Rail
minecraft:sticky_piston, Sticky Piston
minecraft:web, Cobweb
minecraft:tallgrass:1, Grass
minecraft:tallgrass:2, Fern
minecraft:deadbush, Dead Bush
minecraft:piston, Piston
minecraft:wool:0, White Wool
minecraft:wool:1, Orange Wool
minecraft:wool:2, Magenta Wool
minecraft:wool:3, Light Blue Wool
minecraft:wool:4, Yellow Wool
minecraft:wool:5, Lime Wool
minecraft:wool:6, Pink Wool
minecraft:wool:7, Gray Wool
minecraft:wool:8, Light Gray Wool
minecraft:wool:9, Cyan Wool
minecraft:wool:10, Purple Wool
minecraft:wool:11, Blue Wool
minecraft:wool:12, Brown Wool
minecraft:wool:13, Green Wool
minecraft:wool:14, Red Wool
minecraft:wool:15, Black Wool
minecraft:yellow_flower:0, Dandelion
minecraft:red_flower:0, Poppy
minecraft:red_flower:1, Blue Orchid
minecraft:red_flower:2, Allium
minecraft:red_flower:3, Azure Bluet
minecraft:red_flower:4, Red Tulip
minecraft:red_flower:5, Orange Tulip
minecraft:red_flower:6, White Tulip
minecraft:red_flower:7, Pink Tulip
minecraft:red_flower:8, Oxeye Daisy
minecraft:brown_mushroom, Mushroom
minecraft:red_mushroom, Mushroom
minecraft:gold_block, Block of Gold
minecraft:iron_block, Block of Iron
minecraft:stone_slab:0, Stone Slab
minecraft:stone_slab:1, Sandstone Slab
minecraft:stone_slab:3, Cobblestone Slab
minecraft:stone_slab:4, Bricks Slab
minecraft:stone_slab:5, Stone Bricks Slab
minecraft:stone_slab:6, Nether Brick Slab
minecraft:stone_slab:7, Quartz Slab
minecraft:brick_block, Bricks
minecraft:tnt, TNT
minecraft:bookshelf, Bookshelf
minecraft:mossy_cobblestone, Moss Stone
minecraft:obsidian, Obsidian
minecraft:torch, Torch
minecraft:mob_spawner, Monster Spawner
minecraft:oak_stairs, Oak Wood Stairs
minecraft:chest, Chest
minecraft:diamond_ore, Diamond Ore
minecraft:diamond_block, Block of Diamond
minecraft:crafting_table, Crafting Table
minecraft:farmland, Farmland
minecraft:furnace, Furnace
minecraft:ladder, Ladder
minecraft:rail, Rail
minecraft:stone_stairs, Cobblestone Stairs
minecraft:lever, Lever
minecraft:stone_pressure_plate, Stone Pressure Plate
minecraft:wooden_pressure_plate, Wooden Pressure Plate
minecraft:redstone_ore, Redstone Ore
minecraft:redstone_torch, Redstone Torch
minecraft:stone_button, Button
minecraft:snow_layer, Snow
minecraft:ice, Ice
minecraft:snow, Snow
minecraft:cactus, Cactus
minecraft:clay, Clay
minecraft:jukebox, Jukebox
minecraft:fence, Oak Fence
minecraft:pumpkin, Pumpkin
minecraft:netherrack, Netherrack
minecraft:soul_sand, Soul Sand
minecraft:glowstone, Glowstone
minecraft:lit_pumpkin, Jack o'Lantern
minecraft:stained_glass:0, White Stained Glass
minecraft:stained_glass:1, Orange Stained Glass
minecraft:stained_glass:2, Magenta Stained Glass
minecraft:stained_glass:3, Light Blue Stained Glass
minecraft:stained_glass:4, Yellow Stained Glass
minecraft:stained_glass:5, Lime Stained Glass
minecraft:stained_glass:6, Pink Stained Glass
minecraft:stained_glass:7, Gray Stained Glass
minecraft:stained_glass:8, Light Gray Stained Glass
minecraft:stained_glass:9, Cyan Stained Glass
minecraft:stained_glass:10, Purple Stained Glass
minecraft:stained_glass:11, Blue Stained Glass
minecraft:stained_glass:12, Brown Stained Glass
minecraft:stained_glass:13, Green Stained Glass
minecraft:stained_glass:14, Red Stained Glass
minecraft:stained_glass:15, Black Stained Glass
minecraft:trapdoor, Wooden Trapdoor
minecraft:monster_egg:0, Stone Monster Egg
minecraft:monster_egg:1, Cobblestone Monster Egg
minecraft:monster_egg:2, Stone Brick Monster Egg
minecraft:monster_egg:3, Mossy Stone Brick Monster Egg
minecraft:monster_egg:4, Cracked Stone Brick Monster Egg
minecraft:monster_egg:5, Chiseled Stone Brick Monster Egg
minecraft:stonebrick:0, Stone Bricks
minecraft:stonebrick:1, Mossy Stone Bricks
minecraft:stonebrick:2, Cracked Stone Bricks
minecraft:stonebrick:3, Chiseled Stone Bricks
minecraft:brown_mushroom_block, Mushroom
minecraft:red_mushroom_block, Mushroom
minecraft:iron_bars, Iron Bars
minecraft:glass_pane, Glass Pane
minecraft:melon_block, Melon
minecraft:vine, Vines
minecraft:fence_gate, Oak Fence Gate
minecraft:brick_stairs, Brick Stairs
minecraft:stone_brick_stairs, Stone Brick Stairs
minecraft:mycelium, Mycelium
minecraft:waterlily, Lily Pad
minecraft:nether_brick, Nether Brick
minecraft:nether_brick_fence, Nether Brick Fence
minecraft:nether_brick_stairs, Nether Brick Stairs
minecraft:enchanting_table, Enchantment Table
minecraft:end_portal_frame, End Portal
minecraft:end_stone, End Stone
minecraft:dragon_egg, Dragon Egg
minecraft:redstone_lamp, Redstone Lamp
minecraft:wooden_slab:0, Oak Wood Slab
minecraft:wooden_slab:1, Spruce Wood Slab
minecraft:wooden_slab:2, Birch Wood Slab
minecraft:wooden_slab:3, Jungle Wood Slab
minecraft:wooden_slab:4, Acacia Wood Slab
minecraft:wooden_slab:5, Dark Oak Wood Slab
minecraft:sandstone_stairs, Sandstone Stairs
minecraft:emerald_ore, Emerald Ore
minecraft:ender_chest, Ender Chest
minecraft:tripwire_hook, Tripwire Hook
minecraft:emerald_block, Block of Emerald
minecraft:spruce_stairs, Spruce Wood Stairs
minecraft:birch_stairs, Birch Wood Stairs
minecraft:jungle_stairs, Jungle Wood Stairs
minecraft:command_block, Command Block
minecraft:beacon, Beacon
minecraft:cobblestone_wall:0, Cobblestone Wall
minecraft:cobblestone_wall:1, Mossy Cobblestone Wall
minecraft:wooden_button, Button
minecraft:anvil:0, Anvil
minecraft:anvil:1, Slightly Damaged Anvil
minecraft:anvil:2, Very Damaged Anvil
minecraft:trapped_chest, Trapped Chest
minecraft:light_weighted_pressure_plate, Weighted Pressure Plate (Light)
minecraft:heavy_weighted_pressure_plate, Weighted Pressure Plate (Heavy)
minecraft:daylight_detector, Daylight Sensor
minecraft:redstone_block, Block of Redstone
minecraft:quartz_ore, Nether Quartz Ore
minecraft:hopper, Hopper
minecraft:quartz_block:0, Block of Quartz
minecraft:quartz_block:1, Chiseled Quartz Block
minecraft:quartz_block:2, Pillar Quartz Block
minecraft:quartz_stairs, Quartz Stairs
minecraft:activator_rail, Activator Rail
minecraft:dropper, Dropper
minecraft:stained_hardened_clay:0, White Terracotta
minecraft:stained_hardened_clay:1, Orange Terracotta
minecraft:stained_hardened_clay:2, Magenta Terracotta
minecraft:stained_hardened_clay:3, Light Blue Terracotta
minecraft:stained_hardened_clay:4, Yellow Terracotta
minecraft:stained_hardened_clay:5, Lime Terracotta
minecraft:stained_hardened_clay:6, Pink Terracotta
minecraft:stained_hardened_clay:7, Gray Terracotta
minecraft:stained_hardened_clay:8, Light Gray Terracotta
minecraft:stained_hardened_clay:9, Cyan Terracotta
minecraft:stained_hardened_clay:10, Purple Terracotta
minecraft:stained_hardened_clay:11, Blue Terracotta
minecraft:stained_hardened_clay:12, Brown Terracotta
minecraft:stained_hardened_clay:13, Green Terracotta
minecraft:stained_hardened_clay:14, Red Terracotta
minecraft:stained_hardened_clay:15, Black Terracotta
minecraft:stained_glass_pane:0, White Stained Glass Pane
minecraft:stained_glass_pane:1, Orange Stained Glass Pane
minecraft:stained_glass_pane:2, Magenta Stained Glass Pane
minecraft:stained_glass_pane:3, Light Blue Stained Glass Pane
minecraft:stained_glass_pane:4, Yellow Stained Glass Pane
minecraft:stained_glass_pane:5, Lime Stained Glass Pane
minecraft:stained_glass_pane:6, Pink Stained Glass Pane
minecraft:stained_glass_pane:7, Gray Stained Glass Pane
minecraft:stained_glass_pane:8, Light Gray Stained Glass Pane
minecraft:stained_glass_pane:9, Cyan Stained Glass Pane
minecraft:stained_glass_pane:10, Purple Stained Glass Pane
minecraft:stained_glass_pane:11, Blue Stained Glass Pane
minecraft:stained_glass_pane:12, Brown Stained Glass Pane
minecraft:stained_glass_pane:13, Green Stained Glass Pane
minecraft:stained_glass_pane:14, Red Stained Glass Pane
minecraft:stained_glass_pane:15, Black Stained Glass Pane
minecraft:leaves2:0, Acacia Leaves
minecraft:leaves2:1, Dark Oak Leaves
minecraft:log2:0, Acacia Wood
minecraft:log2:1, Dark Oak Wood
minecraft:acacia_stairs, Acacia Wood Stairs
minecraft:dark_oak_stairs, Dark Oak Wood Stairs
minecraft:slime, Slime Block
minecraft:barrier, Barrier
minecraft:iron_trapdoor, Iron Trapdoor
minecraft:prismarine:0, Prismarine
minecraft:prismarine:1, Prismarine Bricks
minecraft:prismarine:2, Dark Prismarine
minecraft:sea_lantern, Sea Lantern
minecraft:hay_block, Hay Bale
minecraft:carpet:0, White Carpet
minecraft:carpet:1, Orange Carpet
minecraft:carpet:2, Magenta Carpet
minecraft:carpet:3, Light Blue Carpet
minecraft:carpet:4, Yellow Carpet
minecraft:carpet:5, Lime Carpet
minecraft:carpet:6, Pink Carpet
minecraft:carpet:7, Gray Carpet
minecraft:carpet:8, Light Gray Carpet
minecraft:carpet:9, Cyan Carpet
minecraft:carpet:10, Purple Carpet
minecraft:carpet:11, Blue Carpet
minecraft:carpet:12, Brown Carpet
minecraft:carpet:13, Green Carpet
minecraft:carpet:14, Red Carpet
minecraft:carpet:15, Black Carpet
minecraft:hardened_clay, Terracotta
minecraft:coal_block, Block of Coal
minecraft:packed_ice, Packed Ice
minecraft:double_plant:0, Sunflower
minecraft:double_plant:1, Lilac
minecraft:double_plant:2, Double Tallgrass
minecraft:double_plant:3, Large Fern
minecraft:double_plant:4, Rose Bush
minecraft:double_plant:5, Peony
minecraft:red_sandstone:0, Red Sandstone
minecraft:red_sandstone:1, Chiseled Red Sandstone
minecraft:red_sandstone:2, Smooth Red Sandstone
minecraft:red_sandstone_stairs, Red Sandstone Stairs
minecraft:stone_slab2:0, Red Sandstone Slab
minecraft:spruce_fence_gate, Spruce Fence Gate
minecraft:birch_fence_gate, Birch Fence Gate
minecraft:jungle_fence_gate, Jungle Fence Gate
minecraft:dark_oak_fence_gate, Dark Oak Fence Gate
minecraft:acacia_fence_gate, Acacia Fence Gate
minecraft:spruce_fence, Spruce Fence
minecraft:birch_fence, Birch Fence
minecraft:jungle_fence, Jungle Fence
minecraft:dark_oak_fence, Dark Oak Fence
minecraft:acacia_fence, Acacia Fence
minecraft:end_rod, End Rod
minecraft:chorus_plant, Chorus Plant
minecraft:chorus_flower, Chorus Flower
minecraft:purpur_block, Purpur Block
minecraft:purpur_pillar, Purpur Pillar
minecraft:purpur_stairs, Purpur Stairs
minecraft:purpur_slab:0, Purpur Slab
minecraft:end_bricks, End Stone Bricks
minecraft:grass_path, Grass Path
minecraft:repeating_command_block, Repeating Command Block
minecraft:chain_command_block, Chain Command Block
minecraft:magma, Magma Block
minecraft:nether_wart_block, Nether Wart Block
minecraft:red_nether_brick, Red Nether Brick
minecraft:bone_block, Bone Block
minecraft:structure_void, Structure Void
minecraft:observer, Observer
minecraft:white_shulker_box, White Shulker Box
minecraft:orange_shulker_box, Orange Shulker Box
minecraft:magenta_shulker_box, Magenta Shulker Box
minecraft:light_blue_shulker_box, Light Blue Shulker Box
minecraft:yellow_shulker_box, Yellow Shulker Box
minecraft:lime_shulker_box, Lime Shulker Box
minecraft:pink_shulker_box, Pink Shulker Box
minecraft:gray_shulker_box, Gray Shulker Box
minecraft:silver_shulker_box, Light Gray Shulker Box
minecraft:cyan_shulker_box, Cyan Shulker Box
minecraft:purple_shulker_box, Purple Shulker Box
minecraft:blue_shulker_box, Blue Shulker Box
minecraft:brown_shulker_box, Brown Shulker Box
minecraft:green_shulker_box, Green Shulker Box
minecraft:red_shulker_box, Red Shulker Box
minecraft:black_shulker_box, Black Shulker Box
minecraft:white_glazed_terracotta, White Glazed Terracotta
minecraft:orange_glazed_terracotta, Orange Glazed Terracotta
minecraft:magenta_glazed_terracotta, Magenta Glazed Terracotta
minecraft:light_blue_glazed_terracotta, Light Blue Glazed Terracotta
minecraft:yellow_glazed_terracotta, Yellow Glazed Terracotta
minecraft:lime_glazed_terracotta, Lime Glazed Terracotta
minecraft:pink_glazed_terracotta, Pink Glazed Terracotta
minecraft:gray_glazed_terracotta, Gray Glazed Terracotta
minecraft:silver_glazed_terracotta, Light Gray Glazed Terracotta
minecraft:cyan_glazed_terracotta, Cyan Glazed Terracotta
minecraft:purple_glazed_terracotta, Purple Glazed Terracotta
minecraft:blue_glazed_terracotta, Blue Glazed Terracotta
minecraft:brown_glazed_terracotta, Brown Glazed Terracotta
minecraft:green_glazed_terracotta, Green Glazed Terracotta
minecraft:red_glazed_terracotta, Red Glazed Terracotta
minecraft:black_glazed_terracotta, Black Glazed Terracotta
minecraft:concrete:0, White Concrete
minecraft:concrete:1, Orange Concrete
minecraft:concrete:2, Magenta Concrete
minecraft:concrete:3, Light Blue Concrete
minecraft:concrete:4, Yellow Concrete
minecraft:concrete:5, Lime Concrete
minecraft:concrete:6, Pink Concrete
minecraft:concrete:7, Gray Concrete
minecraft:concrete:8, Light Gray Concrete
minecraft:concrete:9, Cyan Concrete
minecraft:concrete:10, Purple Concrete
minecraft:concrete:11, Blue Concrete
minecraft:concrete:12, Brown Concrete
minecraft:concrete:13, Green Concrete
minecraft:concrete:14, Red Concrete
minecraft:concrete:15, Black Concrete
minecraft:concrete_powder:0, White Concrete Powder
minecraft:concrete_powder:1, Orange Concrete Powder
minecraft:concrete_powder:2, Magenta Concrete Powder
minecraft:concrete_powder:3, Light Blue Concrete Powder
minecraft:concrete_powder:4, Yellow Concrete Powder
minecraft:concrete_powder:5, Lime Concrete Powder
minecraft:concrete_powder:6, Pink Concrete Powder
minecraft:concrete_powder:7, Gray Concrete Powder
minecraft:concrete_powder:8, Light Gray Concrete Powder
minecraft:concrete_powder:9, Cyan Concrete Powder
minecraft:concrete_powder:10, Purple Concrete Powder
minecraft:concrete_powder:11, Blue Concrete Powder
minecraft:concrete_powder:12, Brown Concrete Powder
minecraft:concrete_powder:13, Green Concrete Powder
minecraft:concrete_powder:14, Red Concrete Powder
minecraft:concrete_powder:15, Black Concrete Powder
minecraft:structure_block, Structure Block
minecraft:iron_shovel, Iron Shovel
minecraft:iron_pickaxe, Iron Pickaxe
minecraft:iron_axe, Iron Axe
minecraft:flint_and_steel, Flint and Steel
minecraft:apple, Apple
minecraft:bow, Bow
minecraft:arrow, Arrow
minecraft:coal:0, Coal
minecraft:coal:1, Charcoal
minecraft:diamond, Diamond
minecraft:iron_ingot, Iron Ingot
minecraft:gold_ingot, Gold Ingot
minecraft:iron_sword, Iron Sword
minecraft:wooden_sword, Wooden Sword
minecraft:wooden_shovel, Wooden Shovel
minecraft:wooden_pickaxe, Wooden Pickaxe
minecraft:wooden_axe, Wooden Axe
minecraft:stone_sword, Stone Sword
minecraft:stone_shovel, Stone Shovel
minecraft:stone_pickaxe, Stone Pickaxe
minecraft:stone_axe, Stone Axe
minecraft:diamond_sword, Diamond Sword
minecraft:diamond_shovel, Diamond Shovel
minecraft:diamond_pickaxe, Diamond Pickaxe
minecraft:diamond_axe, Diamond Axe
minecraft:stick, Stick
minecraft:bowl, Bowl
minecraft:mushroom_stew, Mushroom Stew
minecraft:golden_sword, Golden Sword
minecraft:golden_shovel, Golden Shovel
minecraft:golden_pickaxe, Golden Pickaxe
minecraft:golden_axe, Golden Axe
minecraft:string, String
minecraft:feather, Feather
minecraft:gunpowder, Gunpowder
minecraft:wooden_hoe, Wooden Hoe
minecraft:stone_hoe, Stone Hoe
minecraft:iron_hoe, Iron Hoe
minecraft:diamond_hoe, Diamond Hoe
minecraft:golden_hoe, Golden Hoe
minecraft:wheat_seeds, Seeds
minecraft:wheat, Wheat
minecraft:bread, Bread
minecraft:leather_helmet, Leather Cap
minecraft:leather_chestplate, Leather Tunic
minecraft:leather_leggings, Leather Pants
minecraft:leather_boots, Leather Boots
minecraft:chainmail_helmet, Chain Helmet
minecraft:chainmail_chestplate, Chain Chestplate
minecraft:chainmail_leggings, Chain Leggings
minecraft:chainmail_boots, Chain Boots
minecraft:iron_helmet, Iron Helmet
minecraft:iron_chestplate, Iron Chestplate
minecraft:iron_leggings, Iron Leggings
minecraft:iron_boots, Iron Boots
minecraft:diamond_helmet, Diamond Helmet
minecraft:diamond_chestplate, Diamond Chestplate
minecraft:diamond_leggings, Diamond Leggings
minecraft:diamond_boots, Diamond Boots
minecraft:golden_helmet, Golden Helmet
minecraft:golden_chestplate, Golden Chestplate
minecraft:golden_leggings, Golden Leggings
minecraft:golden_boots, Golden Boots
minecraft:flint, Flint
minecraft:porkchop, Raw Porkchop
minecraft:cooked_porkchop, Cooked Porkchop
minecraft:painting, Painting
minecraft:golden_apple:0, Golden Apple
minecraft:golden_apple:1, Golden Apple
minecraft:sign, Sign
minecraft:wooden_door, Oak Door
minecraft:bucket, Bucket
minecraft:water_bucket, Water Bucket
minecraft:lava_bucket, Lava Bucket
minecraft:minecart, Minecart
minecraft:saddle, Saddle
minecraft:iron_door, Iron Door
minecraft:redstone, Redstone
minecraft:snowball, Snowball
minecraft:boat, Oak Boat
minecraft:leather, Leather
minecraft:milk_bucket, Milk
minecraft:brick, Brick
minecraft:clay_ball, Clay
minecraft:reeds, Sugar Canes
minecraft:paper, Paper
minecraft:book, Book
minecraft:slime_ball, Slimeball
minecraft:chest_minecart, Minecart with Chest
minecraft:furnace_minecart, Minecart with Furnace
minecraft:egg, Egg
minecraft:compass, Compass
minecraft:fishing_rod, Fishing Rod
minecraft:clock, Clock
minecraft:glowstone_dust, Glowstone Dust
minecraft:fish:0, Raw Fish
minecraft:fish:1, Raw Salmon
minecraft:fish:2, Clownfish
minecraft:fish:3, Pufferfish
minecraft:cooked_fish:0, Cooked Fish
minecraft:cooked_fish:1, Cooked Salmon
minecraft:dye:0, Ink Sac
minecraft:dye:1, Rose Red
minecraft:dye:2, Cactus Green
minecraft:dye:3, Cocoa Beans
minecraft:dye:4, Lapis Lazuli
minecraft:dye:5, Purple Dye
minecraft:dye:6, Cyan Dye
minecraft:dye:7, Light Gray Dye
minecraft:dye:8, Gray Dye
minecraft:dye:9, Pink Dye
minecraft:dye:10, Lime Dye
minecraft:dye:11, Dandelion Yellow
minecraft:dye:12, Light Blue Dye
minecraft:dye:13, Magenta Dye
minecraft:dye:14, Orange Dye
minecraft:dye:15, Bone Meal
minecraft:bone, Bone
minecraft:sugar, Sugar
minecraft:cake, Cake
minecraft:bed:0, White Bed
minecraft:bed:1, Orange Bed
minecraft:bed:2, Magenta Bed
minecraft:bed:3, Light Blue Bed
minecraft:bed:4, Yellow Bed
minecraft:bed:5, Lime Bed
minecraft:bed:6, Pink Bed
minecraft:bed:7, Gray Bed
minecraft:bed:8, Light Gray Bed
minecraft:bed:9, Cyan Bed
minecraft:bed:10, Purple Bed
minecraft:bed:11, Blue Bed
minecraft:bed:12, Brown Bed
minecraft:bed:13, Green Bed
minecraft:bed:14, Red Bed
minecraft:bed:15, Black Bed
minecraft:repeater, Redstone Repeater
minecraft:cookie, Cookie
minecraft:filled_map:0, Map
minecraft:shears, Shears
minecraft:melon, Melon
minecraft:pumpkin_seeds, Pumpkin Seeds
minecraft:melon_seeds, Melon Seeds
minecraft:beef, Raw Beef
minecraft:cooked_beef, Steak
minecraft:chicken, Raw Chicken
minecraft:cooked_chicken, Cooked Chicken
minecraft:rotten_flesh, Rotten Flesh
minecraft:ender_pearl, Ender Pearl
minecraft:blaze_rod, Blaze Rod
minecraft:ghast_tear, Ghast Tear
minecraft:gold_nugget, Gold Nugget
minecraft:nether_wart, Nether Wart
minecraft:potion, Potion
minecraft:glass_bottle, Glass Bottle
minecraft:spider_eye, Spider Eye
minecraft:fermented_spider_eye, Fermented Spider Eye
minecraft:blaze_powder, Blaze Powder
minecraft:magma_cream, Magma Cream
minecraft:brewing_stand, Brewing Stand
minecraft:cauldron, Cauldron
minecraft:ender_eye, Eye of Ender
minecraft:speckled_melon, Glistering Melon
minecraft:spawn_egg, Spawn
minecraft:experience_bottle, Bottle o' Enchanting
minecraft:fire_charge, Fire Charge
minecraft:writable_book, Book and Quill
minecraft:written_book, Written Book
minecraft:emerald, Emerald
minecraft:item_frame, Item Frame
minecraft:flower_pot, Flower Pot
minecraft:carrot, Carrot
minecraft:potato, Potato
minecraft:baked_potato, Baked Potato
minecraft:poisonous_potato, Poisonous Potato
minecraft:map, Empty Map
minecraft:golden_carrot, Golden Carrot
minecraft:skull:0, Skeleton Skull
minecraft:skull:1, Wither Skeleton Skull
minecraft:skull:2, Zombie Head
minecraft:skull:3, Head
minecraft:skull:4, Creeper Head
minecraft:skull:5, Dragon Head
minecraft:carrot_on_a_stick, Carrot on a Stick
minecraft:nether_star, Nether Star
minecraft:pumpkin_pie, Pumpkin Pie
minecraft:fireworks, Firework Rocket
minecraft:firework_charge, Firework Star
minecraft:enchanted_book, Enchanted Book
minecraft:comparator, Redstone Comparator
minecraft:netherbrick, Nether Brick
minecraft:quartz, Nether Quartz
minecraft:tnt_minecart, Minecart with TNT
minecraft:hopper_minecart, Minecart with Hopper
minecraft:prismarine_shard, Prismarine Shard
minecraft:prismarine_crystals, Prismarine Crystals
minecraft:rabbit, Raw Rabbit
minecraft:cooked_rabbit, Cooked Rabbit
minecraft:rabbit_stew, Rabbit Stew
minecraft:rabbit_foot, Rabbit's Foot
minecraft:rabbit_hide, Rabbit Hide
minecraft:armor_stand, Armor Stand
minecraft:iron_horse_armor, Iron Horse Armor
minecraft:golden_horse_armor, Gold Horse Armor
minecraft:diamond_horse_armor, Diamond Horse Armor
minecraft:lead, Lead
minecraft:name_tag, Name Tag
minecraft:command_block_minecart, Minecart with Command Block
minecraft:mutton, Raw Mutton
minecraft:cooked_mutton, Cooked Mutton
minecraft:banner:15, White Banner
minecraft:banner:14, Orange Banner
minecraft:banner:13, Magenta Banner
minecraft:banner:12, Light Blue Banner
minecraft:banner:11, Yellow Banner
minecraft:banner:10, Lime Banner
minecraft:banner:9, Pink Banner
minecraft:banner:8, Gray Banner
minecraft:banner:7, Light Gray Banner
minecraft:banner:6, Cyan Banner
minecraft:banner:5, Purple Banner
minecraft:banner:4, Blue Banner
minecraft:banner:3, Brown Banner
minecraft:banner:2, Green Banner
minecraft:banner:1, Red Banner
minecraft:banner:0, Black Banner
minecraft:end_crystal, End Crystal
minecraft:spruce_door, Spruce Door
minecraft:birch_door, Birch Door
minecraft:jungle_door, Jungle Door
minecraft:acacia_door, Acacia Door
minecraft:dark_oak_door, Dark Oak Door
minecraft:chorus_fruit, Chorus Fruit
minecraft:chorus_fruit_popped, Popped Chorus Fruit
minecraft:beetroot, Beetroot
minecraft:beetroot_seeds, Beetroot Seeds
minecraft:beetroot_soup, Beetroot Soup
minecraft:dragon_breath, Dragon's Breath
minecraft:splash_potion, Splash Potion
minecraft:spectral_arrow, Spectral Arrow
minecraft:tipped_arrow, Tipped Arrow
minecraft:lingering_potion, Lingering Potion
minecraft:shield, Shield
minecraft:elytra, Elytra
minecraft:spruce_boat, Spruce Boat
minecraft:birch_boat, Birch Boat
minecraft:jungle_boat, Jungle Boat
minecraft:acacia_boat, Acacia Boat
minecraft:dark_oak_boat, Dark Oak Boat
minecraft:totem_of_undying, Totem of Undying
minecraft:shulker_shell, Shulker Shell
minecraft:iron_nugget, Iron Nugget
minecraft:knowledge_book, Knowledge Book
minecraft:record_13, Music Disc
minecraft:record_cat, Music Disc
minecraft:record_blocks, Music Disc
minecraft:record_chirp, Music Disc
minecraft:record_far, Music Disc
minecraft:record_mall, Music Disc
minecraft:record_mellohi, Music Disc
minecraft:record_stal, Music Disc
minecraft:record_strad, Music Disc
minecraft:record_ward, Music Disc
minecraft:record_11, Music Disc
minecraft:record_wait, Music Disc
ae2stuff:encoder, Pattern Encoder
ae2stuff:grower, Crystal Growth Chamber
ae2stuff:inscriber, Advanced Inscriber
ae2stuff:wireless, Wireless Connector
ae2stuff:wireless_kit, Wireless Setup Kit
ae2stuff:visualiser, Network Visualisation Tool
forge:bucketfilled, %s Bucket
appliedenergistics2:quartz_ore, Certus Quartz Ore
appliedenergistics2:charged_quartz_ore, Charged Certus Quartz Ore
appliedenergistics2:matrix_frame, Matrix Frame
appliedenergistics2:quartz_block, Certus Quartz Block
appliedenergistics2:quartz_pillar, Certus Quartz Pillar
appliedenergistics2:chiseled_quartz_block, Chiseled Certus Quartz Block
appliedenergistics2:quartz_glass, Quartz Glass
appliedenergistics2:quartz_vibrant_glass, Vibrant Quartz Glass
appliedenergistics2:quartz_fixture, Charged Quartz Fixture
appliedenergistics2:fluix_block, Fluix Block
appliedenergistics2:sky_stone_block, Sky Stone
appliedenergistics2:smooth_sky_stone_block, Sky Stone Block
appliedenergistics2:sky_stone_brick, Sky Stone Brick
appliedenergistics2:sky_stone_small_brick, Sky Stone Small Brick
appliedenergistics2:sky_stone_chest, Sky Stone Chest
appliedenergistics2:smooth_sky_stone_chest, Sky Stone Block Chest
appliedenergistics2:sky_compass, Meteorite Compass
appliedenergistics2:grindstone, Quartz Grindstone
appliedenergistics2:crank, Wooden Crank
appliedenergistics2:inscriber, Inscriber
appliedenergistics2:wireless_access_point, ME Wireless Access Point
appliedenergistics2:charger, Charger
appliedenergistics2:tiny_tnt, Tiny TNT
appliedenergistics2:security_station, ME Security Terminal
appliedenergistics2:quantum_ring, ME Quantum Ring
appliedenergistics2:quantum_link, ME Quantum Link Chamber
appliedenergistics2:spatial_pylon, Spatial Pylon
appliedenergistics2:spatial_io_port, Spatial IO Port
appliedenergistics2:controller, ME Controller
appliedenergistics2:drive, ME Drive
appliedenergistics2:chest, ME Chest
appliedenergistics2:interface, ME Interface
appliedenergistics2:fluid_interface, ME Fluid Interface
appliedenergistics2:cell_workbench, Cell Workbench
appliedenergistics2:io_port, ME IO Port
appliedenergistics2:condenser, Matter Condenser
appliedenergistics2:energy_acceptor, Energy Acceptor
appliedenergistics2:vibration_chamber, Vibration Chamber
appliedenergistics2:quartz_growth_accelerator, Crystal Growth Accelerator
appliedenergistics2:energy_cell, Energy Cell
appliedenergistics2:dense_energy_cell, Dense Energy Cell
appliedenergistics2:creative_energy_cell, Creative Energy Cell
appliedenergistics2:crafting_unit, Crafting Unit
appliedenergistics2:crafting_accelerator, Crafting Co-Processing Unit
appliedenergistics2:crafting_storage_1k, 1k Crafting Storage
appliedenergistics2:crafting_storage_4k, 4k Crafting Storage
appliedenergistics2:crafting_storage_16k, 16k Crafting Storage
appliedenergistics2:crafting_storage_64k, 64k Crafting Storage
appliedenergistics2:crafting_monitor, Crafting Monitor
appliedenergistics2:molecular_assembler, Molecular Assembler
appliedenergistics2:light_detector, Light Detecting Fixture
appliedenergistics2:paint, tile.appliedenergistics2.paint.name
appliedenergistics2:sky_stone_stairs, Sky Stone Stairs
appliedenergistics2:smooth_sky_stone_stairs, Sky Stone Block Stairs
appliedenergistics2:sky_stone_brick_stairs, Sky Stone Brick Stairs
appliedenergistics2:sky_stone_small_brick_stairs, Sky Stone Small Brick Stairs
appliedenergistics2:fluix_stairs, Fluix Stairs
appliedenergistics2:quartz_stairs, Certus Quartz Stairs
appliedenergistics2:chiseled_quartz_stairs, Chiseled Certus Quartz Stairs
appliedenergistics2:quartz_pillar_stairs, Certus Quartz Pillar Stairs
appliedenergistics2:cable_bus, AE2 Cable and/or Bus
appliedenergistics2:sky_stone_slab:0, Sky Stone Slabs
appliedenergistics2:smooth_sky_stone_slab:0, Sky Stone Block Slabs
appliedenergistics2:sky_stone_brick_slab:0, Sky Stone Brick Slabs
appliedenergistics2:sky_stone_small_brick_slab:0, Sky Stone Small Brick Slabs
appliedenergistics2:fluix_slab:0, Fluix Slabs
appliedenergistics2:quartz_slab:0, Certus Quartz Slabs
appliedenergistics2:chiseled_quartz_slab:0, Chiseled Certus Quartz Slabs
appliedenergistics2:quartz_pillar_slab:0, Certus Quartz Pillar Slabs
appliedenergistics2:certus_quartz_axe, Certus Quartz Axe
appliedenergistics2:certus_quartz_hoe, Certus Quartz Hoe
appliedenergistics2:certus_quartz_spade, Certus Quartz Shovel
appliedenergistics2:certus_quartz_pickaxe, Certus Quartz Pickaxe
appliedenergistics2:certus_quartz_sword, Certus Quartz Sword
appliedenergistics2:certus_quartz_wrench, Certus Quartz Wrench
appliedenergistics2:certus_quartz_cutting_knife, Certus Quartz Cutting Knife
appliedenergistics2:nether_quartz_axe, Nether Quartz Axe
appliedenergistics2:nether_quartz_hoe, Nether Quartz Hoe
appliedenergistics2:nether_quartz_spade, Nether Quartz Shovel
appliedenergistics2:nether_quartz_pickaxe, Nether Quartz Pickaxe
appliedenergistics2:nether_quartz_sword, Nether Quartz Sword
appliedenergistics2:nether_quartz_wrench, Nether Quartz Wrench
appliedenergistics2:nether_quartz_cutting_knife, Nether Quartz Cutting Knife
appliedenergistics2:entropy_manipulator, Entropy Manipulator
appliedenergistics2:wireless_terminal, Wireless Terminal
appliedenergistics2:charged_staff, Charged Staff
appliedenergistics2:matter_cannon, Matter Cannon
appliedenergistics2:portable_cell, Portable Cell
appliedenergistics2:color_applicator, Color Applicator
appliedenergistics2:biometric_card, Biometric Card
appliedenergistics2:memory_card, Memory Card
appliedenergistics2:network_tool, Network Tool
appliedenergistics2:creative_storage_cell, Creative ME Storage Cell
appliedenergistics2:view_cell, View Cell
appliedenergistics2:storage_cell_1k, 1k ME Storage Cell
appliedenergistics2:storage_cell_4k, 4k ME Storage Cell
appliedenergistics2:storage_cell_16k, 16k ME Storage Cell
appliedenergistics2:storage_cell_64k, 64k ME Storage Cell
appliedenergistics2:fluid_storage_cell_1k, 1k ME Fluid Storage Cell
appliedenergistics2:fluid_storage_cell_4k, 4k ME Fluid Storage Cell
appliedenergistics2:fluid_storage_cell_16k, 16k ME Fluid Storage Cell
appliedenergistics2:fluid_storage_cell_64k, 64k ME Fluid Storage Cell
appliedenergistics2:spatial_storage_cell_2_cubed, 2³ Spatial Storage Cell
appliedenergistics2:spatial_storage_cell_16_cubed, 16³ Spatial Storage Cell
appliedenergistics2:spatial_storage_cell_128_cubed, 128³ Spatial Storage Cell
appliedenergistics2:facade:0, Cable Facade - Stone
appliedenergistics2:facade:0, Cable Facade - Granite
appliedenergistics2:facade:0, Cable Facade - Polished Granite
appliedenergistics2:facade:0, Cable Facade - Diorite
appliedenergistics2:facade:0, Cable Facade - Polished Diorite
appliedenergistics2:facade:0, Cable Facade - Andesite
appliedenergistics2:facade:0, Cable Facade - Polished Andesite
appliedenergistics2:facade:0, Cable Facade - Grass Block
appliedenergistics2:facade:0, Cable Facade - Dirt
appliedenergistics2:facade:0, Cable Facade - Coarse Dirt
appliedenergistics2:facade:0, Cable Facade - Podzol
appliedenergistics2:facade:0, Cable Facade - Cobblestone
appliedenergistics2:facade:0, Cable Facade - Oak Wood Planks
appliedenergistics2:facade:0, Cable Facade - Spruce Wood Planks
appliedenergistics2:facade:0, Cable Facade - Birch Wood Planks
appliedenergistics2:facade:0, Cable Facade - Jungle Wood Planks
appliedenergistics2:facade:0, Cable Facade - Acacia Wood Planks
appliedenergistics2:facade:0, Cable Facade - Dark Oak Wood Planks
appliedenergistics2:facade:0, Cable Facade - Bedrock
appliedenergistics2:facade:0, Cable Facade - Sand
appliedenergistics2:facade:0, Cable Facade - Red Sand
appliedenergistics2:facade:0, Cable Facade - Gravel
appliedenergistics2:facade:0, Cable Facade - Gold Ore
appliedenergistics2:facade:0, Cable Facade - Iron Ore
appliedenergistics2:facade:0, Cable Facade - Coal Ore
appliedenergistics2:facade:0, Cable Facade - Oak Wood
appliedenergistics2:facade:0, Cable Facade - Spruce Wood
appliedenergistics2:facade:0, Cable Facade - Birch Wood
appliedenergistics2:facade:0, Cable Facade - Jungle Wood
appliedenergistics2:facade:0, Cable Facade - Oak Leaves
appliedenergistics2:facade:0, Cable Facade - Spruce Leaves
appliedenergistics2:facade:0, Cable Facade - Birch Leaves
appliedenergistics2:facade:0, Cable Facade - Jungle Leaves
appliedenergistics2:facade:0, Cable Facade - Sponge
appliedenergistics2:facade:0, Cable Facade - Wet Sponge
appliedenergistics2:facade:0, Cable Facade - Glass
appliedenergistics2:facade:0, Cable Facade - Lapis Lazuli Ore
appliedenergistics2:facade:0, Cable Facade - Lapis Lazuli Block
appliedenergistics2:facade:0, Cable Facade - Sandstone
appliedenergistics2:facade:0, Cable Facade - Chiseled Sandstone
appliedenergistics2:facade:0, Cable Facade - Smooth Sandstone
appliedenergistics2:facade:0, Cable Facade - White Wool
appliedenergistics2:facade:0, Cable Facade - Orange Wool
appliedenergistics2:facade:0, Cable Facade - Magenta Wool
appliedenergistics2:facade:0, Cable Facade - Light Blue Wool
appliedenergistics2:facade:0, Cable Facade - Yellow Wool
appliedenergistics2:facade:0, Cable Facade - Lime Wool
appliedenergistics2:facade:0, Cable Facade - Pink Wool
appliedenergistics2:facade:0, Cable Facade - Gray Wool
appliedenergistics2:facade:0, Cable Facade - Light Gray Wool
appliedenergistics2:facade:0, Cable Facade - Cyan Wool
appliedenergistics2:facade:0, Cable Facade - Purple Wool
appliedenergistics2:facade:0, Cable Facade - Blue Wool
appliedenergistics2:facade:0, Cable Facade - Brown Wool
appliedenergistics2:facade:0, Cable Facade - Green Wool
appliedenergistics2:facade:0, Cable Facade - Red Wool
appliedenergistics2:facade:0, Cable Facade - Black Wool
appliedenergistics2:facade:0, Cable Facade - Block of Gold
appliedenergistics2:facade:0, Cable Facade - Block of Iron
appliedenergistics2:facade:0, Cable Facade - Bricks
appliedenergistics2:facade:0, Cable Facade - TNT
appliedenergistics2:facade:0, Cable Facade - Bookshelf
appliedenergistics2:facade:0, Cable Facade - Moss Stone
appliedenergistics2:facade:0, Cable Facade - Obsidian
appliedenergistics2:facade:0, Cable Facade - Diamond Ore
appliedenergistics2:facade:0, Cable Facade - Block of Diamond
appliedenergistics2:facade:0, Cable Facade - Crafting Table
appliedenergistics2:facade:0, Cable Facade - Redstone Ore
appliedenergistics2:facade:0, Cable Facade - Ice
appliedenergistics2:facade:0, Cable Facade - Snow
appliedenergistics2:facade:0, Cable Facade - Clay
appliedenergistics2:facade:0, Cable Facade - Pumpkin
appliedenergistics2:facade:0, Cable Facade - Netherrack
appliedenergistics2:facade:0, Cable Facade - Soul Sand
appliedenergistics2:facade:0, Cable Facade - Glowstone
appliedenergistics2:facade:0, Cable Facade - Jack o'Lantern
appliedenergistics2:facade:0, Cable Facade - White Stained Glass
appliedenergistics2:facade:0, Cable Facade - Orange Stained Glass
appliedenergistics2:facade:0, Cable Facade - Magenta Stained Glass
appliedenergistics2:facade:0, Cable Facade - Light Blue Stained Glass
appliedenergistics2:facade:0, Cable Facade - Yellow Stained Glass
appliedenergistics2:facade:0, Cable Facade - Lime Stained Glass
appliedenergistics2:facade:0, Cable Facade - Pink Stained Glass
appliedenergistics2:facade:0, Cable Facade - Gray Stained Glass
appliedenergistics2:facade:0, Cable Facade - Light Gray Stained Glass
appliedenergistics2:facade:0, Cable Facade - Cyan Stained Glass
appliedenergistics2:facade:0, Cable Facade - Purple Stained Glass
appliedenergistics2:facade:0, Cable Facade - Blue Stained Glass
appliedenergistics2:facade:0, Cable Facade - Brown Stained Glass
appliedenergistics2:facade:0, Cable Facade - Green Stained Glass
appliedenergistics2:facade:0, Cable Facade - Red Stained Glass
appliedenergistics2:facade:0, Cable Facade - Black Stained Glass
appliedenergistics2:facade:0, Cable Facade - Stone Monster Egg
appliedenergistics2:facade:0, Cable Facade - Cobblestone Monster Egg
appliedenergistics2:facade:0, Cable Facade - Stone Brick Monster Egg
appliedenergistics2:facade:0, Cable Facade - Mossy Stone Brick Monster Egg
appliedenergistics2:facade:0, Cable Facade - Cracked Stone Brick Monster Egg
appliedenergistics2:facade:0, Cable Facade - Chiseled Stone Brick Monster Egg
appliedenergistics2:facade:0, Cable Facade - Stone Bricks
appliedenergistics2:facade:0, Cable Facade - Mossy Stone Bricks
appliedenergistics2:facade:0, Cable Facade - Cracked Stone Bricks
appliedenergistics2:facade:0, Cable Facade - Chiseled Stone Bricks
appliedenergistics2:facade:0, Cable Facade - Mushroom
appliedenergistics2:facade:0, Cable Facade - Mushroom
appliedenergistics2:facade:0, Cable Facade - Melon
appliedenergistics2:facade:0, Cable Facade - Mycelium
appliedenergistics2:facade:0, Cable Facade - Nether Brick
appliedenergistics2:facade:0, Cable Facade - End Stone
appliedenergistics2:facade:0, Cable Facade - Redstone Lamp
appliedenergistics2:facade:0, Cable Facade - Emerald Ore
appliedenergistics2:facade:0, Cable Facade - Block of Emerald
appliedenergistics2:facade:0, Cable Facade - Block of Redstone
appliedenergistics2:facade:0, Cable Facade - Nether Quartz Ore
appliedenergistics2:facade:0, Cable Facade - Block of Quartz
appliedenergistics2:facade:0, Cable Facade - Chiseled Quartz Block
appliedenergistics2:facade:0, Cable Facade - Pillar Quartz Block
appliedenergistics2:facade:0, Cable Facade - White Terracotta
appliedenergistics2:facade:0, Cable Facade - Orange Terracotta
appliedenergistics2:facade:0, Cable Facade - Magenta Terracotta
appliedenergistics2:facade:0, Cable Facade - Light Blue Terracotta
appliedenergistics2:facade:0, Cable Facade - Yellow Terracotta
appliedenergistics2:facade:0, Cable Facade - Lime Terracotta
appliedenergistics2:facade:0, Cable Facade - Pink Terracotta
appliedenergistics2:facade:0, Cable Facade - Gray Terracotta
appliedenergistics2:facade:0, Cable Facade - Light Gray Terracotta
appliedenergistics2:facade:0, Cable Facade - Cyan Terracotta
appliedenergistics2:facade:0, Cable Facade - Purple Terracotta
appliedenergistics2:facade:0, Cable Facade - Blue Terracotta
appliedenergistics2:facade:0, Cable Facade - Brown Terracotta
appliedenergistics2:facade:0, Cable Facade - Green Terracotta
appliedenergistics2:facade:0, Cable Facade - Red Terracotta
appliedenergistics2:facade:0, Cable Facade - Black Terracotta
appliedenergistics2:facade:0, Cable Facade - Acacia Leaves
appliedenergistics2:facade:0, Cable Facade - Dark Oak Leaves
appliedenergistics2:facade:0, Cable Facade - Acacia Wood
appliedenergistics2:facade:0, Cable Facade - Dark Oak Wood
appliedenergistics2:facade:0, Cable Facade - Slime Block
appliedenergistics2:facade:0, Cable Facade - Prismarine
appliedenergistics2:facade:0, Cable Facade - Prismarine Bricks
appliedenergistics2:facade:0, Cable Facade - Dark Prismarine
appliedenergistics2:facade:0, Cable Facade - Sea Lantern
appliedenergistics2:facade:0, Cable Facade - Hay Bale
appliedenergistics2:facade:0, Cable Facade - Terracotta
appliedenergistics2:facade:0, Cable Facade - Block of Coal
appliedenergistics2:facade:0, Cable Facade - Packed Ice
appliedenergistics2:facade:0, Cable Facade - Red Sandstone
appliedenergistics2:facade:0, Cable Facade - Chiseled Red Sandstone
appliedenergistics2:facade:0, Cable Facade - Smooth Red Sandstone
appliedenergistics2:facade:0, Cable Facade - Purpur Block
appliedenergistics2:facade:0, Cable Facade - Purpur Pillar
appliedenergistics2:facade:0, Cable Facade - End Stone Bricks
appliedenergistics2:facade:0, Cable Facade - Magma Block
appliedenergistics2:facade:0, Cable Facade - Nether Wart Block
appliedenergistics2:facade:0, Cable Facade - Red Nether Brick
appliedenergistics2:facade:0, Cable Facade - Bone Block
appliedenergistics2:facade:0, Cable Facade - Observer
appliedenergistics2:facade:0, Cable Facade - White Glazed Terracotta
appliedenergistics2:facade:0, Cable Facade - Orange Glazed Terracotta
appliedenergistics2:facade:0, Cable Facade - Magenta Glazed Terracotta
appliedenergistics2:facade:0, Cable Facade - Light Blue Glazed Terracotta
appliedenergistics2:facade:0, Cable Facade - Yellow Glazed Terracotta
appliedenergistics2:facade:0, Cable Facade - Lime Glazed Terracotta
appliedenergistics2:facade:0, Cable Facade - Pink Glazed Terracotta
appliedenergistics2:facade:0, Cable Facade - Gray Glazed Terracotta
appliedenergistics2:facade:0, Cable Facade - Light Gray Glazed Terracotta
appliedenergistics2:facade:0, Cable Facade - Cyan Glazed Terracotta
appliedenergistics2:facade:0, Cable Facade - Purple Glazed Terracotta
appliedenergistics2:facade:0, Cable Facade - Blue Glazed Terracotta
appliedenergistics2:facade:0, Cable Facade - Brown Glazed Terracotta
appliedenergistics2:facade:0, Cable Facade - Green Glazed Terracotta
appliedenergistics2:facade:0, Cable Facade - Red Glazed Terracotta
appliedenergistics2:facade:0, Cable Facade - Black Glazed Terracotta
appliedenergistics2:facade:0, Cable Facade - White Concrete
appliedenergistics2:facade:0, Cable Facade - Orange Concrete
appliedenergistics2:facade:0, Cable Facade - Magenta Concrete
appliedenergistics2:facade:0, Cable Facade - Light Blue Concrete
appliedenergistics2:facade:0, Cable Facade - Yellow Concrete
appliedenergistics2:facade:0, Cable Facade - Lime Concrete
appliedenergistics2:facade:0, Cable Facade - Pink Concrete
appliedenergistics2:facade:0, Cable Facade - Gray Concrete
appliedenergistics2:facade:0, Cable Facade - Light Gray Concrete
appliedenergistics2:facade:0, Cable Facade - Cyan Concrete
appliedenergistics2:facade:0, Cable Facade - Purple Concrete
appliedenergistics2:facade:0, Cable Facade - Blue Concrete
appliedenergistics2:facade:0, Cable Facade - Brown Concrete
appliedenergistics2:facade:0, Cable Facade - Green Concrete
appliedenergistics2:facade:0, Cable Facade - Red Concrete
appliedenergistics2:facade:0, Cable Facade - Black Concrete
appliedenergistics2:facade:0, Cable Facade - White Concrete Powder
appliedenergistics2:facade:0, Cable Facade - Orange Concrete Powder
appliedenergistics2:facade:0, Cable Facade - Magenta Concrete Powder
appliedenergistics2:facade:0, Cable Facade - Light Blue Concrete Powder
appliedenergistics2:facade:0, Cable Facade - Yellow Concrete Powder
appliedenergistics2:facade:0, Cable Facade - Lime Concrete Powder
appliedenergistics2:facade:0, Cable Facade - Pink Concrete Powder
appliedenergistics2:facade:0, Cable Facade - Gray Concrete Powder
appliedenergistics2:facade:0, Cable Facade - Light Gray Concrete Powder
appliedenergistics2:facade:0, Cable Facade - Cyan Concrete Powder
appliedenergistics2:facade:0, Cable Facade - Purple Concrete Powder
appliedenergistics2:facade:0, Cable Facade - Blue Concrete Powder
appliedenergistics2:facade:0, Cable Facade - Brown Concrete Powder
appliedenergistics2:facade:0, Cable Facade - Green Concrete Powder
appliedenergistics2:facade:0, Cable Facade - Red Concrete Powder
appliedenergistics2:facade:0, Cable Facade - Black Concrete Powder
appliedenergistics2:facade:0, Cable Facade - Certus Quartz Ore
appliedenergistics2:facade:0, Cable Facade - Charged Certus Quartz Ore
appliedenergistics2:facade:0, Cable Facade - Certus Quartz Block
appliedenergistics2:facade:0, Cable Facade - Certus Quartz Pillar
appliedenergistics2:facade:0, Cable Facade - Chiseled Certus Quartz Block
appliedenergistics2:facade:0, Cable Facade - Quartz Glass
appliedenergistics2:facade:0, Cable Facade - Vibrant Quartz Glass
appliedenergistics2:facade:0, Cable Facade - Fluix Block
appliedenergistics2:facade:0, Cable Facade - Sky Stone
appliedenergistics2:facade:0, Cable Facade - Sky Stone Block
appliedenergistics2:facade:0, Cable Facade - Sky Stone Brick
appliedenergistics2:facade:0, Cable Facade - Sky Stone Small Brick
appliedenergistics2:facade:0, Cable Facade - Glitch Infused Block
appliedenergistics2:facade:0, Cable Facade - Soot-covered Machine Casing
appliedenergistics2:facade:0, Cable Facade - Infested Dirt
appliedenergistics2:facade:0, Cable Facade - Infested Log
appliedenergistics2:facade:0, Cable Facade - Infested Stone
appliedenergistics2:facade:0, Cable Facade - Bloody Ice
appliedenergistics2:facade:0, Cable Facade - Hive Core
appliedenergistics2:facade:0, Cable Facade - Parasitic Colony Core
appliedenergistics2:facade:0, Cable Facade - Parasitic Colony Outpost
appliedenergistics2:facade:0, Cable Facade - §bBiome Purifier
appliedenergistics2:facade:0, Cable Facade - Node Lamp
appliedenergistics2:facade:0, Cable Facade - Biomass Block
appliedenergistics2:facade:0, Cable Facade - Residue Block
appliedenergistics2:facade:0, Cable Facade - Relay Terminal §l|§r §oBottom
appliedenergistics2:facade:0, Cable Facade - Relay Structure §l|§r §oMiddle
appliedenergistics2:facade:0, Cable Facade - Relay Antennas §l|§r §oTop
appliedenergistics2:facade:0, Cable Facade - Infested Cobblestone
appliedenergistics2:facade:0, Cable Facade - Bruisewood Log
appliedenergistics2:facade:0, Cable Facade - Veinwood Log
appliedenergistics2:facade:0, Cable Facade - Darkwood Log
appliedenergistics2:facade:0, Cable Facade - Circle Trunk
appliedenergistics2:facade:0, Cable Facade - Deadhead Log
appliedenergistics2:facade:0, Cable Facade - Deadhead Plank
appliedenergistics2:facade:0, Cable Facade - Deadhead Plank
appliedenergistics2:facade:0, Cable Facade - Hivesoil
appliedenergistics2:facade:0, Cable Facade - Visceral Mud
appliedenergistics2:facade:0, Cable Facade - Flesh Chunk
appliedenergistics2:facade:0, Cable Facade - Compressed Arteries
appliedenergistics2:facade:0, Cable Facade - Mycelium Network
appliedenergistics2:facade:0, Cable Facade - Contusion Block
appliedenergistics2:facade:0, Cable Facade - Sacked Flesh Block
appliedenergistics2:facade:0, Cable Facade - Concentrated Flesh Chunk
appliedenergistics2:facade:0, Cable Facade - Fortified Bone
appliedenergistics2:facade:0, Cable Facade - Hivestone
appliedenergistics2:facade:0, Cable Facade - Hivestone Debris
appliedenergistics2:facade:0, Cable Facade - Consumed Wood
appliedenergistics2:facade:0, Cable Facade - Hivestone Bricks
appliedenergistics2:facade:0, Cable Facade - Hivesteel
appliedenergistics2:facade:0, Cable Facade - Bleeding Obsidian
appliedenergistics2:facade:0, Cable Facade - Assimilated Fungus
appliedenergistics2:facade:0, Cable Facade - Weathered Bricks
appliedenergistics2:facade:0, Cable Facade - Weathered Bricks
appliedenergistics2:facade:0, Cable Facade - Weathered Cobblestone
appliedenergistics2:facade:0, Cable Facade - Weathered Cobblestone
appliedenergistics2:facade:0, Cable Facade - Frost Weathered Stone
appliedenergistics2:facade:0, Cable Facade - Frost Weathered Stone
appliedenergistics2:facade:0, Cable Facade - Incomplete Parasitic Colony Structure
appliedenergistics2:facade:0, Cable Facade - Compressed Hivestone
appliedenergistics2:facade:0, Cable Facade - Reinforced Hivestone
appliedenergistics2:facade:0, Cable Facade - Parasitic Compressed Colony Stone
appliedenergistics2:facade:0, Cable Facade - Infested Planks
appliedenergistics2:facade:0, Cable Facade - Infested Stone Bricks
appliedenergistics2:facade:0, Cable Facade - Infested Terracotta
appliedenergistics2:facade:0, Cable Facade - Polished Infested Stone
appliedenergistics2:facade:0, Cable Facade - Residue Bricks
appliedenergistics2:facade:0, Cable Facade - Infested Column
appliedenergistics2:facade:0, Cable Facade - Infested Sandstone
appliedenergistics2:facade:0, Cable Facade - Chiseled Infested Sandstone
appliedenergistics2:facade:0, Cable Facade - Chiseled Cut Sandstone
appliedenergistics2:facade:0, Cable Facade - Goth Stem
appliedenergistics2:facade:0, Cable Facade - Cooked Flesh
appliedenergistics2:facade:0, Cable Facade - Cooked Flesh Planks
appliedenergistics2:facade:0, Cable Facade - Flesh Planks
appliedenergistics2:facade:0, Cable Facade - Goth Planks
appliedenergistics2:facade:0, Cable Facade - Bruisewood Planks
appliedenergistics2:facade:0, Cable Facade - Consumed Planks
appliedenergistics2:facade:0, Cable Facade - Semi-organic Block
appliedenergistics2:facade:0, Cable Facade - Harlequinn Grass Block
appliedenergistics2:facade:0, Cable Facade - Harleskinn Block
appliedenergistics2:facade:0, Cable Facade - Poland Skin Block
appliedenergistics2:facade:0, Cable Facade - Bronchial Tube
appliedenergistics2:facade:0, Cable Facade - Locs Block
appliedenergistics2:facade:0, Cable Facade - Consumed Crafting Table
appliedenergistics2:facade:0, Cable Facade - Infested Crafting Table
appliedenergistics2:facade:0, Cable Facade - Diseased Sponge
appliedenergistics2:facade:0, Cable Facade - tile.srparasites.parasiterubbleslabdouble.name
appliedenergistics2:facade:0, Cable Facade - tile.srparasites.parasiterubbleslabdouble.name
appliedenergistics2:facade:0, Cable Facade - tile.srparasites.parasiterubbleslabdouble.name
appliedenergistics2:facade:0, Cable Facade - tile.srparasites.parasiterubbleslabdouble.name
appliedenergistics2:facade:0, Cable Facade - tile.srparasites.parasiterubbleslabdouble.name
appliedenergistics2:facade:0, Cable Facade - tile.srparasites.parasiterubbleslabdouble.name
appliedenergistics2:facade:0, Cable Facade - tile.srparasites.parasiterubbleslabdouble.name
appliedenergistics2:facade:0, Cable Facade - tile.srparasites.parasiterubbleslabdouble.name
appliedenergistics2:facade:0, Cable Facade - tile.srparasites.parasitestainslabdouble.name
appliedenergistics2:facade:0, Cable Facade - tile.srparasites.parasitestainslabdouble.name
appliedenergistics2:facade:0, Cable Facade - tile.srparasites.parasitestainslabdouble.name
appliedenergistics2:facade:0, Cable Facade - tile.srparasites.parasitestainslabdouble.name
appliedenergistics2:facade:0, Cable Facade - tile.srparasites.parasitestainslabdouble.name
appliedenergistics2:facade:0, Cable Facade - tile.srparasites.parasitestainslabdouble.name
appliedenergistics2:facade:0, Cable Facade - tile.srparasites.parasitestainslabdouble.name
appliedenergistics2:facade:0, Cable Facade - Lure (§4Weakened§f)
appliedenergistics2:facade:0, Cable Facade - Lure (§cFaint§f)
appliedenergistics2:facade:0, Cable Facade - Lure (§6Slender§f)
appliedenergistics2:facade:0, Cable Facade - Lure (§eStable§f)
appliedenergistics2:facade:0, Cable Facade - Lure (§2Substantial§f)
appliedenergistics2:facade:0, Cable Facade - Lure (§aConcentrated§f)
appliedenergistics2:facade:0, Cable Facade - Lure (§bConcentrated+§f)
appliedenergistics2:facade:0, Cable Facade - Lure (§dConcentrated++§f)
appliedenergistics2:facade:0, Cable Facade - Lure (§5Overloaded§f)
appliedenergistics2:facade:0, Cable Facade - Lure (§9Anomalous§f)
appliedenergistics2:facade:0, Cable Facade - Pestilential Coal Ore
appliedenergistics2:facade:0, Cable Facade - Pestilential Diamond Ore
appliedenergistics2:facade:0, Cable Facade - Pestilential Emerald Ore
appliedenergistics2:facade:0, Cable Facade - Pestilential Gold Ore
appliedenergistics2:facade:0, Cable Facade - Pestilential Iron Ore
appliedenergistics2:facade:0, Cable Facade - Pestilential Lapis Lazuli Ore
appliedenergistics2:facade:0, Cable Facade - Pestilential Redstone Ore
appliedenergistics2:facade:0, Cable Facade - Pestilential Ore
appliedenergistics2:facade:0, Cable Facade - Infested Sand
appliedenergistics2:facade:0, Cable Facade - Copper Ore
appliedenergistics2:facade:0, Cable Facade - Tin Ore
appliedenergistics2:facade:0, Cable Facade - Lead Ore
appliedenergistics2:facade:0, Cable Facade - Titanium Ore
appliedenergistics2:facade:0, Cable Facade - Uranium Ore
appliedenergistics2:facade:0, Cable Facade - Red Container
appliedenergistics2:facade:0, Cable Facade - Green Container
appliedenergistics2:facade:0, Cable Facade - Blue Container
appliedenergistics2:facade:0, Cable Facade - Yellow Container
appliedenergistics2:facade:0, Cable Facade - Steel Panel
appliedenergistics2:facade:0, Cable Facade - Silver Steel Panel
appliedenergistics2:facade:0, Cable Facade - Carbon Panel
appliedenergistics2:facade:0, Cable Facade - Dark Scaffold
appliedenergistics2:facade:0, Cable Facade - Nether Metal (Plate)
appliedenergistics2:facade:0, Cable Facade - Nether Metal (Grate)
appliedenergistics2:facade:0, Cable Facade - Nether Metal (Small Grate)
appliedenergistics2:facade:0, Cable Facade - Nether Metal (Bloody Grey)
appliedenergistics2:facade:0, Cable Facade - Nether Metal (Grey)
appliedenergistics2:facade:0, Cable Facade - Nether Metal (Grey Tiles)
appliedenergistics2:facade:0, Cable Facade - Nether Metal (Red Pillar)
appliedenergistics2:facade:0, Cable Facade - Nether Metal (Dark Pillar)
appliedenergistics2:facade:0, Cable Facade - Nether Metal (Red Panel)
appliedenergistics2:facade:0, Cable Facade - Nether Metal (Lava Pillar)
appliedenergistics2:facade:0, Cable Facade - Reinforced Concrete
appliedenergistics2:facade:0, Cable Facade - Reinforced Concrete (Light)
appliedenergistics2:facade:0, Cable Facade - Reinforced Concrete (Grey)
appliedenergistics2:facade:0, Cable Facade - Reinforced Concrete (Dark)
appliedenergistics2:facade:0, Cable Facade - Reinforced Concrete (Pipes)
appliedenergistics2:facade:0, Cable Facade - Reinforced Concrete (Steel Bars)
appliedenergistics2:facade:0, Cable Facade - Double Neon Lights
appliedenergistics2:facade:0, Cable Facade - Double Neon Lights (Rotated)
appliedenergistics2:facade:0, Cable Facade - Quad Neon Lights
appliedenergistics2:facade:0, Cable Facade - Quad Neon Lights (Rotated)
appliedenergistics2:facade:0, Cable Facade - Square Neon Light
appliedenergistics2:facade:0, Cable Facade - Ammo Crate
appliedenergistics2:facade:0, Cable Facade - Weapon Crate
appliedenergistics2:facade:0, Cable Facade - Armor Crate
appliedenergistics2:facade:0, Cable Facade - Medical Crate
appliedenergistics2:facade:0, Cable Facade - Explosives Crate
appliedenergistics2:facade:0, Cable Facade - Supply Crate
appliedenergistics2:facade:0, Cable Facade - Supply Crate
appliedenergistics2:facade:0, Cable Facade - Supply Crate
appliedenergistics2:facade:0, Cable Facade - Supply Crate
appliedenergistics2:facade:0, Cable Facade - Hardened Sand
appliedenergistics2:facade:0, Cable Facade - Strange Glowing Eggs
appliedenergistics2:facade:0, Cable Facade - Ore Cluster (Coal)
appliedenergistics2:facade:0, Cable Facade - Ore Cluster (Common Metal)
appliedenergistics2:facade:0, Cable Facade - Ore Cluster (Rare Metal)
appliedenergistics2:facade:0, Cable Facade - Ore Cluster (Shiny Metal)
appliedenergistics2:facade:0, Cable Facade - Ore Cluster (Uranium)
appliedenergistics2:facade:0, Cable Facade - Ore Cluster (Common Gem)
appliedenergistics2:facade:0, Cable Facade - Ore Cluster (Shiny Gem)
appliedenergistics2:facade:0, Cable Facade - Ore Cluster (Nether Crystal)
appliedenergistics2:facade:0, Cable Facade - Ore Cluster (Oil)
appliedenergistics2:facade:0, Cable Facade - Copper Ore
appliedenergistics2:facade:0, Cable Facade - Bauxite Ore
appliedenergistics2:facade:0, Cable Facade - Lead Ore
appliedenergistics2:facade:0, Cable Facade - Silver Ore
appliedenergistics2:facade:0, Cable Facade - Nickel Ore
appliedenergistics2:facade:0, Cable Facade - Uranium Ore
appliedenergistics2:facade:0, Cable Facade - Block of Copper
appliedenergistics2:facade:0, Cable Facade - Block of Aluminium
appliedenergistics2:facade:0, Cable Facade - Block of Lead
appliedenergistics2:facade:0, Cable Facade - Block of Silver
appliedenergistics2:facade:0, Cable Facade - Block of Nickel
appliedenergistics2:facade:0, Cable Facade - Block of Uranium
appliedenergistics2:facade:0, Cable Facade - Block of Constantan
appliedenergistics2:facade:0, Cable Facade - Block of Electrum
appliedenergistics2:facade:0, Cable Facade - Block of Steel
appliedenergistics2:facade:0, Cable Facade - Coke Brick
appliedenergistics2:facade:0, Cable Facade - Blast Brick
appliedenergistics2:facade:0, Cable Facade - Reinforced Blast Brick
appliedenergistics2:facade:0, Cable Facade - Block of Coal Coke
appliedenergistics2:facade:0, Cable Facade - Hempcrete
appliedenergistics2:facade:0, Cable Facade - Concrete
appliedenergistics2:facade:0, Cable Facade - Concrete Tile
appliedenergistics2:facade:0, Cable Facade - Leaded Concrete
appliedenergistics2:facade:0, Cable Facade - Insulating Glass
appliedenergistics2:facade:0, Cable Facade - Kiln Brick
appliedenergistics2:facade:0, Cable Facade - Treated Wood Planks
appliedenergistics2:facade:0, Cable Facade - Treated Wood Planks
appliedenergistics2:facade:0, Cable Facade - Treated Wood Planks
appliedenergistics2:facade:0, Cable Facade - Copper Sheetmetal
appliedenergistics2:facade:0, Cable Facade - Aluminium Sheetmetal
appliedenergistics2:facade:0, Cable Facade - Lead Sheetmetal
appliedenergistics2:facade:0, Cable Facade - Silver Sheetmetal
appliedenergistics2:facade:0, Cable Facade - Nickel Sheetmetal
appliedenergistics2:facade:0, Cable Facade - Uranium Sheetmetal
appliedenergistics2:facade:0, Cable Facade - Constantan Sheetmetal
appliedenergistics2:facade:0, Cable Facade - Electrum Sheetmetal
appliedenergistics2:facade:0, Cable Facade - Steel Sheetmetal
appliedenergistics2:facade:0, Cable Facade - Iron Sheetmetal
appliedenergistics2:facade:0, Cable Facade - Gold Sheetmetal
appliedenergistics2:facade:0, Cable Facade - Copper Coil Block
appliedenergistics2:facade:0, Cable Facade - Electrum Coil Block
appliedenergistics2:facade:0, Cable Facade - High-Voltage Coil Block
appliedenergistics2:facade:0, Cable Facade - Redstone Engineering Block
appliedenergistics2:facade:0, Cable Facade - Light Engineering Block
appliedenergistics2:facade:0, Cable Facade - Heavy Engineering Block
appliedenergistics2:facade:0, Cable Facade - Generator Block
appliedenergistics2:facade:0, Cable Facade - Radiator Block
appliedenergistics2:facade:0, Cable Facade - Litherite
appliedenergistics2:facade:0, Cable Facade - Litherite Paver
appliedenergistics2:facade:0, Cable Facade - Litherite Bricks
appliedenergistics2:facade:0, Cable Facade - Litherite Tiles
appliedenergistics2:facade:0, Cable Facade - Erodium
appliedenergistics2:facade:0, Cable Facade - Erodium Paver
appliedenergistics2:facade:0, Cable Facade - Erodium Bricks
appliedenergistics2:facade:0, Cable Facade - Erodium Tiles
appliedenergistics2:facade:0, Cable Facade - Kyronite
appliedenergistics2:facade:0, Cable Facade - Kyronite Paver
appliedenergistics2:facade:0, Cable Facade - Kyronite Bricks
appliedenergistics2:facade:0, Cable Facade - Kyronite Tiles
appliedenergistics2:facade:0, Cable Facade - Pladium
appliedenergistics2:facade:0, Cable Facade - Pladium Paver
appliedenergistics2:facade:0, Cable Facade - Pladium Bricks
appliedenergistics2:facade:0, Cable Facade - Pladium Tiles
appliedenergistics2:facade:0, Cable Facade - Ionite
appliedenergistics2:facade:0, Cable Facade - Ionite Paver
appliedenergistics2:facade:0, Cable Facade - Ionite Bricks
appliedenergistics2:facade:0, Cable Facade - Ionite Tiles
appliedenergistics2:facade:0, Cable Facade - Aethium
appliedenergistics2:facade:0, Cable Facade - Aethium Paver
appliedenergistics2:facade:0, Cable Facade - Aethium Bricks
appliedenergistics2:facade:0, Cable Facade - Aethium Tiles
appliedenergistics2:facade:0, Cable Facade - Lonsdaleite
appliedenergistics2:facade:0, Cable Facade - Lonsdaleite Paver
appliedenergistics2:facade:0, Cable Facade - Lonsdaleite Bricks
appliedenergistics2:facade:0, Cable Facade - Lonsdaleite Tiles
appliedenergistics2:facade:0, Cable Facade - Mica
appliedenergistics2:facade:0, Cable Facade - Interconnect
appliedenergistics2:facade:0, Cable Facade - Gelid Euphemium
appliedenergistics2:facade:0, Cable Facade - Unstable Euphemium Schrabide Block
appliedenergistics2:facade:0, Cable Facade - Dark Crystal
appliedenergistics2:facade:0, Cable Facade - Hardened Dark Crystal
appliedenergistics2:facade:0, Cable Facade - Pulsating Crystal
appliedenergistics2:facade:0, Cable Facade - HE to RF Converter
appliedenergistics2:facade:0, Cable Facade - RF to HE Converter
appliedenergistics2:facade:0, Cable Facade - Asphalt
appliedenergistics2:facade:0, Cable Facade - Glowing Asphalt
appliedenergistics2:facade:0, Cable Facade - Reinforced Glass
appliedenergistics2:facade:0, Cable Facade - Reinforced Glowstone
appliedenergistics2:facade:0, Cable Facade - Reinforced Lamp
appliedenergistics2:facade:0, Cable Facade - Reinforced Lamp
appliedenergistics2:facade:0, Cable Facade - Dense Stone
appliedenergistics2:facade:0, Cable Facade - Concrete Bricks
appliedenergistics2:facade:0, Cable Facade - Mossy Concrete Bricks
appliedenergistics2:facade:0, Cable Facade - Cracked Concrete Bricks
appliedenergistics2:facade:0, Cable Facade - Broken Concrete Bricks
appliedenergistics2:facade:0, Cable Facade - Marked Concrete Bricks
appliedenergistics2:facade:0, Cable Facade - Reinforced Stone
appliedenergistics2:facade:0, Cable Facade - Compound Mesh
appliedenergistics2:facade:0, Cable Facade - Light Bricks
appliedenergistics2:facade:0, Cable Facade - Asbestos Bricks
appliedenergistics2:facade:0, Cable Facade - Reinforced Sandstone
appliedenergistics2:facade:0, Cable Facade - Obsidian Bricks
appliedenergistics2:facade:0, Cable Facade - CMB Steel Tile
appliedenergistics2:facade:0, Cable Facade - Reinforced CMB Bricks
appliedenergistics2:facade:0, Cable Facade - Reinforced Laminate
appliedenergistics2:facade:0, Cable Facade - Concrete Tile
appliedenergistics2:facade:0, Cable Facade - Concrete
appliedenergistics2:facade:0, Cable Facade - White Concrete
appliedenergistics2:facade:0, Cable Facade - Builder's Choice Concrete - Industrial Tinge
appliedenergistics2:facade:0, Cable Facade - Reinforced Concrete
appliedenergistics2:facade:0, Cable Facade - Über Concrete
appliedenergistics2:facade:0, Cable Facade - Moldy Debris
appliedenergistics2:facade:0, Cable Facade - Asbestos Concrete
appliedenergistics2:facade:0, Cable Facade - Rebar Reinforced Concrete Pillar
appliedenergistics2:facade:0, Cable Facade - Ducrete Tile
appliedenergistics2:facade:0, Cable Facade - Ducrete
appliedenergistics2:facade:0, Cable Facade - Ducrete Brick
appliedenergistics2:facade:0, Cable Facade - Reinforced Ducrete
appliedenergistics2:facade:0, Cable Facade - Raw Lightstone
appliedenergistics2:facade:0, Cable Facade - Large Vinyl Tile
appliedenergistics2:facade:0, Cable Facade - Laboratory Tiles
appliedenergistics2:facade:0, Cable Facade - Cracked Laboratory Tiles
appliedenergistics2:facade:0, Cable Facade - Broken Laboratory Tiles
appliedenergistics2:facade:0, Cable Facade - Green Tritium Lamp
appliedenergistics2:facade:0, Cable Facade - Green Tritium Lamp
appliedenergistics2:facade:0, Cable Facade - Blue Tritium Lamp
appliedenergistics2:facade:0, Cable Facade - Blue Tritium Lamp
appliedenergistics2:facade:0, Cable Facade - Block of Scrap
appliedenergistics2:facade:0, Cable Facade - Block of Electrical Scrap
appliedenergistics2:facade:0, Cable Facade - Uranium Ore
appliedenergistics2:facade:0, Cable Facade - Scorched Uranium Ore
appliedenergistics2:facade:0, Cable Facade - Schrabidium Ore
appliedenergistics2:facade:0, Cable Facade - Sellafite Emerald Ore
appliedenergistics2:facade:0, Cable Facade - Scorched Sellafite Uranium Ore
appliedenergistics2:facade:0, Cable Facade - Sellafite Schrabidium Ore
appliedenergistics2:facade:0, Cable Facade - Sellafite Diamond Ore
appliedenergistics2:facade:0, Cable Facade - Sellafite Radioactive Gem Ore
appliedenergistics2:facade:0, Cable Facade - Thorium Ore
appliedenergistics2:facade:0, Cable Facade - Titanium Ore
appliedenergistics2:facade:0, Cable Facade - Sulfur Ore
appliedenergistics2:facade:0, Cable Facade - Niter Ore
appliedenergistics2:facade:0, Cable Facade - Copper Ore
appliedenergistics2:facade:0, Cable Facade - Tungsten Ore
appliedenergistics2:facade:0, Cable Facade - Aluminium-Bearing Ore
appliedenergistics2:facade:0, Cable Facade - Fluorite Ore
appliedenergistics2:facade:0, Cable Facade - Lead Ore
appliedenergistics2:facade:0, Cable Facade - Beryllium Ore
appliedenergistics2:facade:0, Cable Facade - Lignite Ore
appliedenergistics2:facade:0, Cable Facade - Asbestos Ore
appliedenergistics2:facade:0, Cable Facade - Rare Earth Ore
appliedenergistics2:facade:0, Cable Facade - Iron Ore Cluster
appliedenergistics2:facade:0, Cable Facade - Titanium Ore Cluster
appliedenergistics2:facade:0, Cable Facade - Aluminium Ore Cluster
appliedenergistics2:facade:0, Cable Facade - Copper Ore Cluster
appliedenergistics2:facade:0, Cable Facade - Cobalt Ore
appliedenergistics2:facade:0, Cable Facade - Cinnabar Ore
appliedenergistics2:facade:0, Cable Facade - Coltan Ore
appliedenergistics2:facade:0, Cable Facade - Australian Ore
appliedenergistics2:facade:0, Cable Facade - Depth Rock
appliedenergistics2:facade:0, Cable Facade - Depth Cinnabar Ore
appliedenergistics2:facade:0, Cable Facade - Depth Zirconium Ore
appliedenergistics2:facade:0, Cable Facade - Depth Borax Ore
appliedenergistics2:facade:0, Cable Facade - Alexandrite Ore
appliedenergistics2:facade:0, Cable Facade - Depth Iron Ore Cluster
appliedenergistics2:facade:0, Cable Facade - Depth Titanium Ore Cluster
appliedenergistics2:facade:0, Cable Facade - Depth Tungsten Ore Cluster
appliedenergistics2:facade:0, Cable Facade - Bedrock Coltan Ore
appliedenergistics2:facade:0, Cable Facade - Bedrock Oil Deposit
appliedenergistics2:facade:0, Cable Facade - Oil Deposit
appliedenergistics2:facade:0, Cable Facade - Empty Oil Deposit
appliedenergistics2:facade:0, Cable Facade - Tar Sand
appliedenergistics2:facade:0, Cable Facade - Graphitic Schist
appliedenergistics2:facade:0, Cable Facade - Schist Brick
appliedenergistics2:facade:0, Cable Facade - Schist Tile
appliedenergistics2:facade:0, Cable Facade - Chiseled Schist
appliedenergistics2:facade:0, Cable Facade - Schist Iron Ore
appliedenergistics2:facade:0, Cable Facade - Schist Gold Ore
appliedenergistics2:facade:0, Cable Facade - Schist Uranium Ore
appliedenergistics2:facade:0, Cable Facade - Scorched Schist Uranium Ore
appliedenergistics2:facade:0, Cable Facade - Schist Copper Ore
appliedenergistics2:facade:0, Cable Facade - Schist Asbestos Ore
appliedenergistics2:facade:0, Cable Facade - Schist Lithium Ore
appliedenergistics2:facade:0, Cable Facade - Schist Schrabidium Ore
appliedenergistics2:facade:0, Cable Facade - Schist Rare Earth Ore
appliedenergistics2:facade:0, Cable Facade - Gas Shale
appliedenergistics2:facade:0, Cable Facade - Trixite
appliedenergistics2:facade:0, Cable Facade - Burning Nether Coal Ore
appliedenergistics2:facade:0, Cable Facade - Smoldering Netherrack
appliedenergistics2:facade:0, Cable Facade - Nether Cobalt Ore
appliedenergistics2:facade:0, Cable Facade - Nether Tungsten Ore
appliedenergistics2:facade:0, Cable Facade - Nether Sulfur Ore
appliedenergistics2:facade:0, Cable Facade - Nether Phosphorus Ore
appliedenergistics2:facade:0, Cable Facade - Nether Uranium Ore
appliedenergistics2:facade:0, Cable Facade - Scorched Nether Uranium Ore
appliedenergistics2:facade:0, Cable Facade - Nether Plutonium Ore
appliedenergistics2:facade:0, Cable Facade - Nether Schrabidium Ore
appliedenergistics2:facade:0, Cable Facade - Nether Depth Rock
appliedenergistics2:facade:0, Cable Facade - Nether Depth Neodymium Ore
appliedenergistics2:facade:0, Cable Facade - Nether Depth Nitanium Ore
appliedenergistics2:facade:0, Cable Facade - Meteorite Block
appliedenergistics2:facade:0, Cable Facade - Meteorite Cobblestone
appliedenergistics2:facade:0, Cable Facade - Broken Meteorite Block
appliedenergistics2:facade:0, Cable Facade - Hot Meteorite Cobblestone
appliedenergistics2:facade:0, Cable Facade - Meteorite Treasure Block
appliedenergistics2:facade:0, Cable Facade - Meteor Iron Ore
appliedenergistics2:facade:0, Cable Facade - Polished Meteor Block
appliedenergistics2:facade:0, Cable Facade - Meteor Bricks
appliedenergistics2:facade:0, Cable Facade - Mossy Meteor Bricks
appliedenergistics2:facade:0, Cable Facade - Cracked Meteor Bricks
appliedenergistics2:facade:0, Cable Facade - Chiseled Meteor Bricks
appliedenergistics2:facade:0, Cable Facade - Meteor Pillar
appliedenergistics2:facade:0, Cable Facade - Starmetal Static Electricity Generator
appliedenergistics2:facade:0, Cable Facade - Enargite Bricks
appliedenergistics2:facade:0, Cable Facade - Cracked Enargite Bricks
appliedenergistics2:facade:0, Cable Facade - Magmatic Enargite Bricks
appliedenergistics2:facade:0, Cable Facade - Radioactive Enargite Bricks
appliedenergistics2:facade:0, Cable Facade - Arcane Enargite Bricks
appliedenergistics2:facade:0, Cable Facade - Enargite Glyph Bricks
appliedenergistics2:facade:0, Cable Facade - Enargite Glyph Bricks
appliedenergistics2:facade:0, Cable Facade - Enargite Glyph Bricks
appliedenergistics2:facade:0, Cable Facade - Enargite Glyph Bricks
appliedenergistics2:facade:0, Cable Facade - Enargite Glyph Bricks
appliedenergistics2:facade:0, Cable Facade - Enargite Glyph Bricks
appliedenergistics2:facade:0, Cable Facade - Enargite Glyph Bricks
appliedenergistics2:facade:0, Cable Facade - Enargite Glyph Bricks
appliedenergistics2:facade:0, Cable Facade - Enargite Glyph Bricks
appliedenergistics2:facade:0, Cable Facade - Enargite Glyph Bricks
appliedenergistics2:facade:0, Cable Facade - Enargite Glyph Bricks
appliedenergistics2:facade:0, Cable Facade - Enargite Glyph Bricks
appliedenergistics2:facade:0, Cable Facade - Enargite Glyph Bricks
appliedenergistics2:facade:0, Cable Facade - Enargite Glyph Bricks
appliedenergistics2:facade:0, Cable Facade - Enargite Glyph Bricks
appliedenergistics2:facade:0, Cable Facade - Enargite Glyph Bricks
appliedenergistics2:facade:0, Cable Facade - Mechanist's Circle
appliedenergistics2:facade:0, Cable Facade - Strange Stone
appliedenergistics2:facade:0, Cable Facade - Strange Red Room Brick
appliedenergistics2:facade:0, Cable Facade - Red Room Brick
appliedenergistics2:facade:0, Cable Facade - Berzelianite Bricks
appliedenergistics2:facade:0, Cable Facade - Berzelianite Block
appliedenergistics2:facade:0, Cable Facade - Berzelianite Tile
appliedenergistics2:facade:0, Cable Facade - Berzelianite Cirlce
appliedenergistics2:facade:0, Cable Facade - Block of Niter
appliedenergistics2:facade:0, Cable Facade - Reinforced Block of Niter
appliedenergistics2:facade:0, Cable Facade - Block of Sulfur
appliedenergistics2:facade:0, Cable Facade - Block of Thorium-232
appliedenergistics2:facade:0, Cable Facade - Block of Thorium Fuel
appliedenergistics2:facade:0, Cable Facade - Block of Neptunium
appliedenergistics2:facade:0, Cable Facade - Block of Polonium-210
appliedenergistics2:facade:0, Cable Facade - Block of MOX Fuel
appliedenergistics2:facade:0, Cable Facade - Block of Plutonium
appliedenergistics2:facade:0, Cable Facade - Block of Plutonium-238
appliedenergistics2:facade:0, Cable Facade - Block of Plutonium-239
appliedenergistics2:facade:0, Cable Facade - Block of Plutonium-240
appliedenergistics2:facade:0, Cable Facade - Block of Reactor Grade Plutonium
appliedenergistics2:facade:0, Cable Facade - Block of Plutonium Fuel
appliedenergistics2:facade:0, Cable Facade - Block of Uranium
appliedenergistics2:facade:0, Cable Facade - Block of Uranium-233
appliedenergistics2:facade:0, Cable Facade - Block of Uranium-235
appliedenergistics2:facade:0, Cable Facade - Block of Uranium-238
appliedenergistics2:facade:0, Cable Facade - Block of Uranium Fuel
appliedenergistics2:facade:0, Cable Facade - Block of Titanium
appliedenergistics2:facade:0, Cable Facade - Block of Copper
appliedenergistics2:facade:0, Cable Facade - Block of Red Copper
appliedenergistics2:facade:0, Cable Facade - Block of Advanced Alloy
appliedenergistics2:facade:0, Cable Facade - Block of Tungsten
appliedenergistics2:facade:0, Cable Facade - Block of Aluminium
appliedenergistics2:facade:0, Cable Facade - Block of Fluorite
appliedenergistics2:facade:0, Cable Facade - Block of Steel
appliedenergistics2:facade:0, Cable Facade - Block of Lead
appliedenergistics2:facade:0, Cable Facade - Block of Technetium Steel
appliedenergistics2:facade:0, Cable Facade - Block of Cadmium Steel
appliedenergistics2:facade:0, Cable Facade - Block of Cadmium
appliedenergistics2:facade:0, Cable Facade - Block of Bismuth
appliedenergistics2:facade:0, Cable Facade - Block of Coltan
appliedenergistics2:facade:0, Cable Facade - Block of Tantalium
appliedenergistics2:facade:0, Cable Facade - Block of Niobium
appliedenergistics2:facade:0, Cable Facade - Block of Trinitite
appliedenergistics2:facade:0, Cable Facade - Block of Beryllium
appliedenergistics2:facade:0, Cable Facade - Block of Schraranium
appliedenergistics2:facade:0, Cable Facade - Block of Schrabidium
appliedenergistics2:facade:0, Cable Facade - Block of Ferric Schrabidate
appliedenergistics2:facade:0, Cable Facade - Block of Solinium
appliedenergistics2:facade:0, Cable Facade - Block of Schrabidium Fuel
appliedenergistics2:facade:0, Cable Facade - Block of Gold-198
appliedenergistics2:facade:0, Cable Facade - Block of Euphemium
appliedenergistics2:facade:0, Cable Facade - Block of Dineutronium
appliedenergistics2:facade:0, Cable Facade - Schrabidium Cluster
appliedenergistics2:facade:0, Cable Facade - Euphemium-Etched Schrabidium Cluster
appliedenergistics2:facade:0, Cable Facade - Block of CMB Steel
appliedenergistics2:facade:0, Cable Facade - Block of Magnetized Tungsten
appliedenergistics2:facade:0, Cable Facade - Reinforced Block of Desh
appliedenergistics2:facade:0, Cable Facade - Reinforced Block of High-Speed Steel
appliedenergistics2:facade:0, Cable Facade - Block of Saturnite
appliedenergistics2:facade:0, Cable Facade - Tektite
appliedenergistics2:facade:0, Cable Facade - Osmiridium-Infused Tektite
appliedenergistics2:facade:0, Cable Facade - Scorched Dirt
appliedenergistics2:facade:0, Cable Facade - Crushed Obsidian
appliedenergistics2:facade:0, Cable Facade - Diamond Gravel
appliedenergistics2:facade:0, Cable Facade - Moon Turf
appliedenergistics2:facade:0, Cable Facade - Titanium Deco Block
appliedenergistics2:facade:0, Cable Facade - Red Copper Deco Block
appliedenergistics2:facade:0, Cable Facade - Tungsten Deco Block
appliedenergistics2:facade:0, Cable Facade - Aluminium Deco Block
appliedenergistics2:facade:0, Cable Facade - Steel Deco Block
appliedenergistics2:facade:0, Cable Facade - Rusty Steel Deco Block
appliedenergistics2:facade:0, Cable Facade - Lead Deco Block
appliedenergistics2:facade:0, Cable Facade - Beryllium Deco Block
appliedenergistics2:facade:0, Cable Facade - Asbestos Roof
appliedenergistics2:facade:0, Cable Facade - 2x2 RBMK Deco Block
appliedenergistics2:facade:0, Cable Facade - 1x1 RBMK Deco Block
appliedenergistics2:facade:0, Cable Facade - 2x2 RBMK Panel Deco Block
appliedenergistics2:facade:0, Cable Facade - 1x1 RBMK Panel Deco Block
appliedenergistics2:facade:0, Cable Facade - Hazmat Cloth Block
appliedenergistics2:facade:0, Cable Facade - Glyphid Hive Block
appliedenergistics2:facade:0, Cable Facade - Grown Glowing Shroom
appliedenergistics2:facade:0, Cable Facade - Grown Glowing Shroom Stem
appliedenergistics2:facade:0, Cable Facade - Block of Nuclear Waste
appliedenergistics2:facade:0, Cable Facade - Painted Block of Nuclear Waste
appliedenergistics2:facade:0, Cable Facade - Vitrified Block of Nuclear Waste
appliedenergistics2:facade:0, Cable Facade - Glowing Mycelium
appliedenergistics2:facade:0, Cable Facade - Dead Grass
appliedenergistics2:facade:0, Cable Facade - Trinitite Ore
appliedenergistics2:facade:0, Cable Facade - Red Trinitite Ore
appliedenergistics2:facade:0, Cable Facade - Charred Log
appliedenergistics2:facade:0, Cable Facade - Charred Wooden Planks
appliedenergistics2:facade:0, Cable Facade - Burning Grass
appliedenergistics2:facade:0, Cable Facade - Dead Dirt
appliedenergistics2:facade:0, Cable Facade - Oily Dirt
appliedenergistics2:facade:0, Cable Facade - Oily Sand
appliedenergistics2:facade:0, Cable Facade - Red Oily Sand
appliedenergistics2:facade:0, Cable Facade - Cracked Stone
appliedenergistics2:facade:0, Cable Facade - Frozen Grass
appliedenergistics2:facade:0, Cable Facade - Frozen Log
appliedenergistics2:facade:0, Cable Facade - Frozen Planks
appliedenergistics2:facade:0, Cable Facade - Frozen Dirt
appliedenergistics2:facade:0, Cable Facade - Block of Fallout
appliedenergistics2:facade:0, Cable Facade - Block of Boron
appliedenergistics2:facade:0, Cable Facade - Block of Lanthanium
appliedenergistics2:facade:0, Cable Facade - Block of Radium-226
appliedenergistics2:facade:0, Cable Facade - Block of Actinium
appliedenergistics2:facade:0, Cable Facade - Block of Tritium Cells
appliedenergistics2:facade:0, Cable Facade - Block of Semtex
appliedenergistics2:facade:0, Cable Facade - Block of C-4
appliedenergistics2:facade:0, Cable Facade - Block of S'more
appliedenergistics2:facade:0, Cable Facade - Block of Slag
appliedenergistics2:facade:0, Cable Facade - Slaked Sellafite
appliedenergistics2:facade:0, Cable Facade - Bedrock Sellafite
appliedenergistics2:facade:0, Cable Facade - Sellafite
appliedenergistics2:facade:0, Cable Facade - Block of Yellowcake
appliedenergistics2:facade:0, Cable Facade - §9Block of Starmetal§r
appliedenergistics2:facade:0, Cable Facade - Block of Polymer
appliedenergistics2:facade:0, Cable Facade - Block of Bakelite
appliedenergistics2:facade:0, Cable Facade - Block of Rubber
appliedenergistics2:facade:0, Cable Facade - Block of Asbestos
appliedenergistics2:facade:0, Cable Facade - Firebricks
appliedenergistics2:facade:0, Cable Facade - Block of Cobalt
appliedenergistics2:facade:0, Cable Facade - Block of Lithium
appliedenergistics2:facade:0, Cable Facade - Block of Zirconium
appliedenergistics2:facade:0, Cable Facade - Roll of Insulation
appliedenergistics2:facade:0, Cable Facade - Roll of Fiberglass
appliedenergistics2:facade:0, Cable Facade - Block of White Phosphorus
appliedenergistics2:facade:0, Cable Facade - Block of Red Phosphorus
appliedenergistics2:facade:0, Cable Facade - Foam
appliedenergistics2:facade:0, Cable Facade - Block of Coal Coke
appliedenergistics2:facade:0, Cable Facade - Block of Graphite
appliedenergistics2:facade:0, Cable Facade - Drilled Graphite
appliedenergistics2:facade:0, Cable Facade - Pile Control Rod
appliedenergistics2:facade:0, Cable Facade - Pile Lithium Fuel (Bred)
appliedenergistics2:facade:0, Cable Facade - Block of Australium
appliedenergistics2:facade:0, Cable Facade - Depth Bricks
appliedenergistics2:facade:0, Cable Facade - Depth Tiles
appliedenergistics2:facade:0, Cable Facade - Nether Depth Bricks
appliedenergistics2:facade:0, Cable Facade - Nether Depth Tiles
appliedenergistics2:facade:0, Cable Facade - DNT-Reinforced Depth Bricks
appliedenergistics2:facade:0, Cable Facade - Porous Stone
appliedenergistics2:facade:0, Cable Facade - Basalt
appliedenergistics2:facade:0, Cable Facade - Sulfur-Rich Basalt
appliedenergistics2:facade:0, Cable Facade - Smooth Basalt
appliedenergistics2:facade:0, Cable Facade - Basalt Bricks
appliedenergistics2:facade:0, Cable Facade - Polished Basalt
appliedenergistics2:facade:0, Cable Facade - Basalt Tiles
appliedenergistics2:facade:0, Cable Facade - Block of Nuka Cola Bottle Caps
appliedenergistics2:facade:0, Cable Facade - Dynamite
appliedenergistics2:facade:0, Cable Facade - Actual TNT
appliedenergistics2:facade:0, Cable Facade - Semtex
appliedenergistics2:facade:0, Cable Facade - C-4
appliedenergistics2:facade:0, Cable Facade - Fissure Bomb
appliedenergistics2:facade:0, Cable Facade - Flame War in a Box
appliedenergistics2:facade:0, Cable Facade - Levitation Bomb
appliedenergistics2:facade:0, Cable Facade - EMP Device
appliedenergistics2:facade:0, Cable Facade - Endothermic Bomb
appliedenergistics2:facade:0, Cable Facade - Exothermic Bomb
appliedenergistics2:facade:0, Cable Facade - Det Cord
appliedenergistics2:facade:0, Cable Facade - Mining Charge
appliedenergistics2:facade:0, Cable Facade - Explosive Charge
appliedenergistics2:facade:0, Cable Facade - N² Charge
appliedenergistics2:facade:0, Cable Facade - Nuclear Charge
appliedenergistics2:facade:0, Cable Facade - Balefire Charge
appliedenergistics2:facade:0, Cable Facade - Armor Modification Table
appliedenergistics2:facade:0, Cable Facade - Weapon Modification Table
appliedenergistics2:facade:0, Cable Facade - Ash
appliedenergistics2:facade:0, Cable Facade - Boron Sand
appliedenergistics2:facade:0, Cable Facade - Lead Sand
appliedenergistics2:facade:0, Cable Facade - Uranium Sand
appliedenergistics2:facade:0, Cable Facade - Polonium Sand
appliedenergistics2:facade:0, Cable Facade - Quartz Sand
appliedenergistics2:facade:0, Cable Facade - Gold Sand
appliedenergistics2:facade:0, Cable Facade - Gold-198 Sand
appliedenergistics2:facade:0, Cable Facade - Uranium Glass
appliedenergistics2:facade:0, Cable Facade - Trinity Glass
appliedenergistics2:facade:0, Cable Facade - Polonium Glass
appliedenergistics2:facade:0, Cable Facade - Boron Glass
appliedenergistics2:facade:0, Cable Facade - Lead Glass
appliedenergistics2:facade:0, Cable Facade - Ash Glass
appliedenergistics2:facade:0, Cable Facade - Quartz Glass
appliedenergistics2:facade:0, Cable Facade - Polarized Glass
appliedenergistics2:facade:0, Cable Facade - Silo Hatch Frame
appliedenergistics2:facade:0, Cable Facade - Silo Hatch Opener
appliedenergistics2:facade:0, Cable Facade - Supply Crate
appliedenergistics2:facade:0, Cable Facade - Weapon Crate
appliedenergistics2:facade:0, Cable Facade - Hazmat Crate
appliedenergistics2:facade:0, Cable Facade - Machine Crate
appliedenergistics2:facade:0, Cable Facade - Red Crate
appliedenergistics2:facade:0, Cable Facade - Enargite Crate
appliedenergistics2:facade:0, Cable Facade - Starmetal Crate
appliedenergistics2:facade:0, Cable Facade - Hbm's Nuclear Tech Mod Manual [LEGACY]
appliedenergistics2:facade:0, Cable Facade - 10k-20Hz Transformer
appliedenergistics2:facade:0, Cable Facade - 10k-1Hz Transformer
appliedenergistics2:facade:0, Cable Facade - DNT-20Hz Transformer
appliedenergistics2:facade:0, Cable Facade - DNT-1Hz Transformer
appliedenergistics2:facade:0, Cable Facade - Burner Press Preheater
appliedenergistics2:facade:0, Cable Facade - Nuclear Reactor (Old)
appliedenergistics2:facade:0, Cable Facade - RBMK Steam Connector
appliedenergistics2:facade:0, Cable Facade - RBMK Debris
appliedenergistics2:facade:0, Cable Facade - Flaming RBMK Debris
appliedenergistics2:facade:0, Cable Facade - Smoldering RBMK Debris
appliedenergistics2:facade:0, Cable Facade - Blackened RBMK Debris
appliedenergistics2:facade:0, Cable Facade - Corium
appliedenergistics2:facade:0, Cable Facade - Corebblestone
appliedenergistics2:facade:0, Cable Facade - Crude Oil Extraction Pipe
appliedenergistics2:facade:0, Cable Facade - Drill Pipe
appliedenergistics2:facade:0, Cable Facade - Teleportation Anchor
appliedenergistics2:facade:0, Cable Facade - High Energy Field Jammer
appliedenergistics2:facade:0, Cable Facade - Capacitor Bus
appliedenergistics2:facade:0, Cable Facade - Muffler
appliedenergistics2:facade:0, Cable Facade - Launch Pad Component Block
appliedenergistics2:facade:0, Cable Facade - Launch Pad Scaffold Block
appliedenergistics2:facade:0, Cable Facade - PWR Fuel Rod
appliedenergistics2:facade:0, Cable Facade - PWR Control Rod
appliedenergistics2:facade:0, Cable Facade - PWR Coolant Channel
appliedenergistics2:facade:0, Cable Facade - PWR Heat Exchanger
appliedenergistics2:facade:0, Cable Facade - PWR Heatsink
appliedenergistics2:facade:0, Cable Facade - PWR Neutron Source
appliedenergistics2:facade:0, Cable Facade - PWR Neutron Reflector
appliedenergistics2:facade:0, Cable Facade - PWR Pressure Vessel
appliedenergistics2:facade:0, Cable Facade - PWR Access Port
appliedenergistics2:facade:0, Cable Facade - Plasma Heater Component
appliedenergistics2:facade:0, Cable Facade - Duct Deco Block
appliedenergistics2:facade:0, Cable Facade - Fusion Reactor Control
appliedenergistics2:facade:0, Cable Facade - Superconducting BSCCO Coils
appliedenergistics2:facade:0, Cable Facade - ICF Stability Element
appliedenergistics2:facade:0, Cable Facade - ICF Laser Casing
appliedenergistics2:facade:0, Cable Facade - Watz Reaction Chamber
appliedenergistics2:facade:0, Cable Facade - Watz Reactor Supercooler
appliedenergistics2:facade:0, Cable Facade - Watz Stability Element
appliedenergistics2:facade:0, Cable Facade - Particle Accelerator Plating
appliedenergistics2:facade:0, Cable Facade - Particle Accelerator Plating (Blue)
appliedenergistics2:facade:0, Cable Facade - Particle Accelerator Plating (Black)
appliedenergistics2:facade:0, Cable Facade - Particle Accelerator Plating (YelloDye)
appliedenergistics2:facade:0, Cable Facade - Particle Accelerator Plating (Cool Hazard Stripes)
appliedenergistics2:facade:0, Cable Facade - Particle Accelerator Plating (VOLTZ)
appliedenergistics2:facade:0, Cable Facade - Particle Accelerator Plating (Window)
appliedenergistics2:facade:0, Cable Facade - Dense Superconducting Coil
appliedenergistics2:facade:0, Cable Facade - Dense Gold Coil
appliedenergistics2:facade:0, Cable Facade - Dense Neodymium Coil
appliedenergistics2:facade:0, Cable Facade - Dense 4000K Superconductor Coil
appliedenergistics2:facade:0, Cable Facade - Dense Schrabidic Coil
appliedenergistics2:facade:0, Cable Facade - Dense Schrabidate Coil
appliedenergistics2:facade:0, Cable Facade - Dense Starmetal Coil
appliedenergistics2:facade:0, Cable Facade - Dense Chlorophyte Coil
appliedenergistics2:facade:0, Cable Facade - Dense Mese Coil
appliedenergistics2:facade:0, Cable Facade - Particle Accelerator Analysis Chamber Wall
appliedenergistics2:facade:0, Cable Facade - Particle Accelerator Analysis Chamber Window
appliedenergistics2:facade:0, Cable Facade - Radiation Absorber
appliedenergistics2:facade:0, Cable Facade - Radiation Absorber (LEGACY)
appliedenergistics2:facade:0, Cable Facade - Enhanced Radiation Absorber (LEGACY)
appliedenergistics2:facade:0, Cable Facade - Advanced Radiation Absorber (LEGACY)
appliedenergistics2:facade:0, Cable Facade - Elite Radiation Absorber (LEGACY)
appliedenergistics2:facade:0, Cable Facade - Taint
appliedenergistics2:facade:0, Cable Facade - Cloud Residue
appliedenergistics2:facade:0, Cable Facade - Sulfurous Stone
appliedenergistics2:facade:0, Cable Facade - Ancient Scrap Metal
appliedenergistics2:facade:0, Cable Facade - Dirt
appliedenergistics2:facade:0, Cable Facade - Pink Log
appliedenergistics2:facade:0, Cable Facade - Pink Wood Planks
appliedenergistics2:crystal_seed:0, Certus Quartz Seed
appliedenergistics2:crystal_seed:600, Nether Quartz Seed
appliedenergistics2:crystal_seed:1200, Fluix Seed
appliedenergistics2:crystal_seed:0, Certus Quartz Seed
appliedenergistics2:crystal_seed:600, Nether Quartz Seed
appliedenergistics2:crystal_seed:1200, Fluix Seed
appliedenergistics2:crystal_seed:0, Certus Quartz Seed
appliedenergistics2:crystal_seed:600, Nether Quartz Seed
appliedenergistics2:crystal_seed:1200, Fluix Seed
appliedenergistics2:encoded_pattern, Encoded Pattern
appliedenergistics2:paint_ball:0, Paint Ball - White
appliedenergistics2:paint_ball:1, Paint Ball - Orange
appliedenergistics2:paint_ball:2, Paint Ball - Magenta
appliedenergistics2:paint_ball:3, Paint Ball - Light Blue
appliedenergistics2:paint_ball:4, Paint Ball - Yellow
appliedenergistics2:paint_ball:5, Paint Ball - Lime
appliedenergistics2:paint_ball:6, Paint Ball - Pink
appliedenergistics2:paint_ball:7, Paint Ball - Gray
appliedenergistics2:paint_ball:8, Paint Ball - Light Gray
appliedenergistics2:paint_ball:9, Paint Ball - Cyan
appliedenergistics2:paint_ball:10, Paint Ball - Purple
appliedenergistics2:paint_ball:11, Paint Ball - Blue
appliedenergistics2:paint_ball:12, Paint Ball - Brown
appliedenergistics2:paint_ball:13, Paint Ball - Green
appliedenergistics2:paint_ball:14, Paint Ball - Red
appliedenergistics2:paint_ball:15, Paint Ball - Black
appliedenergistics2:paint_ball:20, Paint Ball - Lumen White
appliedenergistics2:paint_ball:21, Paint Ball - Lumen Orange
appliedenergistics2:paint_ball:22, Paint Ball - Lumen Magenta
appliedenergistics2:paint_ball:23, Paint Ball - Lumen Light Blue
appliedenergistics2:paint_ball:24, Paint Ball - Lumen Yellow
appliedenergistics2:paint_ball:25, Paint Ball - Lumen Lime
appliedenergistics2:paint_ball:26, Paint Ball - Lumen Pink
appliedenergistics2:paint_ball:27, Paint Ball - Lumen Gray
appliedenergistics2:paint_ball:28, Paint Ball - Lumen Light Gray
appliedenergistics2:paint_ball:29, Paint Ball - Lumen Cyan
appliedenergistics2:paint_ball:30, Paint Ball - Lumen Purple
appliedenergistics2:paint_ball:31, Paint Ball - Lumen Blue
appliedenergistics2:paint_ball:32, Paint Ball - Lumen Brown
appliedenergistics2:paint_ball:33, Paint Ball - Lumen Green
appliedenergistics2:paint_ball:34, Paint Ball - Lumen Red
appliedenergistics2:paint_ball:35, Paint Ball - Lumen Black
appliedenergistics2:dummy_fluid_item, item.appliedenergistics2.dummy_fluid_item.name
appliedenergistics2:material:28, Advanced Card
appliedenergistics2:material:44, Annihilation Core
appliedenergistics2:material:25, Basic Card
appliedenergistics2:material:52, Blank Pattern
appliedenergistics2:material:23, Calculation Processor
appliedenergistics2:material:13, Inscriber Calculation Press
appliedenergistics2:material:16, Printed Calculation Circuit
appliedenergistics2:material:27, Capacity Card
appliedenergistics2:material:53, Crafting Card
appliedenergistics2:material:29, Fuzzy Card
appliedenergistics2:material:31, Inverter Card
appliedenergistics2:material:26, Redstone Card
appliedenergistics2:material:30, Acceleration Card
appliedenergistics2:material:34, 128³ Spatial Component
appliedenergistics2:material:37, 16k ME Storage Component
appliedenergistics2:material:33, 16³ Spatial Component
appliedenergistics2:material:35, 1k ME Storage Component
appliedenergistics2:material:32, 2³ Spatial Component
appliedenergistics2:material:36, 4k ME Storage Component
appliedenergistics2:material:38, 64k ME Storage Component
appliedenergistics2:material:0, Certus Quartz Crystal
appliedenergistics2:material:1, Charged Certus Quartz Crystal
appliedenergistics2:material:2, Certus Quartz Dust
appliedenergistics2:material:39, ME Storage Housing
appliedenergistics2:material:46, Ender Dust
appliedenergistics2:material:24, Engineering Processor
appliedenergistics2:material:14, Inscriber Engineering Press
appliedenergistics2:material:17, Printed Engineering Circuit
appliedenergistics2:material:4, Flour
appliedenergistics2:material:56, 16k ME Fluid Storage Component
appliedenergistics2:material:54, 1k ME Fluid Storage Component
appliedenergistics2:material:55, 4k ME Fluid Storage Component
appliedenergistics2:material:57, 64k ME Fluid Storage Component
appliedenergistics2:material:7, Fluix Crystal
appliedenergistics2:material:8, Fluix Dust
appliedenergistics2:material:9, Fluix Pearl
appliedenergistics2:material:43, Formation Core
appliedenergistics2:material:51, Gold Dust
appliedenergistics2:material:49, Iron Dust
appliedenergistics2:material:22, Logic Processor
appliedenergistics2:material:15, Inscriber Logic Press
appliedenergistics2:material:18, Printed Logic Circuit
appliedenergistics2:material:6, Matter Ball
appliedenergistics2:material:21, Inscriber Name Press
appliedenergistics2:material:3, Nether Quartz Dust
appliedenergistics2:material:10, Pure Certus Quartz Crystal
appliedenergistics2:material:12, Pure Fluix Crystal
appliedenergistics2:material:11, Pure Nether Quartz Crystal
appliedenergistics2:material:48, Quantum Entangled Singularity
appliedenergistics2:material:5, Silicon
appliedenergistics2:material:19, Inscriber Silicon Press
appliedenergistics2:material:20, Printed Silicon
appliedenergistics2:material:47, Singularity
appliedenergistics2:material:45, Sky Stone Dust
appliedenergistics2:material:41, Wireless Receiver
appliedenergistics2:material:42, Wireless Booster
appliedenergistics2:material:40, Wooden Gear
appliedenergistics2:part:300, ME Annihilation Plane
appliedenergistics2:part:120, Cable Anchor
appliedenergistics2:part:20, ME Covered Cable - White
appliedenergistics2:part:21, ME Covered Cable - Orange
appliedenergistics2:part:22, ME Covered Cable - Magenta
appliedenergistics2:part:23, ME Covered Cable - Light Blue
appliedenergistics2:part:24, ME Covered Cable - Yellow
appliedenergistics2:part:25, ME Covered Cable - Lime
appliedenergistics2:part:26, ME Covered Cable - Pink
appliedenergistics2:part:27, ME Covered Cable - Gray
appliedenergistics2:part:28, ME Covered Cable - Light Gray
appliedenergistics2:part:29, ME Covered Cable - Cyan
appliedenergistics2:part:30, ME Covered Cable - Purple
appliedenergistics2:part:31, ME Covered Cable - Blue
appliedenergistics2:part:32, ME Covered Cable - Brown
appliedenergistics2:part:33, ME Covered Cable - Green
appliedenergistics2:part:34, ME Covered Cable - Red
appliedenergistics2:part:35, ME Covered Cable - Black
appliedenergistics2:part:36, ME Covered Cable - Fluix
appliedenergistics2:part:500, ME Dense Covered Cable - White
appliedenergistics2:part:501, ME Dense Covered Cable - Orange
appliedenergistics2:part:502, ME Dense Covered Cable - Magenta
appliedenergistics2:part:503, ME Dense Covered Cable - Light Blue
appliedenergistics2:part:504, ME Dense Covered Cable - Yellow
appliedenergistics2:part:505, ME Dense Covered Cable - Lime
appliedenergistics2:part:506, ME Dense Covered Cable - Pink
appliedenergistics2:part:507, ME Dense Covered Cable - Gray
appliedenergistics2:part:508, ME Dense Covered Cable - Light Gray
appliedenergistics2:part:509, ME Dense Covered Cable - Cyan
appliedenergistics2:part:510, ME Dense Covered Cable - Purple
appliedenergistics2:part:511, ME Dense Covered Cable - Blue
appliedenergistics2:part:512, ME Dense Covered Cable - Brown
appliedenergistics2:part:513, ME Dense Covered Cable - Green
appliedenergistics2:part:514, ME Dense Covered Cable - Red
appliedenergistics2:part:515, ME Dense Covered Cable - Black
appliedenergistics2:part:516, ME Dense Covered Cable - Fluix
appliedenergistics2:part:60, ME Dense Smart Cable - White
appliedenergistics2:part:61, ME Dense Smart Cable - Orange
appliedenergistics2:part:62, ME Dense Smart Cable - Magenta
appliedenergistics2:part:63, ME Dense Smart Cable - Light Blue
appliedenergistics2:part:64, ME Dense Smart Cable - Yellow
appliedenergistics2:part:65, ME Dense Smart Cable - Lime
appliedenergistics2:part:66, ME Dense Smart Cable - Pink
appliedenergistics2:part:67, ME Dense Smart Cable - Gray
appliedenergistics2:part:68, ME Dense Smart Cable - Light Gray
appliedenergistics2:part:69, ME Dense Smart Cable - Cyan
appliedenergistics2:part:70, ME Dense Smart Cable - Purple
appliedenergistics2:part:71, ME Dense Smart Cable - Blue
appliedenergistics2:part:72, ME Dense Smart Cable - Brown
appliedenergistics2:part:73, ME Dense Smart Cable - Green
appliedenergistics2:part:74, ME Dense Smart Cable - Red
appliedenergistics2:part:75, ME Dense Smart Cable - Black
appliedenergistics2:part:76, ME Dense Smart Cable - Fluix
appliedenergistics2:part:0, ME Glass Cable - White
appliedenergistics2:part:1, ME Glass Cable - Orange
appliedenergistics2:part:2, ME Glass Cable - Magenta
appliedenergistics2:part:3, ME Glass Cable - Light Blue
appliedenergistics2:part:4, ME Glass Cable - Yellow
appliedenergistics2:part:5, ME Glass Cable - Lime
appliedenergistics2:part:6, ME Glass Cable - Pink
appliedenergistics2:part:7, ME Glass Cable - Gray
appliedenergistics2:part:8, ME Glass Cable - Light Gray
appliedenergistics2:part:9, ME Glass Cable - Cyan
appliedenergistics2:part:10, ME Glass Cable - Purple
appliedenergistics2:part:11, ME Glass Cable - Blue
appliedenergistics2:part:12, ME Glass Cable - Brown
appliedenergistics2:part:13, ME Glass Cable - Green
appliedenergistics2:part:14, ME Glass Cable - Red
appliedenergistics2:part:15, ME Glass Cable - Black
appliedenergistics2:part:16, ME Glass Cable - Fluix
appliedenergistics2:part:40, ME Smart Cable - White
appliedenergistics2:part:41, ME Smart Cable - Orange
appliedenergistics2:part:42, ME Smart Cable - Magenta
appliedenergistics2:part:43, ME Smart Cable - Light Blue
appliedenergistics2:part:44, ME Smart Cable - Yellow
appliedenergistics2:part:45, ME Smart Cable - Lime
appliedenergistics2:part:46, ME Smart Cable - Pink
appliedenergistics2:part:47, ME Smart Cable - Gray
appliedenergistics2:part:48, ME Smart Cable - Light Gray
appliedenergistics2:part:49, ME Smart Cable - Cyan
appliedenergistics2:part:50, ME Smart Cable - Purple
appliedenergistics2:part:51, ME Smart Cable - Blue
appliedenergistics2:part:52, ME Smart Cable - Brown
appliedenergistics2:part:53, ME Smart Cable - Green
appliedenergistics2:part:54, ME Smart Cable - Red
appliedenergistics2:part:55, ME Smart Cable - Black
appliedenergistics2:part:56, ME Smart Cable - Fluix
appliedenergistics2:part:420, ME Conversion Monitor
appliedenergistics2:part:360, ME Crafting Terminal
appliedenergistics2:part:200, Dark Illuminated Panel
appliedenergistics2:part:260, ME Export Bus
appliedenergistics2:part:302, ME Fluid Annihilation Plane
appliedenergistics2:part:261, ME Fluid Export Bus
appliedenergistics2:part:321, ME Fluid Formation Plane
appliedenergistics2:part:241, ME Fluid Import Bus
appliedenergistics2:part:441, ME Fluid Interface
appliedenergistics2:part:281, ME Fluid Level Emitter
appliedenergistics2:part:221, ME Fluid Storage Bus
appliedenergistics2:part:520, ME Fluid Terminal
appliedenergistics2:part:320, ME Formation Plane
appliedenergistics2:part:301, ME Identity Annihilation Plane
appliedenergistics2:part:240, ME Import Bus
appliedenergistics2:part:440, ME Interface
appliedenergistics2:part:480, ME Interface Terminal
appliedenergistics2:part:100, ME Inverted Toggle Bus
appliedenergistics2:part:280, ME Level Emitter
appliedenergistics2:part:160, Bright Illuminated Panel
appliedenergistics2:part:469, P2P Tunnel - FE
appliedenergistics2:part:463, P2P Tunnel - Fluid
appliedenergistics2:part:462, P2P Tunnel - Item
appliedenergistics2:part:467, P2P Tunnel - Light
appliedenergistics2:part:460, P2P Tunnel - ME
appliedenergistics2:part:461, P2P Tunnel - Redstone
appliedenergistics2:part:340, ME Pattern Terminal
appliedenergistics2:part:140, Quartz Fiber
appliedenergistics2:part:180, Illuminated Panel
appliedenergistics2:part:220, ME Storage Bus
appliedenergistics2:part:400, ME Storage Monitor
appliedenergistics2:part:380, ME Terminal
appliedenergistics2:part:80, ME Toggle Bus
betterquesting:placeholder, Item Placeholder
betterquesting:extra_life:0, Extra Life
betterquesting:extra_life:1, Half Heart
betterquesting:extra_life:2, Quarter Heart
betterquesting:guide_book, Better Questing Starter Guide
betterquesting:submit_station, Object Submission Station (OSS)
camera:camera, Camera
camera:image, Image
camera:image_frame, Image Frame
camera:album, Album
deepmoblearning:polymer_clay, Polymer Clay
deepmoblearning:data_model_blank, Blank Data Model
deepmoblearning:deep_learner, Deep Learner
deepmoblearning:creative_model_learner, Creative Model Learner
deepmoblearning:soot_covered_redstone, Soot-covered Redstone
deepmoblearning:soot_covered_plate, Soot-covered Plate
deepmoblearning:glitch_infused_ingot, Glitch Infused Ingot
deepmoblearning:glitch_fragment, Unstable Glitch Fragment
deepmoblearning:glitch_heart, Corrupted Glitch Heart
deepmoblearning:trial_key, Trial Key
deepmoblearning:glitch_infused_helmet, Glitch Infused Helmet
deepmoblearning:glitch_infused_chestplate, Glitch Infused Chestplate
deepmoblearning:glitch_infused_leggings, Glitch Infused Leggings
deepmoblearning:glitch_infused_boots, Glitch Infused Greaves
deepmoblearning:glitch_infused_sword, Glitch Infused Sword
deepmoblearning:living_matter_overworldian, item.deepmoblearning.living_matter_overworldian.name
deepmoblearning:living_matter_hellish, item.deepmoblearning.living_matter_hellish.name
deepmoblearning:living_matter_extraterrestrial, item.deepmoblearning.living_matter_extraterrestrial.name
deepmoblearning:living_matter_twilight, item.deepmoblearning.living_matter_twilight.name
deepmoblearning:data_model_blaze, item.deepmoblearning.data_model_blaze.name
deepmoblearning:data_model_creeper, item.deepmoblearning.data_model_creeper.name
deepmoblearning:data_model_dragon, item.deepmoblearning.data_model_dragon.name
deepmoblearning:data_model_enderman, item.deepmoblearning.data_model_enderman.name
deepmoblearning:data_model_ghast, item.deepmoblearning.data_model_ghast.name
deepmoblearning:data_model_guardian, item.deepmoblearning.data_model_guardian.name
deepmoblearning:data_model_shulker, item.deepmoblearning.data_model_shulker.name
deepmoblearning:data_model_skeleton, item.deepmoblearning.data_model_skeleton.name
deepmoblearning:data_model_slime, item.deepmoblearning.data_model_slime.name
deepmoblearning:data_model_spider, item.deepmoblearning.data_model_spider.name
deepmoblearning:data_model_witch, item.deepmoblearning.data_model_witch.name
deepmoblearning:data_model_wither, item.deepmoblearning.data_model_wither.name
deepmoblearning:data_model_wither_skeleton, item.deepmoblearning.data_model_wither_skeleton.name
deepmoblearning:data_model_zombie, item.deepmoblearning.data_model_zombie.name
deepmoblearning:data_model_thermal_elemental, item.deepmoblearning.data_model_thermal_elemental.name
deepmoblearning:data_model_twilight_forest, item.deepmoblearning.data_model_twilight_forest.name
deepmoblearning:data_model_twilight_swamp, item.deepmoblearning.data_model_twilight_swamp.name
deepmoblearning:data_model_twilight_glacier, item.deepmoblearning.data_model_twilight_glacier.name
deepmoblearning:data_model_twilight_darkwood, item.deepmoblearning.data_model_twilight_darkwood.name
deepmoblearning:data_model_tinker_slime, item.deepmoblearning.data_model_tinker_slime.name
deepmoblearning:data_model_mo_android, item.deepmoblearning.data_model_mo_android.name
deepmoblearning:pristine_matter_blaze, item.deepmoblearning.pristine_matter_blaze.name
deepmoblearning:pristine_matter_creeper, item.deepmoblearning.pristine_matter_creeper.name
deepmoblearning:pristine_matter_dragon, item.deepmoblearning.pristine_matter_dragon.name
deepmoblearning:pristine_matter_enderman, item.deepmoblearning.pristine_matter_enderman.name
deepmoblearning:pristine_matter_ghast, item.deepmoblearning.pristine_matter_ghast.name
deepmoblearning:pristine_matter_guardian, item.deepmoblearning.pristine_matter_guardian.name
deepmoblearning:pristine_matter_shulker, item.deepmoblearning.pristine_matter_shulker.name
deepmoblearning:pristine_matter_skeleton, item.deepmoblearning.pristine_matter_skeleton.name
deepmoblearning:pristine_matter_slime, item.deepmoblearning.pristine_matter_slime.name
deepmoblearning:pristine_matter_spider, item.deepmoblearning.pristine_matter_spider.name
deepmoblearning:pristine_matter_witch, item.deepmoblearning.pristine_matter_witch.name
deepmoblearning:pristine_matter_wither, item.deepmoblearning.pristine_matter_wither.name
deepmoblearning:pristine_matter_wither_skeleton, item.deepmoblearning.pristine_matter_wither_skeleton.name
deepmoblearning:pristine_matter_zombie, item.deepmoblearning.pristine_matter_zombie.name
deepmoblearning:pristine_matter_thermal_elemental, item.deepmoblearning.pristine_matter_thermal_elemental.name
deepmoblearning:pristine_matter_twilight_forest, item.deepmoblearning.pristine_matter_twilight_forest.name
deepmoblearning:pristine_matter_twilight_swamp, item.deepmoblearning.pristine_matter_twilight_swamp.name
deepmoblearning:pristine_matter_twilight_glacier, item.deepmoblearning.pristine_matter_twilight_glacier.name
deepmoblearning:pristine_matter_twilight_darkwood, item.deepmoblearning.pristine_matter_twilight_darkwood.name
deepmoblearning:pristine_matter_tinker_slime, item.deepmoblearning.pristine_matter_tinker_slime.name
deepmoblearning:pristine_matter_mo_android, item.deepmoblearning.pristine_matter_mo_android.name
deepmoblearning:infused_ingot_block, Glitch Infused Block
deepmoblearning:machine_casing, Soot-covered Machine Casing
deepmoblearning:simulation_chamber, Simulation Chamber
deepmoblearning:extraction_chamber, Loot Fabricator
deepmoblearning:trial_keystone, Trial Keystone
ironchest:iron_gold_chest_upgrade, Iron to Gold Chest Upgrade
ironchest:gold_diamond_chest_upgrade, Gold to Diamond Chest Upgrade
ironchest:copper_silver_chest_upgrade, Copper to Silver Chest Upgrade
ironchest:silver_gold_chest_upgrade, Silver to Gold Chest Upgrade
ironchest:copper_iron_chest_upgrade, Copper to Iron Chest Upgrade
ironchest:diamond_crystal_chest_upgrade, Diamond to Crystal Chest Upgrade
ironchest:wood_iron_chest_upgrade, Wood to Iron Chest Upgrade
ironchest:wood_copper_chest_upgrade, Wood to Copper Chest Upgrade
ironchest:diamond_obsidian_chest_upgrade, Diamond to Obsidian Chest Upgrade
ironchest:iron_gold_shulker_upgrade, Iron to Gold Shulker Box Upgrade
ironchest:gold_diamond_shulker_upgrade, Gold to Diamond Shulker Box Upgrade
ironchest:copper_silver_shulker_upgrade, Copper to Silver Shulker Box Upgrade
ironchest:silver_gold_shulker_upgrade, Silver to Gold Shulker Box Upgrade
ironchest:copper_iron_shulker_upgrade, Copper to Iron Shulker Box Upgrade
ironchest:diamond_crystal_shulker_upgrade, Diamond to Crystal Shulker Box Upgrade
ironchest:vanilla_iron_shulker_upgrade, Vanilla to Iron Shulker Box Upgrade
ironchest:vanilla_copper_shulker_upgrade, Vanilla to Copper Shulker Box Upgrade
ironchest:diamond_obsidian_shulker_upgrade, Diamond to Obsidian Shulker Box Upgrade
ironchest:iron_chest:0, Iron Chest
ironchest:iron_chest:1, Gold Chest
ironchest:iron_chest:2, Diamond Chest
ironchest:iron_chest:3, Copper Chest
ironchest:iron_chest:4, Silver Chest
ironchest:iron_chest:5, Crystal Chest
ironchest:iron_chest:6, Obsidian Chest
ironchest:iron_chest:7, DirtChest 9000!
ironchest:iron_shulker_box_white:0, White Iron Shulker Box
ironchest:iron_shulker_box_white:1, White Gold Shulker Box
ironchest:iron_shulker_box_white:2, White Diamond Shulker Box
ironchest:iron_shulker_box_white:3, White Copper Shulker Box
ironchest:iron_shulker_box_white:4, White Silver Shulker Box
ironchest:iron_shulker_box_white:5, White Crystal Shulker Box
ironchest:iron_shulker_box_white:6, White Obsidian Shulker Box
ironchest:iron_shulker_box_orange:0, Orange Iron Shulker Box
ironchest:iron_shulker_box_orange:1, Orange Gold Shulker Box
ironchest:iron_shulker_box_orange:2, Orange Diamond Shulker Box
ironchest:iron_shulker_box_orange:3, Orange Copper Shulker Box
ironchest:iron_shulker_box_orange:4, Orange Silver Shulker Box
ironchest:iron_shulker_box_orange:5, Orange Crystal Shulker Box
ironchest:iron_shulker_box_orange:6, Orange Obsidian Shulker Box
ironchest:iron_shulker_box_magenta:0, Magenta Iron Shulker Box
ironchest:iron_shulker_box_magenta:1, Magenta Gold Shulker Box
ironchest:iron_shulker_box_magenta:2, Magenta Diamond Shulker Box
ironchest:iron_shulker_box_magenta:3, Magenta Copper Shulker Box
ironchest:iron_shulker_box_magenta:4, Magenta Silver Shulker Box
ironchest:iron_shulker_box_magenta:5, Magenta Crystal Shulker Box
ironchest:iron_shulker_box_magenta:6, Magenta Obsidian Shulker Box
ironchest:iron_shulker_box_light_blue:0, Light Blue Iron Shulker Box
ironchest:iron_shulker_box_light_blue:1, Light Blue Gold Shulker Box
ironchest:iron_shulker_box_light_blue:2, Light Blue Diamond Shulker Box
ironchest:iron_shulker_box_light_blue:3, Light Blue Copper Shulker Box
ironchest:iron_shulker_box_light_blue:4, Light Blue Silver Shulker Box
ironchest:iron_shulker_box_light_blue:5, Light Blue Crystal Shulker Box
ironchest:iron_shulker_box_light_blue:6, Light Blue Obsidian Shulker Box
ironchest:iron_shulker_box_yellow:0, Yellow Iron Shulker Box
ironchest:iron_shulker_box_yellow:1, Yellow Gold Shulker Box
ironchest:iron_shulker_box_yellow:2, Yellow Diamond Shulker Box
ironchest:iron_shulker_box_yellow:3, Yellow Copper Shulker Box
ironchest:iron_shulker_box_yellow:4, Yellow Silver Shulker Box
ironchest:iron_shulker_box_yellow:5, Yellow Crystal Shulker Box
ironchest:iron_shulker_box_yellow:6, Yellow Obsidian Shulker Box
ironchest:iron_shulker_box_lime:0, Lime Iron Shulker Box
ironchest:iron_shulker_box_lime:1, Lime Gold Shulker Box
ironchest:iron_shulker_box_lime:2, Lime Diamond Shulker Box
ironchest:iron_shulker_box_lime:3, Lime Copper Shulker Box
ironchest:iron_shulker_box_lime:4, Lime Silver Shulker Box
ironchest:iron_shulker_box_lime:5, Lime Crystal Shulker Box
ironchest:iron_shulker_box_lime:6, Lime Obsidian Shulker Box
ironchest:iron_shulker_box_pink:0, Pink Iron Shulker Box
ironchest:iron_shulker_box_pink:1, Pink Gold Shulker Box
ironchest:iron_shulker_box_pink:2, Pink Diamond Shulker Box
ironchest:iron_shulker_box_pink:3, Pink Copper Shulker Box
ironchest:iron_shulker_box_pink:4, Pink Silver Shulker Box
ironchest:iron_shulker_box_pink:5, Pink Crystal Shulker Box
ironchest:iron_shulker_box_pink:6, Pink Obsidian Shulker Box
ironchest:iron_shulker_box_gray:0, Gray Iron Shulker Box
ironchest:iron_shulker_box_gray:1, Gray Gold Shulker Box
ironchest:iron_shulker_box_gray:2, Gray Diamond Shulker Box
ironchest:iron_shulker_box_gray:3, Gray Copper Shulker Box
ironchest:iron_shulker_box_gray:4, Gray Silver Shulker Box
ironchest:iron_shulker_box_gray:5, Gray Crystal Shulker Box
ironchest:iron_shulker_box_gray:6, Gray Obsidian Shulker Box
ironchest:iron_shulker_box_silver:0, Light Gray Iron Shulker Box
ironchest:iron_shulker_box_silver:1, Light Gray Gold Shulker Box
ironchest:iron_shulker_box_silver:2, Light Gray Diamond Shulker Box
ironchest:iron_shulker_box_silver:3, Light Gray Copper Shulker Box
ironchest:iron_shulker_box_silver:4, Light Gray Silver Shulker Box
ironchest:iron_shulker_box_silver:5, Light Gray Crystal Shulker Box
ironchest:iron_shulker_box_silver:6, Light Gray Obsidian Shulker Box
ironchest:iron_shulker_box_cyan:0, Cyan Iron Shulker Box
ironchest:iron_shulker_box_cyan:1, Cyan Gold Shulker Box
ironchest:iron_shulker_box_cyan:2, Cyan Diamond Shulker Box
ironchest:iron_shulker_box_cyan:3, Cyan Copper Shulker Box
ironchest:iron_shulker_box_cyan:4, Cyan Silver Shulker Box
ironchest:iron_shulker_box_cyan:5, Cyan Crystal Shulker Box
ironchest:iron_shulker_box_cyan:6, Cyan Obsidian Shulker Box
ironchest:iron_shulker_box_purple:0, Purple Iron Shulker Box
ironchest:iron_shulker_box_purple:1, Purple Gold Shulker Box
ironchest:iron_shulker_box_purple:2, Purple Diamond Shulker Box
ironchest:iron_shulker_box_purple:3, Purple Copper Shulker Box
ironchest:iron_shulker_box_purple:4, Purple Silver Shulker Box
ironchest:iron_shulker_box_purple:5, Purple Crystal Shulker Box
ironchest:iron_shulker_box_purple:6, Purple Obsidian Shulker Box
ironchest:iron_shulker_box_blue:0, Blue Iron Shulker Box
ironchest:iron_shulker_box_blue:1, Blue Gold Shulker Box
ironchest:iron_shulker_box_blue:2, Blue Diamond Shulker Box
ironchest:iron_shulker_box_blue:3, Blue Copper Shulker Box
ironchest:iron_shulker_box_blue:4, Blue Silver Shulker Box
ironchest:iron_shulker_box_blue:5, Blue Crystal Shulker Box
ironchest:iron_shulker_box_blue:6, Blue Obsidian Shulker Box
ironchest:iron_shulker_box_brown:0, Brown Iron Shulker Box
ironchest:iron_shulker_box_brown:1, Brown Gold Shulker Box
ironchest:iron_shulker_box_brown:2, Brown Diamond Shulker Box
ironchest:iron_shulker_box_brown:3, Brown Copper Shulker Box
ironchest:iron_shulker_box_brown:4, Brown Silver Shulker Box
ironchest:iron_shulker_box_brown:5, Brown Crystal Shulker Box
ironchest:iron_shulker_box_brown:6, Brown Obsidian Shulker Box
ironchest:iron_shulker_box_green:0, Green Iron Shulker Box
ironchest:iron_shulker_box_green:1, Green Gold Shulker Box
ironchest:iron_shulker_box_green:2, Green Diamond Shulker Box
ironchest:iron_shulker_box_green:3, Green Copper Shulker Box
ironchest:iron_shulker_box_green:4, Green Silver Shulker Box
ironchest:iron_shulker_box_green:5, Green Crystal Shulker Box
ironchest:iron_shulker_box_green:6, Green Obsidian Shulker Box
ironchest:iron_shulker_box_red:0, Red Iron Shulker Box
ironchest:iron_shulker_box_red:1, Red Gold Shulker Box
ironchest:iron_shulker_box_red:2, Red Diamond Shulker Box
ironchest:iron_shulker_box_red:3, Red Copper Shulker Box
ironchest:iron_shulker_box_red:4, Red Silver Shulker Box
ironchest:iron_shulker_box_red:5, Red Crystal Shulker Box
ironchest:iron_shulker_box_red:6, Red Obsidian Shulker Box
ironchest:iron_shulker_box_black:0, Black Iron Shulker Box
ironchest:iron_shulker_box_black:1, Black Gold Shulker Box
ironchest:iron_shulker_box_black:2, Black Diamond Shulker Box
ironchest:iron_shulker_box_black:3, Black Copper Shulker Box
ironchest:iron_shulker_box_black:4, Black Silver Shulker Box
ironchest:iron_shulker_box_black:5, Black Crystal Shulker Box
ironchest:iron_shulker_box_black:6, Black Obsidian Shulker Box
srparasites:infested_furnace, Infested Furnace
srparasites:parasiterubbleslabhalf:0, Concentrated Flesh Slab
srparasites:parasiterubbleslabhalf:1, Fortified Bone Slab
srparasites:parasiterubbleslabhalf:2, Hivestone Slab
srparasites:parasiterubbleslabhalf:3, Hivestone Debris Slab
srparasites:parasiterubbleslabhalf:4, Consumed Wood Slab
srparasites:parasiterubbleslabhalf:5, Hivestone Brick Slab
srparasites:parasiterubbleslabhalf:6, Hivesteel Slab
srparasites:parasiterubbleslabhalf:7, Bleeding Obsidian Slab
srparasites:parasitestainslabhalf:0, Hivesoil Slab
srparasites:parasitestainslabhalf:1, Visceral Mud Slab
srparasites:parasitestainslabhalf:2, Flesh Chunk Slab
srparasites:parasitestainslabhalf:3, Compressed Artery Slab
srparasites:parasitestainslabhalf:4, Mycelium Network Slab
srparasites:parasitestainslabhalf:5, Contusion Slab
srparasites:parasitestainslabhalf:6, Sacked Flesh Slab
srparasites:relay_base, Relay Terminal §l|§r §oBottom
srparasites:relay_middle, Relay Structure §l|§r §oMiddle
srparasites:relay_roof, Relay Antennas §l|§r §oTop
srparasites:relaycontroller, Relay Controller
srparasites:flesh_stairs, Flesh Plank Stairs
srparasites:cooked_flesh_stairs, Cooked Flesh Stairs
srparasites:harleskinn_stairs, Harleskinn Stairs
srparasites:bruisewood_plank_stairs, Bruisewood Plank Stairs
srparasites:infested_sandstone_stairs, Infested Sandstone Stairs
srparasites:goth_planks_stairs, Goth Planks Stairs
srparasites:infested_planks_stairs, Infested Planks Stairs
srparasites:frost_weathered_stone_stairs, Frost Weathered Stone Stairs
srparasites:consumed_planks_stairs, Consumed Plank Stairs
srparasites:infested_stone_bricks_stairs, Infested Stone Bricks Stairs
srparasites:infested_polished_stone_bricks_stairs, Infested Polished Stone Bricks Stairs
srparasites:infested_stone_stairs, Infested Stone Stairs
srparasites:wheathered_bricks_stairs, Weathered Bricks Stairs
srparasites:wheathered_cobblestone_stairs, Weathered Cobblestone Stairs
srparasites:deadhead_plank_stairs, Deadhead Stairs
srparasites:residue_stairs, Residue Brick Stairs
srparasites:harleskinn_fence, Harleskinn Fence
srparasites:infested_fence, Infested Fence
srparasites:deadhead_fence, Deadhead Fence
srparasites:goth_fence, Goth Fence
srparasites:consumed_fence, Consumed Fence
srparasites:bruisewood_fence, Bruisewood Fence
srparasites:flesh_fence, Flesh Fence
srparasites:cooked_flesh_fence, Cooked Flesh Fence
srparasites:infestedstain, Infested Dirt
srparasites:infestremain, Infested Residue
srparasites:infestedtrunk, Infested Log
srparasites:infestedrubble, Infested Stone
srparasites:infestedbush:0, Infested Vein Thorns
srparasites:infestedbush:1, Infested Vein Branches
srparasites:infestedbush:2, Infested Vein Sprout
srparasites:infestedbush:3, Infested Veins Bush
srparasites:infestedbush:4, Infested Vein Coil
srparasites:infestedbush:5, Infested Vein Roots
srparasites:bloodyice, Bloody Ice
srparasites:gothshroom, Gothshroom
srparasites:parasite_barrier, Parasite Chunk Barrier §l|§r §oCreative-Only
srparasites:biomeheart, Hive Core
srparasites:colonyheart, Parasitic Colony Core
srparasites:colonyoutpost, Parasitic Colony Outpost
srparasites:biomepurifier, §bBiome Purifier
srparasites:dermoid_cyst, Dermoid Cyst
srparasites:node_redstone_lamp, Node Lamp
srparasites:biomass_block, Biomass Block
srparasites:residue_block, Residue Block
srparasites:fog_nullifier, Fog Nullifier
srparasites:residue_plants, Residue Bloomings
srparasites:infuser_furnace, Metallurgical Infuser Furnace
srparasites:assimilated_blossom, Assimilated Blossom
srparasites:potted_assimilated_blossom, Potted Assimilated Blossom
srparasites:potted_consumed_assimilated_blossom, Consumed Potted Assimilated Blossom
srparasites:infested_pot, Infested Flower Pot
srparasites:consumed_pot, Consumed Flower Pot
srparasites:alveoli, Alveoli
srparasites:sick_alveoli, Sick Alveoli
srparasites:alveoli_growth, Alveoli Growth
srparasites:solid_alveoli_block, Solid Alveoli Block
srparasites:infested_cobblestone, Infested Cobblestone
srparasites:infestation_purifier, Creative Infestation Purifier
srparasites:esca_bulb_white, Esca Bulb (White)
srparasites:esca_bulb_orange, Esca Bulb (Orange)
srparasites:esca_bulb_magenta, Esca Bulb (Magenta)
srparasites:esca_bulb_light_blue, Esca Bulb (Light Blue)
srparasites:esca_bulb_yellow, Esca Bulb (Yellow)
srparasites:esca_bulb_lime, Esca Bulb (Lime)
srparasites:esca_bulb_pink, Esca Bulb (Pink)
srparasites:esca_bulb_gray, Esca Bulb (Gray)
srparasites:esca_bulb_light_gray, Esca Bulb (Light Gray)
srparasites:esca_bulb_cyan, Esca Bulb (Cyan)
srparasites:esca_bulb_purple, Esca Bulb (Purple)
srparasites:esca_bulb_blue, Esca Bulb (Blue)
srparasites:esca_bulb_brown, Esca Bulb (Brown)
srparasites:esca_bulb_green, Esca Bulb (Green)
srparasites:esca_bulb_red, Esca Bulb (Red)
srparasites:esca_bulb_black, Esca Bulb (Black)
srparasites:esca_bulb, Esca Bulb
srparasites:parasitebush:0, Capillary Net
srparasites:parasitebush:1, Nerve Ringlet
srparasites:parasitebush:2, Parasitic Vesicle
srparasites:parasitebush:3, Terminal Blinder
srparasites:parasitebush:4, Small Incisor
srparasites:parasitebush:5, Frost-burnt Grass
srparasites:parasitebush:6, Frost-burned Grass
srparasites:parasitebush:7, Thornshade
srparasites:parasitecanister:0, §aBladder Sac
srparasites:parasitecanister:1, Vacuous Cyst
srparasites:parasitecanister:2, Grotesque Lump
srparasites:parasitecanister:3, Sac of Flesh
srparasites:parasitetrunk:0, Bruisewood Log
srparasites:parasitetrunk:1, Veinwood Log
srparasites:parasitetrunk:2, Darkwood Log
srparasites:parasitetrunk:3, Circle Trunk
srparasites:parasitetrunk:4, Deadhead Log
srparasites:parasiteplank:0, Deadhead Plank
srparasites:parasiteplank:1, Deadhead Plank
srparasites:parasiteloot:0, Benign Growth
srparasites:parasiteloot:1, Malignant Growth
srparasites:parasiteloot:2, Metastatic Mass
srparasites:parasitestain:0, Hivesoil
srparasites:parasitestain:1, Visceral Mud
srparasites:parasitestain:2, Flesh Chunk
srparasites:parasitestain:3, Compressed Arteries
srparasites:parasitestain:4, Mycelium Network
srparasites:parasitestain:5, Contusion Block
srparasites:parasitestain:6, Sacked Flesh Block
srparasites:parasiterubble:0, Concentrated Flesh Chunk
srparasites:parasiterubble:1, Fortified Bone
srparasites:parasiterubble:2, Hivestone
srparasites:parasiterubble:3, Hivestone Debris
srparasites:parasiterubble:4, Consumed Wood
srparasites:parasiterubble:5, Hivestone Bricks
srparasites:parasiterubble:6, Hivesteel
srparasites:parasiterubble:7, Bleeding Obsidian
srparasites:parasiterubble:8, Assimilated Fungus
srparasites:parasiterubble:9, Weathered Bricks
srparasites:parasiterubble:10, Weathered Bricks
srparasites:parasiterubble:11, Weathered Cobblestone
srparasites:parasiterubble:12, Weathered Cobblestone
srparasites:parasiterubble:13, Frost Weathered Stone
srparasites:parasiterubble:14, Frost Weathered Stone
srparasites:parasitestructure, Incomplete Parasitic Colony Structure
srparasites:parasitethin, Thin Parasitic Log
srparasites:parasitesapling:0, Veinwood Sapling
srparasites:parasitesapling:1, Eyesore Sapling
srparasites:parasitesapling:2, Darkwood Sapling
srparasites:parasitesapling:3, Consumed Sapling §l|§r §oWIP
srparasites:parasitesapling:4, Deadhead Sapling §l|§r §oWIP
srparasites:parasitesapling:5, Infested Sapling §l|§r §oWIP
srparasites:parasitemouth, Maw
srparasites:parasiterubbledense:0, Compressed Hivestone
srparasites:parasiterubbledense:1, Reinforced Hivestone
srparasites:parasiterubbledense:2, Parasitic Compressed Colony Stone
srparasites:parasiterubble_flesh_wall, Concentrated Flesh Wall
srparasites:infested_planks, Infested Planks
srparasites:infested_stone_bricks, Infested Stone Bricks
srparasites:infested_terracotta, Infested Terracotta
srparasites:infested_stone_polished, Polished Infested Stone
srparasites:residue_bricks, Residue Bricks
srparasites:infested_column, Infested Column
srparasites:inf_ss, Infested Sandstone
srparasites:inf_ss_chiseled, Chiseled Infested Sandstone
srparasites:inf_ss_cut, Chiseled Cut Sandstone
srparasites:ashen_glass, Ashen Glass
srparasites:shrouded_glass, Shrouded Glass
srparasites:harlequinn_glass, Harlequinn Glass
srparasites:bloody_glass, Bloody Glass
srparasites:infested_glass, Infested Glass
srparasites:shade_glass, Shade Glass
srparasites:sepia_glass, Sepia Glass
srparasites:moody_glass, Moody Glass
srparasites:ashen_glass_pane, Ashen Glass Pane
srparasites:infested_glass_pane, Infested Glass Pane
srparasites:bloody_glass_pane, Bloody Glass Pane
srparasites:harlequinn_glass_pane, Harlequinn Glass Pane
srparasites:shrouded_glass_pane, Shrouded Glass Pane
srparasites:shade_glass_pane, Shade Glass Pane
srparasites:sepia_glass_pane, Sepia Glass Pane
srparasites:moody_glass_pane, Moody Glass Pane
srparasites:goth_stem, Goth Stem
srparasites:assimilated_pumpkin, Assimilated Pumpkin
srparasites:assimilated_jack_o_lantern, Assimilated Jack o'Lantern
srparasites:assimilated_reed, Assimilated Sugar Cane
srparasites:cooked_flesh, Cooked Flesh
srparasites:cooked_flesh_planks, Cooked Flesh Planks
srparasites:flesh_planks, Flesh Planks
srparasites:goth_planks, Goth Planks
srparasites:brusewood_planks, Bruisewood Planks
srparasites:consumed_planks, Consumed Planks
srparasites:semiorganic_block, Semi-organic Block
srparasites:harlequinn_grass, Harlequinn Grass Block
srparasites:harleskinn_block, Harleskinn Block
srparasites:poland_skin_block, Poland Skin Block
srparasites:hair_follicle_block, Bronchial Tube
srparasites:locs_block, Locs Block
srparasites:infested_leaves, Infested Leaves
srparasites:infested_leaves_fast, Infested Leaves (Fast)
srparasites:hirsute_hair, Hirsute Hair
srparasites:tresses_hair, Tresses Hair
srparasites:lipoma_mass, Lipoma Mass
srparasites:consumed_workbench, Consumed Crafting Table
srparasites:infested_workbench, Infested Crafting Table
srparasites:infested_cactus, Infested Cactus
srparasites:harleskinn_slab:0, Harleskinn Slab
srparasites:infested_cobblestone_slab:0, Infested Cobblestone Slab
srparasites:infested_stone_slab:0, Infested Stone Slab
srparasites:infested_dirt_slab:0, Infested Dirt Slab
srparasites:reinforced_hivestone_slab:0, Reinforced Hivestone Slab
srparasites:parasitic_colony_core_slab:0, Parasitic Colony Core Slab
srparasites:sac_of_flesh_slab:0, Sac of Flesh Slab
srparasites:dead_head_plank_slab:0, Deadhead Plank Slab
srparasites:weathered_bricks_slab:0, Weathered Bricks Slab
srparasites:parasitic_compressed_colony_stone_slab:0, Parasitic Compressed Colony Stone Slab
srparasites:weathered_cobblestone_slab:0, Weathered Cobblestone Slab
srparasites:frost_weathered_stone_slab:0, Frost Weathered Stone Slab
srparasites:infested_stone_brick_slab:0, Infested Stone Brick Slab
srparasites:infested_terracotta_slab:0, Infested Terracotta Slab
srparasites:polished_infested_stone_slab:0, Polished Infested Stone Slab
srparasites:residue_brick_slab:0, Residue Brick Slab
srparasites:infested_sandstone_slab:0, Infested Sandstone Slab
srparasites:goth_plank_slab:0, Goth Plank Slab
srparasites:bruisewood_plank_slab:0, Bruisewood Plank Slab
srparasites:consumed_plank_slab:0, Consumed Plank Slab
srparasites:infested_plank_slab:0, Infested Plank Slab
srparasites:poland_skin_slab:0, Poland Skin Slab
srparasites:locs_block_slab:0, Locs Block Slab
srparasites:cooked_flesh_slab:0, Cooked Flesh Plank Slab
srparasites:flesh_slab:0, Flesh Plank Slab
srparasites:goth_door, Goth Door §l|§r §oWIP
srparasites:brusewood_door, Bruisewood Door §l|§r §oWIP
srparasites:consumed_door, Consumed Door §l|§r §oWIP
srparasites:diseased_sponge, Diseased Sponge
srparasites:brusewood_trapdoor, Bruisewood Trapdoor §l|§r §oWIP
srparasites:consumed_trapdoor, Consumed Trapdoor §l|§r §oWIP
srparasites:residue_wall, Residue Wall
srparasites:infested_plank_wall, Infested Plank Wall
srparasites:bruisewood_plank_wall, Bruisewood Plank Wall
srparasites:polished_infested_stone_wall, Polished Infested Stone Wall
srparasites:infested_stone_brick_wall, Infested Stone Brick Wall
srparasites:goth_plank_wall, Goth Plank Wall
srparasites:infested_sandstone_wall, Infested Sandstone Wall
srparasites:consumed_plank_wall, Consumed Plank Wall
srparasites:parasiteplank_deadhead_wall, Deadhead Plank Wall
srparasites:parasiterubble_weathb_wall, Weathered Brick Wall
srparasites:parasiterubbledense_colony_wall, Compressed Colony Stone Wall
srparasites:parasiterubble_weathfs_wall, Frost Weathered Stone Wall
srparasites:parasiterubbledense_biome_wall, Reinforced Hivestone Wall
srparasites:parasiterubble_weathbc_wall, Weathered Cobblestone Wall
srparasites:parasiterubble_bricks_wall, Hivestone Brick Wall
srparasites:parasitecanister_bag_wall, Sac of Flesh Wall
srparasites:infestedrubble_wall, Infested Stone Wall
srparasites:infestedstain_wall, Infested Dirt Wall
srparasites:parasitestain_flesh_wall, Flesh Chunk Wall
srparasites:parasiterubble_metal_wall, Hivesteel Wall
srparasites:parasiterubble_bonestairs, Fortified Bone Stairs
srparasites:parasiterubble_fleshstairs, Concentrated Flesh Stairs
srparasites:parasiterubble_stonestairs, Hivestone Stairs
srparasites:parasiterubble_stonedebrisstairs, Hivestone Debris Stairs
srparasites:parasiterubble_woodstairs, Consumed Wood Stairs
srparasites:parasiterubble_bricksstairs, Hivestone Bricks Stairs
srparasites:parasiterubble_metalstairs, Hivesteel Stairs
srparasites:parasiterubble_obsidianstairs, Bleeding Obsidian Stairs
srparasites:parasiterubble_fungusstairs, Assimilated Fungus Stairs
srparasites:parasitestain_fleshstairs, Flesh Chunk Stairs
srparasites:parasitestain_dirtstairs, Hivesoil Stairs
srparasites:parasitestain_mudstairs, Visceral Mud Stairs
srparasites:parasitestain_feelerstairs, Compressed Arteries Stairs
srparasites:parasiterubbledense_wallstairs, Compressed Hivestone Stairs
srparasites:parasiterubbledense_biomestairs, Reinforced Hivestone Stairs
srparasites:parasiterubbledense_colonystairs, Parasitic Compressed Colony Stone Stairs
srparasites:parasitetrunk_ballstairs, Bruisewood Stairs
srparasites:parasitetrunk_treestairs, Veinwood Stairs
srparasites:parasitetrunk_plantstairs, Darkwood Stairs
srparasites:parasiterubbleslabdouble, tile.srparasites.parasiterubbleslabdouble.name
srparasites:parasitestainslabdouble, tile.srparasites.parasitestainslabdouble.name
srparasites:parasitetendril, Parasitic Tendril
srparasites:parasitefog, Fog
srparasites:srpweb:0, §8Thin Webbing
srparasites:srpweb:1, §aToxicant Webbing
srparasites:srpweb:2, §8Tarnished Webbing
srparasites:evolutionlure:0, Lure (§4Weakened§f)
srparasites:evolutionlure:1, Lure (§cFaint§f)
srparasites:evolutionlure:2, Lure (§6Slender§f)
srparasites:evolutionlure:3, Lure (§eStable§f)
srparasites:evolutionlure:4, Lure (§2Substantial§f)
srparasites:evolutionlure:5, Lure (§aConcentrated§f)
srparasites:evolutionlure:6, Lure (§bConcentrated+§f)
srparasites:evolutionlure:7, Lure (§dConcentrated++§f)
srparasites:evolutionlure:8, Lure (§5Overloaded§f)
srparasites:evolutionlure:9, Lure (§9Anomalous§f)
srparasites:tunnel, Tunnel
srparasites:canisteractive, Gluttonous Cyst
srparasites:dispatchern, §cDispatcher Nidus
srparasites:infestedore:0, Pestilential Coal Ore
srparasites:infestedore:1, Pestilential Diamond Ore
srparasites:infestedore:2, Pestilential Emerald Ore
srparasites:infestedore:3, Pestilential Gold Ore
srparasites:infestedore:4, Pestilential Iron Ore
srparasites:infestedore:5, Pestilential Lapis Lazuli Ore
srparasites:infestedore:6, Pestilential Redstone Ore
srparasites:infestedore:7, Pestilential Ore
srparasites:infestedsand, Infested Sand
srparasites:goresim:0, Assimilated Remains (M)
srparasites:goresim:1, Assimilated Remains (S)
srparasites:goresim:2, Assimilated Remains (L)
srparasites:gorepri:0, Primitive Remains (M)
srparasites:gorepri:1, Primitive Remains (S)
srparasites:gorepri:2, Primitive Remains (L)
srparasites:goreada:0, Adapted Remains (M)
srparasites:goreada:1, Adapted Remains (S)
srparasites:goreada:2, Adapted Remains (L)
srparasites:gorepur:0, Pure Remains (M)
srparasites:gorepur:1, Pure Remains (S)
srparasites:gorepur:2, Pure Remains (L)
srparasites:gorefer:0, Feral Remains (M)
srparasites:gorefer:1, Feral Remains (S)
srparasites:gorefer:2, Feral Remains (L)
srparasites:goremar:0, Assimara Remains (M)
srparasites:goremar:1, Assimara Remains (S)
srparasites:goremar:2, Assimara Remains (L)
srparasites:alveolar_fluid, Alveolar Fluid
srparasites:deadblood_fluid, §2Dead Blood Fluid
srparasites:srp_field_guide, Compendium
srparasites:itemmobspawner_dorpa, Spawn Assimilated Big Spider
srparasites:itemmobspawner_infsquid, Spawn Assimilated Squid
srparasites:itemmobspawner_infbear, Spawn Assimilated Bear
srparasites:itemmobspawner_infhuman, Spawn Assimilated Human
srparasites:itemmobspawner_infhumanhead, Spawn Walking Human Head
srparasites:itemmobspawner_infenderman, Spawn Assimilated Enderman 
srparasites:itemmobspawner_infendermanhead, Spawn Walking Enderman Head
srparasites:itemmobspawner_infcow, Spawn Assimilated Cow
srparasites:itemmobspawner_infcowhead, Spawn Walking Cow Head
srparasites:itemmobspawner_infsheep, Spawn Assimilated Sheep
srparasites:itemmobspawner_infsheephead, Spawn Walking Sheep Head
srparasites:itemmobspawner_infwolf, Spawn Assimilated Wolf
srparasites:itemmobspawner_infwolfhead, Spawn Walking Wolf Head
srparasites:itemmobspawner_infpig, Spawn Assimilated Pig
srparasites:itemmobspawner_infpighead, Spawn Walking Pig Head
srparasites:itemmobspawner_infvillager, Spawn Assimilated Villager
srparasites:itemmobspawner_infvillagerhead, Spawn Walking Villager Head
srparasites:itemmobspawner_inhoos, Spawn Small Incomplete Form
srparasites:itemmobspawner_inhoom, Spawn Medium Incomplete Form
srparasites:itemmobspawner_infhorse, Spawn Assimilated Horse
srparasites:itemmobspawner_infhorsehead, Spawn Walking Horse Head
srparasites:itemmobspawner_infplayer, Spawn Assimilated Adventurer
srparasites:itemmobspawner_infplayerhead, Spawn Walking Adventurer Head
srparasites:itemmobspawner_infdragone, Spawn Assimilated Ender Dragon
srparasites:itemmobspawner_infdragonehead, Spawn Walking Ender Dragon Head
srparasites:itemmobspawner_quac, Spawn Worm Carrier 
srparasites:itemmobspawner_leer, Spawn Airscrew 
srparasites:itemmobspawner_ferbear, Spawn Feral Bear
srparasites:itemmobspawner_ferhuman, Spawn Feral Human
srparasites:itemmobspawner_fercow, Spawn Feral Cow
srparasites:itemmobspawner_ferenderman, Spawn Feral Enderman
srparasites:itemmobspawner_ferhorse, Spawn Feral Horse
srparasites:itemmobspawner_ferpig, Spawn Feral Pig
srparasites:itemmobspawner_fersheep, Spawn Feral Sheep
srparasites:itemmobspawner_fervillager, Spawn Feral Villager
srparasites:itemmobspawner_ferwolf, Spawn Feral Wolf
srparasites:itemmobspawner_marcow, Spawn Assimara Cow
srparasites:itemmobspawner_marenderman, Spawn Assimara Enderman 
srparasites:itemmobspawner_marvillager, Spawn Assimara Villager
srparasites:itemmobspawner_marhuman, Spawn Assimara Human
srparasites:itemmobspawner_marsheep, Spawn Assimara Sheep
srparasites:itemmobspawner_marbear, Spawn Assimara Bear
srparasites:itemmobspawner_higolem, Spawn Hijacked Golem
srparasites:itemmobspawner_hiblaze, Spawn Hijacked Blaze
srparasites:itemmobspawner_hiskeleton, Spawn Hijacked Skeleton
srparasites:itemmobspawner_host, Spawn Host
srparasites:itemmobspawner_hostii, Spawn Herd
srparasites:itemmobspawner_heed, Spawn Heed
srparasites:itemmobspawner_cruxa, Spawn Crux
srparasites:itemmobspawner_mes, Spawn Thrall
srparasites:itemmobspawner_lesh, Spawn Moving Flesh
srparasites:itemmobspawner_done, Spawn Dredge 
srparasites:itemmobspawner_cruxb, Spawn Incomplete Crux
srparasites:itemmobspawner_abobodies, Spawn Abomination Many Bodies
srparasites:itemmobspawner_abohead, Spawn Abomination Giant Head
srparasites:itemmobspawner_shyco, Spawn Primitive Longarms
srparasites:itemmobspawner_canra, Spawn Primitive Summoner
srparasites:itemmobspawner_nogla, Spawn Primitive Reeker
srparasites:itemmobspawner_hull, Spawn Primitive Manducater
srparasites:itemmobspawner_emana, Spawn Primitive Yelloweye
srparasites:itemmobspawner_bano, Spawn Primitive Bolster
srparasites:itemmobspawner_wymo, Spawn Primitive Tozoon 
srparasites:itemmobspawner_iki, Spawn Primitive Vermin
srparasites:itemmobspawner_ranrac, Spawn Primitive Arachnida
srparasites:itemmobspawner_lum, Spawn Primitive Devourer
srparasites:itemmobspawner_gim, Spawn Primitive Viscera
srparasites:itemmobspawner_zaa, Spawn Primitive Burrower
srparasites:itemmobspawner_shycoadapted, Spawn Adapted Longarms
srparasites:itemmobspawner_canraadapted, Spawn Adapted Summoner
srparasites:itemmobspawner_noglaadapted, Spawn Adapted Reeker
srparasites:itemmobspawner_hulladapted, Spawn Adapted Manducater
srparasites:itemmobspawner_emanaadapted, Spawn Adapted Yelloweye
srparasites:itemmobspawner_banoadapted, Spawn Adapted Bolster
srparasites:itemmobspawner_wymoadapted, Spawn Adapted Tozoon 
srparasites:itemmobspawner_ikiadapted, Spawn Adapted Vermin
srparasites:itemmobspawner_ranracadapted, Spawn Adapted Arachnida
srparasites:itemmobspawner_lumadapted, Spawn Adapted Devourer
srparasites:itemmobspawner_gimadapted, Spawn Adapted Viscera
srparasites:itemmobspawner_zaaadapted, Spawn Adapted Burrower
srparasites:itemmobspawner_lodo, Spawn Buglin
srparasites:itemmobspawner_mudo, Spawn Rupter
srparasites:itemmobspawner_nuuh, Spawn Mangler
srparasites:itemmobspawner_ata, Spawn Gnat
srparasites:itemmobspawner_rathol, Spawn Heavy Carrier
srparasites:itemmobspawner_gothol, Spawn Light Carrier
srparasites:itemmobspawner_buthol, Spawn Flying Carrier
srparasites:itemmobspawner_venkrol, Spawn Beckon Stage I
srparasites:itemmobspawner_venkrolsii, Spawn Beckon Stage II
srparasites:itemmobspawner_venkrolsiii, Spawn Beckon Stage III
srparasites:itemmobspawner_venkrolsiv, Spawn Beckon Stage IV
srparasites:itemmobspawner_tonro, Spawn Kyphosis
srparasites:itemmobspawner_unvo, Spawn Sentry 
srparasites:itemmobspawner_nak, Spawn Seizer
srparasites:itemmobspawner_dod, Spawn Dispatcher Stage I
srparasites:itemmobspawner_dodsii, Spawn Dispatcher Stage II
srparasites:itemmobspawner_dodsiii, Spawn Dispatcher Stage III
srparasites:itemmobspawner_dodsiv, Spawn Dispatcher Stage IV
srparasites:itemmobspawner_leem, Spawn Rooter Stage I
srparasites:itemmobspawner_leemsii, Spawn Rooter Stage II
srparasites:itemmobspawner_leemsiii, Spawn Rooter Stage III
srparasites:itemmobspawner_leemsiv, Spawn Rooter Stage IV
srparasites:itemmobspawner_alafha, Spawn Overseer
srparasites:itemmobspawner_ganro, Spawn Warden
srparasites:itemmobspawner_omboo, Spawn Light Bomber
srparasites:itemmobspawner_esor, Spawn Marauder
srparasites:itemmobspawner_orch, Spawn Monarch 
srparasites:itemmobspawner_flog, Spawn Grunt
srparasites:itemmobspawner_anged, Spawn Vigilante
srparasites:itemmobspawner_jinjo, Spawn Heavy Bomber
srparasites:itemmobspawner_vesta, Spawn Colony Carrier
srparasites:itemmobspawner_pheon, Spawn Haunter
srparasites:itemmobspawner_lencia, Spawn Bogle
srparasites:itemmobspawner_elvia, Spawn Wraith
srparasites:itemmobspawner_heblu, Spawn Draconite
srparasites:itemmobspawner_kirin, Spawn Kirin
srparasites:itemmobspawner_oronco, Spawn Ancient Dreadnaut
srparasites:itemmobspawner_terla, Spawn Ancient Overlord
srparasites:itemmobspawner_pod, Spawn Pod
srparasites:module_inborn, Inborn Module
srparasites:module_assimilated, Assimilated + Assimara Module
srparasites:module_hijacked, Hijacked Module
srparasites:module_feral, Feral Module
srparasites:module_crude, Crude Module
srparasites:module_primitive, Primitive Module
srparasites:module_adapted, Adapted Module
srparasites:module_nexus, Nexus Module
srparasites:module_deterrent, Deterrent Module
srparasites:module_pure, Pure Module
srparasites:module_preeminent, Preeminent Module
srparasites:module_ancient, Ancient Module
srparasites:module_desmoid, Desmoid Module
srparasites:module_eschar, Eschar Module
srparasites:module_resistance, Resistance Module
srparasites:module_ideal, Ideal Module
srparasites:module_origin, Origin Module
srparasites:alveoligrowth, Alveoli
srparasites:ada_summoner_drop, §bSummoner Core
srparasites:ada_yelloweye_drop, §bYelloweye Bone
srparasites:ada_manducater_drop, §bManducater Orb
srparasites:ada_reeker_drop, §bReeker Fang
srparasites:ada_longarms_drop, §bLongarm Armor Fragment
srparasites:ada_bolster_drop, §bBolster Husk
srparasites:ada_arachnida_drop, §bArachnida Claw
srparasites:ada_devourer_drop, §bDevourer Tentacle
srparasites:assimilated_flesh, Infected Flesh
srparasites:beckon_drop, §aBeckon Membrane
srparasites:dispatcher_drop, §cDispatcher Membrane
srparasites:pearl, Eye of the Beholder
srparasites:venkrol_boots, §aVenkrol Anchor Boots
srparasites:fishlin, Fishlin
srparasites:ada_vermin_drop, §dCorrosive Mucus
srparasites:ada_viscera_drop, §dChipped Motherly Membrane
srparasites:hijacked_drop, §cHijacked Growth
srparasites:hive_scrap, §7Hive Scrap
srparasites:bloody_bone, Hijacked Bone
srparasites:bloody_rod, Hijacked Blaze Rod
srparasites:bloody_iron_ingot, Hijacked Iron Ingot
srparasites:book_of_vengeance, §d§lThe Book of Vengeance
srparasites:bough, Bough
srparasites:greek_fire, Greek Fire
srparasites:itemtab, §dNULL
srparasites:itemassimilate, Assimilation Wand
srparasites:itemevolve, Evolution Wand
srparasites:itemdevolve, Devolution Wand
srparasites:itemvariant, Variant Wand
srparasites:itemthrow, §6Quench
srparasites:evclock, §cBloody Clock
srparasites:levelclock, §bLevel Clock
srparasites:nodecompass, §cNode Compass
srparasites:colonycompass, §cColony Compass
srparasites:origincompass, §cVector Compass
srparasites:dried_tendons, §eDried Tendons
srparasites:hardened_bone_handle, §eHardened Bone Handle
srparasites:infectious_blade_fragment, §eInfectious Blade Fragment
srparasites:tissue_spike, Module Tissue Spike
srparasites:module_base, Module Genic Receptacle
srparasites:organ_synth, Module Organ Synth
srparasites:living_core, §eLiving Core
srparasites:vile_shell, §eVile Shell
srparasites:bone, §eStrange Bone
srparasites:false_apple, False Apple
srparasites:semiorganic_ingot, Semi-organic Ingot
srparasites:the_sign_charm, The Sign
srparasites:thornshade_berry, §5Thornshade Berry
srparasites:infested_bonemeal, Infested Bonemeal
srparasites:lurecomponent1, §bRupter Viscera
srparasites:lurecomponent2, §bDiseased Heart
srparasites:lurecomponent3, §bAltered Tendons
srparasites:lurecomponent4, §bToxic Lung
srparasites:lurecomponent5, §bNoxious Brain
srparasites:lurecomponent6, §bTwisted Spinal Signal
srparasites:lurecomponent7, §bLure Component 7
srparasites:lurecomponent8, §bLure Component 8
srparasites:lurecomponent9, §bLure Component 9
srparasites:lurecomponent10, §bLure Component 10
srparasites:hijacked_iron_hoe, §cHijacked Iron Hoe
srparasites:hijacked_iron_axe, §cHijacked Iron Axe
srparasites:hijacked_iron_shovel, §cHijacked Iron Shovel
srparasites:hijacked_iron_sword, §cHijacked Iron Sword
srparasites:hijacked_iron_pickaxe, §cHijacked Iron Pickaxe
srparasites:weapon_scythe, §eLiving Scythe
srparasites:weapon_scythe_sentient, §6Sentient Greatscythe
srparasites:weapon_axe, §eLiving Axe
srparasites:weapon_axe_sentient, §6Sentient Greataxe
srparasites:weapon_sword, §eLiving Sword
srparasites:weapon_sword_sentient, §6Sentient Greatsword
srparasites:weapon_cleaver, §eLiving Cleaver
srparasites:weapon_cleaver_sentient, §6Sentient Greatcleaver
srparasites:weapon_bow, §eLiving Bow
srparasites:weapon_bow_sentient, §6Sentient Greatbow
srparasites:weapon_maul, §eLiving Maul 
srparasites:weapon_maul_sentient, §6Sentient Greatmaul
srparasites:weapon_lance, §eLiving Lance
srparasites:weapon_lance_sentient, §6Sentient Greatlance
srparasites:armor_helm, §eLiving Helm
srparasites:armor_chest, §eLiving Chest
srparasites:armor_pants, §eLiving Pants
srparasites:armor_boots, §eLiving Boots
srparasites:armor_helm_sentient, §6Sentient Helm
srparasites:armor_chest_sentient, §6Sentient Chest
srparasites:armor_pants_sentient, §6Sentient Pants
srparasites:armor_boots_sentient, §6Sentient Boots
srparasites:hijacked_iron_helmet, Hijacked Iron Helmet
srparasites:hijacked_iron_chestpiece, Hijacked Iron Chestplate
srparasites:hijacked_iron_leggings, Hijacked Iron Leggings
srparasites:hijacked_iron_boots, Hijacked Iron Boots
srparasites:discthree, §bSerenity
srparasites:thornshade_decanter, §5Thornshade Decanter
techguns:basicmachine:0, Ammo Press
techguns:basicmachine:1, Metal Press
techguns:basicmachine:2, Chemical Laboratory
techguns:basicmachine:3, Turret
techguns:simplemachine:8, Camo Bench
techguns:simplemachine:9, Repair Bench
techguns:simplemachine:10, Charging Station
techguns:simplemachine:11, Blast Furnace
techguns:simplemachine2:8, Grinder
techguns:simplemachine2:9, Upgrade Bench
techguns:multiblockmachine:0, Fabricator Housing
techguns:multiblockmachine:1, Fabricator Glass
techguns:multiblockmachine:2, Fabricator Controller
techguns:multiblockmachine:3, Reaction Chamber Housing
techguns:multiblockmachine:4, Reaction Chamber Glass
techguns:multiblockmachine:5, Reaction Chamber Controller
techguns:basicore:0, Copper Ore
techguns:basicore:1, Tin Ore
techguns:basicore:2, Lead Ore
techguns:basicore:3, Titanium Ore
techguns:basicore:4, Uranium Ore
techguns:bioblob:0, Bioblob
techguns:sandbags, Sandbags
techguns:lamp0:0, Lamp (Yellow)
techguns:lamp0:6, Lamp (White)
techguns:lamp0:12, Lantern (Yellow)
techguns:lamp0:13, Lantern (White)
techguns:metalpanel:0, Red Container
techguns:metalpanel:1, Green Container
techguns:metalpanel:2, Blue Container
techguns:metalpanel:3, Yellow Container
techguns:metalpanel:4, Steel Panel
techguns:metalpanel:5, Silver Steel Panel
techguns:metalpanel:6, Carbon Panel
techguns:metalpanel:7, Dark Scaffold
techguns:nethermetal:0, Nether Metal (Plate)
techguns:nethermetal:1, Nether Metal (Grate)
techguns:nethermetal:2, Nether Metal (Small Grate)
techguns:nethermetal:3, Nether Metal (Bloody Grey)
techguns:nethermetal:4, Nether Metal (Grey)
techguns:nethermetal:5, Nether Metal (Grey Tiles)
techguns:nethermetal:6, Nether Metal (Red Pillar)
techguns:nethermetal:7, Nether Metal (Dark Pillar)
techguns:nethermetal:8, Nether Metal (Red Panel)
techguns:nethermetal:9, Nether Metal (Lava Pillar)
techguns:concrete:0, Reinforced Concrete
techguns:concrete:1, Reinforced Concrete (Light)
techguns:concrete:2, Reinforced Concrete (Grey)
techguns:concrete:3, Reinforced Concrete (Dark)
techguns:concrete:4, Reinforced Concrete (Pipes)
techguns:concrete:5, Reinforced Concrete (Steel Bars)
techguns:ladder0:8, Ladder (Metal)
techguns:ladder0:9, Ladder (Shiny)
techguns:ladder0:10, Ladder (Rusty)
techguns:ladder0:11, Ladder (Carbon)
techguns:door3x3, tile.techguns.door3x3.name
techguns:camonet:0, Camo Netting (Woodland)
techguns:camonet:1, Camo Netting (Desert)
techguns:camonet:2, Camo Netting (Snow)
techguns:camonet_top:0, Camo Netting Top (Woodland)
techguns:camonet_top:1, Camo Netting Top (Desert)
techguns:camonet_top:2, Camo Netting Top (Snow)
techguns:bunkerdoor, tile.techguns.bunkerdoor.name
techguns:stairs_metal:7, Steel Panel Stairs
techguns:stairs_metal:15, Carbon Panel Stairs
techguns:stairs_concrete:7, Reinforced Concrete Stairs (Dark)
techguns:stairs_concrete:15, Reinforced Concrete Stairs (Light)
techguns:tg_spawner:0, Monster Hole
techguns:tg_spawner:1, Military Spawn Point
techguns:neonlights:0, Double Neon Lights
techguns:neonlights:1, Double Neon Lights (Rotated)
techguns:neonlights:2, Quad Neon Lights
techguns:neonlights:3, Quad Neon Lights (Rotated)
techguns:neonlights:4, Square Neon Light
techguns:military_crate:0, Ammo Crate
techguns:military_crate:1, Weapon Crate
techguns:military_crate:2, Armor Crate
techguns:military_crate:3, Medical Crate
techguns:military_crate:4, Explosives Crate
techguns:military_crate:5, Supply Crate
techguns:military_crate:6, Supply Crate
techguns:military_crate:7, Supply Crate
techguns:military_crate:8, Supply Crate
techguns:explosive_charge:0, Mining Charge
techguns:explosive_charge:1, Advanced Mining Charge
techguns:sand_hard:0, Hardened Sand
techguns:slimy:0, Strange Glowing Eggs
techguns:slimyladder:3, Slimy Trail
techguns:orecluster:0, Ore Cluster (Coal)
techguns:orecluster:1, Ore Cluster (Common Metal)
techguns:orecluster:2, Ore Cluster (Rare Metal)
techguns:orecluster:3, Ore Cluster (Shiny Metal)
techguns:orecluster:4, Ore Cluster (Uranium)
techguns:orecluster:5, Ore Cluster (Common Gem)
techguns:orecluster:6, Ore Cluster (Shiny Gem)
techguns:orecluster:7, Ore Cluster (Nether Crystal)
techguns:orecluster:8, Ore Cluster (Oil)
techguns:oredrill:0, Ore Drill Frame
techguns:oredrill:1, Ore Drill Scaffold
techguns:oredrill:2, Ore Drill Rod
techguns:oredrill:3, Ore Drill Engine
techguns:oredrill:4, Ore Drill Controller
techguns:block_creeper_acid, Creeper Acid
techguns:block_milk, Milk
techguns:steam, tile.techguns.steam.name
techguns:itemshared:0, Stone Bullets
techguns:itemshared:1, Pistol Rounds
techguns:itemshared:2, Shotgun Rounds
techguns:itemshared:3, Rifle Rounds
techguns:itemshared:4, Sniper Rounds
techguns:itemshared:5, 40mm Grenade
techguns:itemshared:6, Advanced Rounds
techguns:itemshared:7, Rocket
techguns:itemshared:8, Rifle Rounds Stack
techguns:itemshared:9, SMG Magazine
techguns:itemshared:10, SMG Magazine (Empty)
techguns:itemshared:11, Pistol Magazine
techguns:itemshared:12, Pistol Magazine (Empty)
techguns:itemshared:13, Assault Rifle Magazine
techguns:itemshared:14, Assault Rifle Magazine (Empty)
techguns:itemshared:15, LMG Magazine
techguns:itemshared:16, LMG Magazine (Empty)
techguns:itemshared:17, Minigun Ammo Drum
techguns:itemshared:18, Minigun Ammo Drum (Empty)
techguns:itemshared:19, AS50 Magazine
techguns:itemshared:20, AS50 Magazine (Empty)
techguns:itemshared:21, Advanced Magazine
techguns:itemshared:22, Advanced Magazine (Empty)
techguns:itemshared:23, Compressed Air Tank
techguns:itemshared:24, Compressed Air Tank (Empty)
techguns:itemshared:25, Bio Tank
techguns:itemshared:26, Bio Tank (Empty)
techguns:itemshared:27, Fuel Tank
techguns:itemshared:28, Fuel Tank (Empty)
techguns:itemshared:29, Energy Cell
techguns:itemshared:30, Energy Cell (Empty)
techguns:itemshared:31, Nuclear Power Cell
techguns:itemshared:32, Nuclear Power Cell (Depleted)
techguns:itemshared:33, Iron Receiver
techguns:itemshared:34, Steel Receiver
techguns:itemshared:35, Hardened Receiver
techguns:itemshared:36, Carbon Receiver
techguns:itemshared:37, Stone Barrel
techguns:itemshared:38, Iron Barrel
techguns:itemshared:39, Hardened Barrel
techguns:itemshared:40, Carbon Barrel
techguns:itemshared:41, Laser Barrel
techguns:itemshared:42, Wooden Gun Stock
techguns:itemshared:43, Plastic Gun Stock
techguns:itemshared:44, Carbon Gun Stock
techguns:itemshared:45, Steam Armor Plating
techguns:itemshared:46, Iron Plate
techguns:itemshared:47, Copper Plate
techguns:itemshared:48, Tin Plate
techguns:itemshared:49, Bronze Plate
techguns:itemshared:50, Steel Plate
techguns:itemshared:51, Obsidian Steel Plate
techguns:itemshared:52, Lead Plate
techguns:itemshared:53, Carbon Plate
techguns:itemshared:54, Titanium Plate
techguns:itemshared:55, Plastic Sheet
techguns:itemshared:56, Rubber Bar
techguns:itemshared:57, Mechanical Parts (Iron)
techguns:itemshared:58, Mechanical Parts (Hardened)
techguns:itemshared:59, Mechanical Parts (Carbon)
techguns:itemshared:60, Heavy Cloth
techguns:itemshared:61, Bio Mass
techguns:itemshared:62, Copper Wire
techguns:itemshared:63, Gold Wire
techguns:itemshared:64, Carbon Fibers
techguns:itemshared:65, Circuit Board
techguns:itemshared:66, Elite Circuit Board
techguns:itemshared:67, Power Armor Plating
techguns:itemshared:68, Coil
techguns:itemshared:69, Cybernetic Parts
techguns:itemshared:70, Electric Engine
techguns:itemshared:71, Laser Focus
techguns:itemshared:72, Pump Mechanism
techguns:itemshared:73, Rad Emitter
techguns:itemshared:74, Sonic Emitter
techguns:itemshared:75, TGX
techguns:itemshared:76, Nether Charge
techguns:itemshared:77, Treated Leather
techguns:itemshared:78, Titanium Ore
techguns:itemshared:79, Copper Ingot
techguns:itemshared:80, Tin Ingot
techguns:itemshared:81, Bronze Ingot
techguns:itemshared:82, Lead Ingot
techguns:itemshared:83, Steel Ingot
techguns:itemshared:84, Obsidian Steel Ingot
techguns:itemshared:85, Titanium Ingot
techguns:itemshared:86, Copper Nugget
techguns:itemshared:87, Lead Nugget
techguns:itemshared:88, Steel Nugget
techguns:itemshared:89, Gas Mask Filter
techguns:itemshared:90, Glider Backpack
techguns:itemshared:91, Glider Wing
techguns:itemshared:92, Anti Gravity Core
techguns:itemshared:93, Oxygen Mask
techguns:itemshared:94, Machine Upgrade (Stack Operation)
techguns:itemshared:95, Raw Rubber
techguns:itemshared:96, Raw Plastic
techguns:itemshared:97, Yellowcake
techguns:itemshared:98, Enriched Uranium
techguns:itemshared:99, Turret Armor (Iron)
techguns:itemshared:100, Turret Armor (Steel)
techguns:itemshared:101, Turret Armor (Obsidian Steel)
techguns:itemshared:102, Turret Armor (Carbon)
techguns:itemshared:103, Quartz Rod
techguns:itemshared:104, Reaction Chamber Heatray Focus
techguns:itemshared:105, Reaction Chamber UV Emitter
techguns:itemshared:106, §6Shotgun Rounds (Incediary)
techguns:itemshared:107, §6AS50 Magazine (Incediary)
techguns:itemshared:108, §6Sniper Rounds (Incediary)
techguns:itemshared:109, §6Pistol Rounds (Incediary)
techguns:itemshared:110, §6Rifle Rounds (Incediary)
techguns:itemshared:111, §6Rifle Rounds Stack (Incediary)
techguns:itemshared:112, §6SMG Magazine (Incediary)
techguns:itemshared:113, §6Pistol Magazine (Incediary)
techguns:itemshared:114, §6Minigun Ammo Drum (Incediary)
techguns:itemshared:115, §6Assault Rifle Magazine (Incendiary)
techguns:itemshared:116, §6LMG Magazine (Incendiary)
techguns:itemshared:117, Rocket (Tactical Nuke)
techguns:itemshared:118, Small Nuclear Warhead
techguns:itemshared:119, Mining Drill (Obsidian)
techguns:itemshared:120, Mining Drill (Carbon)
techguns:itemshared:121, Powerhammer Head (Obsidian)
techguns:itemshared:122, Powerhammer Head (Carbon)
techguns:itemshared:123, Chainsaw Blades (Obsidian)
techguns:itemshared:124, Chainsaw Blades (Carbon)
techguns:itemshared:125, Redstone Battery
techguns:itemshared:126, Redstone Battery (Empty)
techguns:itemshared:127, Gauss Rifle Slugs
techguns:itemshared:128, Gauss Rifle Barrel
techguns:itemshared:129, Shielded Titanium Barrel
techguns:itemshared:130, Titanium Receiver
techguns:itemshared:131, Plasma Generator
techguns:itemshared:132, Working Gloves
techguns:itemshared:133, Protective Fiber
techguns:itemshared:134, Small Ore Drill (Steel)
techguns:itemshared:135, Small Ore Drill (Obsidian Steel)
techguns:itemshared:136, Small Ore Drill (Carbon)
techguns:itemshared:137, Small Ore Drill (Steel)
techguns:itemshared:138, Medium Ore Drill (Obsidian Steel)
techguns:itemshared:139, Medium Ore Drill (Carbon)
techguns:itemshared:140, Large Ore Drill (Steel)
techguns:itemshared:141, Large Ore Drill (Obsidian Steel)
techguns:itemshared:142, Large Ore Drill (Carbon)
techguns:itemshared:143, §4AS50 Magazine (Explosive)
techguns:itemshared:144, §4Sniper Rounds (Explosive)
techguns:itemshared:145, §eRocket (High Velocity)
techguns:itemshared:146, Infusion Bag
techguns:itemshared:147, Armor Upgrade: Protection I
techguns:itemshared:148, Armor Upgrade: Projectile Protection I
techguns:itemshared:149, Armor Upgrade: Blast Protection I
techguns:itemshared:150, Armor Upgrade: Protection II
techguns:itemshared:151, Armor Upgrade: Projectile Protection II
techguns:itemshared:152, Armor Upgrade: Blast Protection II
techguns:itemshared:153, Armor Upgrade: Protection III
techguns:itemshared:154, Armor Upgrade: Projectile Protection III
techguns:itemshared:155, Armor Upgrade: Blast Protection III
techguns:itemshared:156, Praetor Armor Plating
techguns:itemshared:157, MK2 Power Armor Plating
techguns:itemshared:158, Reinforced Electric Engine
techguns:itemshared:159, Hell Ingot
techguns:itemshared:160, UV Element
techguns:itemshared:161, item.techguns.nethercharge_empty.name
techguns:itemshared:162, Machine Upgrade (Template)
techguns:itemshared:163, Machine Upgrade (Steam Processing)
techguns:itemshared:164, Cyberdemon Flesh
techguns:itemshared:165, Blueprints (Cybernetic Parts)
techguns:itemshared:166, Cybernetic Wiring
techguns:radaway, RadAway
techguns:radpills, Anti-RAD Pills
techguns:gasmask, Gas Mask
techguns:glider, Glider
techguns:jumppack, Jumppack
techguns:scubatanks, Oxygen Tanks
techguns:nightvisiongoggles, Nightvision Goggles
techguns:jetpack, Jetpack
techguns:tacticalmask, Tactical Mask
techguns:antigravpack, Anti Gravity Device
techguns:item_door3x3:0, Techdoor
techguns:item_door3x3:1, Hangar Door (Up)
techguns:item_door3x3:2, Hangar Door (Down)
techguns:item_door3x3:3, Techdoor (Nether)
techguns:item_bunkerdoor, Bunker Door
techguns:combatknife, Combat Knife
techguns:crowbar, Crowbar
techguns:t1_combat_helmet, item.t1_combat_helmet.name
techguns:t1_combat_chestplate, item.t1_combat_chestplate.name
techguns:t1_combat_leggings, item.t1_combat_leggings.name
techguns:t1_combat_boots, item.t1_combat_boots.name
techguns:t1_scout_helmet, item.t1_scout_helmet.name
techguns:t1_scout_chestplate, item.t1_scout_chestplate.name
techguns:t1_scout_leggings, item.t1_scout_leggings.name
techguns:t1_scout_boots, item.t1_scout_boots.name
techguns:t1_miner_helmet, item.t1_miner_helmet.name
techguns:t1_miner_chestplate, item.t1_miner_chestplate.name
techguns:t1_miner_leggings, item.t1_miner_leggings.name
techguns:t1_miner_boots, item.t1_miner_boots.name
techguns:steam_helmet, item.steam_helmet.name
techguns:steam_chestplate, item.steam_chestplate.name
techguns:steam_leggings, item.steam_leggings.name
techguns:steam_boots, item.steam_boots.name
techguns:hazmat_helmet, Hazmat Helmet
techguns:hazmat_chestplate, item.hazmat_chestplate.name
techguns:hazmat_leggings, item.hazmat_leggings.name
techguns:hazmat_boots, Hazmat Boots
techguns:t2_combat_helmet, item.t2_combat_helmet.name
techguns:t2_combat_chestplate, item.t2_combat_chestplate.name
techguns:t2_combat_leggings, item.t2_combat_leggings.name
techguns:t2_combat_boots, item.t2_combat_boots.name
techguns:t2_commando_helmet, item.t2_commando_helmet.name
techguns:t2_commando_chestplate, item.t2_commando_chestplate.name
techguns:t2_commando_leggings, item.t2_commando_leggings.name
techguns:t2_commando_boots, item.t2_commando_boots.name
techguns:t2_riot_helmet, item.t2_riot_helmet.name
techguns:t2_riot_chestplate, item.t2_riot_chestplate.name
techguns:t2_riot_leggings, item.t2_riot_leggings.name
techguns:t2_riot_boots, item.t2_riot_boots.name
techguns:t3_combat_helmet, item.t3_combat_helmet.name
techguns:t3_combat_chestplate, item.t3_combat_chestplate.name
techguns:t3_combat_leggings, item.t3_combat_leggings.name
techguns:t3_combat_boots, item.t3_combat_boots.name
techguns:t3_power_helmet, item.t3_power_helmet.name
techguns:t3_power_chestplate, item.t3_power_chestplate.name
techguns:t3_power_leggings, item.t3_power_leggings.name
techguns:t3_power_boots, item.t3_power_boots.name
techguns:t3_miner_helmet, item.t3_miner_helmet.name
techguns:t3_miner_chestplate, item.t3_miner_chestplate.name
techguns:t3_miner_leggings, item.t3_miner_leggings.name
techguns:t3_miner_boots, item.t3_miner_boots.name
techguns:t3_exo_helmet, item.t3_exo_helmet.name
techguns:t3_exo_chestplate, item.t3_exo_chestplate.name
techguns:t3_exo_leggings, item.t3_exo_leggings.name
techguns:t3_exo_boots, item.t3_exo_boots.name
techguns:t2_beret, item.t2_beret.name
techguns:t4_praetor_helmet, item.t4_praetor_helmet.name
techguns:t4_praetor_chestplate, item.t4_praetor_chestplate.name
techguns:t4_praetor_leggings, item.t4_praetor_leggings.name
techguns:t4_praetor_boots, item.t4_praetor_boots.name
techguns:t4_power_helmet, item.t4_power_helmet.name
techguns:t4_power_chestplate, item.t4_power_chestplate.name
techguns:t4_power_leggings, item.t4_power_leggings.name
techguns:t4_power_boots, item.t4_power_boots.name
techguns:riot_shield, Riot Shield
techguns:ballistic_shield, Ballistic Shield
techguns:advanced_shield, Advanced Shield
techguns:handcannon, Hand Cannon
techguns:sawedoff, Double Barrel Shotgun
techguns:revolver, Revolver
techguns:goldenrevolver, Golden Revolver
techguns:thompson, Thompson SMG
techguns:ak47, AKM
techguns:boltaction, Bolt Action Rifle
techguns:m4, M4 Assault Rifle
techguns:m4_infiltrator, The Infiltrator
techguns:pistol, Pistol
techguns:combatshotgun, Combat Shotgun
techguns:mac10, Mac 10
techguns:flamethrower, Flamethrower
techguns:rocketlauncher, Rocket Launcher
techguns:grimreaper, Grim Reaper
techguns:grenadelauncher, Grenade Launcher
techguns:aug, AUG
techguns:netherblaster, Nether Blaster
techguns:biogun, Biogun
techguns:teslagun, Tesla Gun
techguns:lmg, Light Machine Gun
techguns:minigun, Minigun
techguns:as50, AS50 Sniper Rifle
techguns:vector, Vector
techguns:scar, SCAR
techguns:lasergun, Laser Rifle
techguns:blasterrifle, Blaster Rifle
techguns:scatterbeamrifle, Blaster Shotgun
techguns:sonicshotgun, Sonic Rifle
techguns:pdw, PDW
techguns:pulserifle, Pulse Rifle
techguns:mibgun, De-Atomizer Pistol
techguns:powerhammer, Power Hammer
techguns:chainsaw, Chainsaw
techguns:nucleardeathray, Nuclear Death Ray
techguns:gaussrifle, Gauss Rifle
techguns:guidedmissilelauncher, Guided Missile-Launcher
techguns:miningdrill, Mining Drill
techguns:tfg, TFG 10K
techguns:laserpistol, Laser Pistol
techguns:stielgranate, Stick Grenade
techguns:fraggrenade, Frag Grenade
immersiveengineering:ore:0, Copper Ore
immersiveengineering:ore:1, Bauxite Ore
immersiveengineering:ore:2, Lead Ore
immersiveengineering:ore:3, Silver Ore
immersiveengineering:ore:4, Nickel Ore
immersiveengineering:ore:5, Uranium Ore
immersiveengineering:storage:0, Block of Copper
immersiveengineering:storage:1, Block of Aluminium
immersiveengineering:storage:2, Block of Lead
immersiveengineering:storage:3, Block of Silver
immersiveengineering:storage:4, Block of Nickel
immersiveengineering:storage:5, Block of Uranium
immersiveengineering:storage:6, Block of Constantan
immersiveengineering:storage:7, Block of Electrum
immersiveengineering:storage:8, Block of Steel
immersiveengineering:storage_slab:0, Copper Slab
immersiveengineering:storage_slab:1, Aluminium Slab
immersiveengineering:storage_slab:2, Lead Slab
immersiveengineering:storage_slab:3, Silver Slab
immersiveengineering:storage_slab:4, Nickel Slab
immersiveengineering:storage_slab:5, Uranium Slab
immersiveengineering:storage_slab:6, Constantan Slab
immersiveengineering:storage_slab:7, Electrum Slab
immersiveengineering:storage_slab:8, Steel Slab
immersiveengineering:stone_decoration:0, Coke Brick
immersiveengineering:stone_decoration:1, Blast Brick
immersiveengineering:stone_decoration:2, Reinforced Blast Brick
immersiveengineering:stone_decoration:3, Block of Coal Coke
immersiveengineering:stone_decoration:4, Hempcrete
immersiveengineering:stone_decoration:5, Concrete
immersiveengineering:stone_decoration:6, Concrete Tile
immersiveengineering:stone_decoration:7, Leaded Concrete
immersiveengineering:stone_decoration:8, Insulating Glass
immersiveengineering:stone_decoration:10, Kiln Brick
immersiveengineering:stone_decoration_slab:0, Coke Brick Slab
immersiveengineering:stone_decoration_slab:1, Blast Brick Slab
immersiveengineering:stone_decoration_slab:2, Reinforced Blast Brick Slab
immersiveengineering:stone_decoration_slab:4, Hempcrete Slab
immersiveengineering:stone_decoration_slab:5, Concrete Slab
immersiveengineering:stone_decoration_slab:6, Concrete Tile Slab
immersiveengineering:stone_decoration_slab:7, Leaded Concrete Slab
immersiveengineering:stone_decoration_slab:10, Kiln Brick Slab
immersiveengineering:stone_decoration_stairs_hempcrete, Hempcrete Stairs
immersiveengineering:stone_decoration_stairs_concrete, Concrete Stairs
immersiveengineering:stone_decoration_stairs_concrete_tile, Concrete Tile Stairs
immersiveengineering:stone_decoration_stairs_concrete_leaded, Leaded Concrete Stairs
immersiveengineering:stone_device:3, Concrete Sheet
immersiveengineering:stone_device:4, Concrete Panel
immersiveengineering:stone_device:5, Concrete Chunk
immersiveengineering:treated_wood:0, Treated Wood Planks
immersiveengineering:treated_wood:1, Treated Wood Planks
immersiveengineering:treated_wood:2, Treated Wood Planks
immersiveengineering:treated_wood_slab:0, Treated Wood Slab
immersiveengineering:treated_wood_slab:1, Treated Wood Slab
immersiveengineering:treated_wood_slab:2, Treated Wood Slab
immersiveengineering:treated_wood_stairs0, Treated Wood Stairs
immersiveengineering:treated_wood_stairs1, Treated Wood Stairs
immersiveengineering:treated_wood_stairs2, Treated Wood Stairs
immersiveengineering:wooden_decoration:0, Treated Wood Fence
immersiveengineering:wooden_decoration:1, Treated Wood Scaffolding
immersiveengineering:wooden_device0:0, Wooden Storage Crate
immersiveengineering:wooden_device0:1, Wooden Barrel
immersiveengineering:wooden_device0:2, Engineer's Workbench
immersiveengineering:wooden_device0:3, Item Router
immersiveengineering:wooden_device0:4, Gunpowder Barrel
immersiveengineering:wooden_device0:5, Reinforced Storage Crate
immersiveengineering:wooden_device0:6, Turntable
immersiveengineering:wooden_device0:7, Fluid Router
immersiveengineering:wooden_device1:0, Water Wheel
immersiveengineering:wooden_device1:1, Windmill
immersiveengineering:wooden_device1:3, Wooden Post
immersiveengineering:wooden_device1:4, Wooden Wallmount
immersiveengineering:hemp, Industrial Hemp
immersiveengineering:cloth_device:0, Jump Cushion
immersiveengineering:cloth_device:1, Balloon
immersiveengineering:cloth_device:2, Strip Curtain
immersiveengineering:fake_light, tile.immersiveengineering.fake_light.name
immersiveengineering:sheetmetal:0, Copper Sheetmetal
immersiveengineering:sheetmetal:1, Aluminium Sheetmetal
immersiveengineering:sheetmetal:2, Lead Sheetmetal
immersiveengineering:sheetmetal:3, Silver Sheetmetal
immersiveengineering:sheetmetal:4, Nickel Sheetmetal
immersiveengineering:sheetmetal:5, Uranium Sheetmetal
immersiveengineering:sheetmetal:6, Constantan Sheetmetal
immersiveengineering:sheetmetal:7, Electrum Sheetmetal
immersiveengineering:sheetmetal:8, Steel Sheetmetal
immersiveengineering:sheetmetal:9, Iron Sheetmetal
immersiveengineering:sheetmetal:10, Gold Sheetmetal
immersiveengineering:sheetmetal_slab:0, Copper Sheetmetal Slab
immersiveengineering:sheetmetal_slab:1, Aluminium Sheetmetal Slab
immersiveengineering:sheetmetal_slab:2, Lead Sheetmetal Slab
immersiveengineering:sheetmetal_slab:3, Silver Sheetmetal Slab
immersiveengineering:sheetmetal_slab:4, Nickel Sheetmetal Slab
immersiveengineering:sheetmetal_slab:5, Uranium Sheetmetal Slab
immersiveengineering:sheetmetal_slab:6, Constantan Sheetmetal Slab
immersiveengineering:sheetmetal_slab:7, Electrum Sheetmetal Slab
immersiveengineering:sheetmetal_slab:8, Steel Sheetmetal Slab
immersiveengineering:sheetmetal_slab:9, Iron Sheetmetal Slab
immersiveengineering:sheetmetal_slab:10, Gold Sheetmetal Slab
immersiveengineering:metal_decoration0:0, Copper Coil Block
immersiveengineering:metal_decoration0:1, Electrum Coil Block
immersiveengineering:metal_decoration0:2, High-Voltage Coil Block
immersiveengineering:metal_decoration0:3, Redstone Engineering Block
immersiveengineering:metal_decoration0:4, Light Engineering Block
immersiveengineering:metal_decoration0:5, Heavy Engineering Block
immersiveengineering:metal_decoration0:6, Generator Block
immersiveengineering:metal_decoration0:7, Radiator Block
immersiveengineering:metal_decoration1:0, Steel Fence
immersiveengineering:metal_decoration1:1, Steel Scaffolding
immersiveengineering:metal_decoration1:2, Steel Scaffolding
immersiveengineering:metal_decoration1:3, Steel Scaffolding
immersiveengineering:metal_decoration1:4, Aluminium Fence
immersiveengineering:metal_decoration1:5, Aluminium Scaffolding
immersiveengineering:metal_decoration1:6, Aluminium Scaffolding
immersiveengineering:metal_decoration1:7, Aluminium Scaffolding
immersiveengineering:metal_decoration2:0, Steel Post
immersiveengineering:metal_decoration2:1, Steel Wallmount
immersiveengineering:metal_decoration2:2, Aluminium Post
immersiveengineering:metal_decoration2:3, Aluminium Wallmount
immersiveengineering:metal_decoration2:4, Lantern
immersiveengineering:metal_decoration2:5, Razor Wire
immersiveengineering:metal_decoration2:7, Steel Structural Arm
immersiveengineering:metal_decoration2:8, Aluminium Structural Arm
immersiveengineering:metal_decoration1_slab:1, Steel Scaffolding Slab
immersiveengineering:metal_decoration1_slab:2, Steel Scaffolding Slab
immersiveengineering:metal_decoration1_slab:3, Steel Scaffolding Slab
immersiveengineering:metal_decoration1_slab:5, Aluminium Scaffolding Slab
immersiveengineering:metal_decoration1_slab:6, Aluminium Scaffolding Slab
immersiveengineering:metal_decoration1_slab:7, Aluminium Scaffolding Slab
immersiveengineering:steel_scaffolding_stairs0, Steel Scaffolding Stairs
immersiveengineering:steel_scaffolding_stairs1, Steel Scaffolding Stairs
immersiveengineering:steel_scaffolding_stairs2, Steel Scaffolding Stairs
immersiveengineering:aluminum_scaffolding_stairs0, Aluminium Scaffolding Stairs
immersiveengineering:aluminum_scaffolding_stairs1, Aluminium Scaffolding Stairs
immersiveengineering:aluminum_scaffolding_stairs2, Aluminium Scaffolding Stairs
immersiveengineering:metal_ladder:0, Metal Ladder
immersiveengineering:metal_ladder:1, Scaffold Covered Ladder
immersiveengineering:metal_ladder:2, Scaffold Covered Ladder
immersiveengineering:connector:0, LV Wire Connector
immersiveengineering:connector:1, LV Wire Relay
immersiveengineering:connector:2, MV Wire Connector
immersiveengineering:connector:3, MV Wire Relay
immersiveengineering:connector:4, HV Wire Connector
immersiveengineering:connector:5, HV Wire Relay
immersiveengineering:connector:6, Structural Cable Connector
immersiveengineering:connector:7, Transformer
immersiveengineering:connector:8, HV Transformer
immersiveengineering:connector:9, Breaker Switch
immersiveengineering:connector:10, Redstone Breaker
immersiveengineering:connector:11, Current Transformer
immersiveengineering:connector:12, Redstone Wire Connector
immersiveengineering:connector:13, Redstone Probe Connector
immersiveengineering:metal_device0:0, LV Capacitor
immersiveengineering:metal_device0:1, MV Capacitor
immersiveengineering:metal_device0:2, HV Capacitor
immersiveengineering:metal_device0:3, Creative Capacitor
immersiveengineering:metal_device0:4, Metal Barrel
immersiveengineering:metal_device0:5, Fluid Pump
immersiveengineering:metal_device0:6, Fluid Outlet
immersiveengineering:metal_device1:0, Blast Furnace Preheater
immersiveengineering:metal_device1:1, External Heater
immersiveengineering:metal_device1:2, Kinetic Dynamo
immersiveengineering:metal_device1:3, Thermoelectric Generator
immersiveengineering:metal_device1:4, Powered Lantern
immersiveengineering:metal_device1:5, Charging Station
immersiveengineering:metal_device1:6, Fluid Pipe
immersiveengineering:metal_device1:7, Core Sample Drill
immersiveengineering:metal_device1:8, Tesla Coil
immersiveengineering:metal_device1:9, Floodlight
immersiveengineering:metal_device1:10, Chemthrower Turret
immersiveengineering:metal_device1:11, Gun Turret
immersiveengineering:metal_device1:13, Garden Cloche
immersiveengineering:conveyor, tile.immersiveengineering.conveyor.name
immersiveengineering:material:0, Treated Stick
immersiveengineering:material:1, Iron Rod
immersiveengineering:material:2, Steel Rod
immersiveengineering:material:3, Aluminium Rod
immersiveengineering:material:4, Industrial Hemp Fiber
immersiveengineering:material:5, Tough Fabric
immersiveengineering:material:6, Coal Coke
immersiveengineering:material:7, Slag
immersiveengineering:material:8, Iron Mechanical Component
immersiveengineering:material:9, Steel Mechanical Component
immersiveengineering:material:10, Waterwheel Segment
immersiveengineering:material:11, Windmill Blade
immersiveengineering:material:12, Windmill Sail
immersiveengineering:material:13, Wooden Grip
immersiveengineering:material:14, Revolver Barrel
immersiveengineering:material:15, Revolver Drum
immersiveengineering:material:16, Revolver Hammer
immersiveengineering:material:17, Coke Dust
immersiveengineering:material:18, HOP Graphite Dust
immersiveengineering:material:19, HOP Graphite Ingot
immersiveengineering:material:20, Copper Wire
immersiveengineering:material:21, Electrum Wire
immersiveengineering:material:22, Aluminium Wire
immersiveengineering:material:23, Steel Wire
immersiveengineering:material:24, Nitrate Dust
immersiveengineering:material:25, Sulfur Dust
immersiveengineering:material:26, Vacuum Tube
immersiveengineering:material:27, Circuit Board
immersiveengineering:metal:0, Copper Ingot
immersiveengineering:metal:1, Aluminium Ingot
immersiveengineering:metal:2, Lead Ingot
immersiveengineering:metal:3, Silver Ingot
immersiveengineering:metal:4, Nickel Ingot
immersiveengineering:metal:5, Uranium Ingot
immersiveengineering:metal:6, Constantan Ingot
immersiveengineering:metal:7, Electrum Ingot
immersiveengineering:metal:8, Steel Ingot
immersiveengineering:metal:9, Copper Grit
immersiveengineering:metal:10, Aluminium Grit
immersiveengineering:metal:11, Lead Grit
immersiveengineering:metal:12, Silver Grit
immersiveengineering:metal:13, Nickel Grit
immersiveengineering:metal:14, Uranium Grit
immersiveengineering:metal:15, Constantan Grit
immersiveengineering:metal:16, Electrum Grit
immersiveengineering:metal:17, Steel Grit
immersiveengineering:metal:18, Iron Grit
immersiveengineering:metal:19, Gold Grit
immersiveengineering:metal:20, Copper Nugget
immersiveengineering:metal:21, Aluminium Nugget
immersiveengineering:metal:22, Lead Nugget
immersiveengineering:metal:23, Silver Nugget
immersiveengineering:metal:24, Nickel Nugget
immersiveengineering:metal:25, Uranium Nugget
immersiveengineering:metal:26, Constantan Nugget
immersiveengineering:metal:27, Electrum Nugget
immersiveengineering:metal:28, Steel Nugget
immersiveengineering:metal:29, Iron Nugget
immersiveengineering:metal:30, Copper Plate
immersiveengineering:metal:31, Aluminium Plate
immersiveengineering:metal:32, Lead Plate
immersiveengineering:metal:33, Silver Plate
immersiveengineering:metal:34, Nickel Plate
immersiveengineering:metal:35, Uranium Plate
immersiveengineering:metal:36, Constantan Plate
immersiveengineering:metal:37, Electrum Plate
immersiveengineering:metal:38, Steel Plate
immersiveengineering:metal:39, Iron Plate
immersiveengineering:metal:40, Gold Plate
immersiveengineering:tool:0, Engineer's Hammer
immersiveengineering:tool:1, Engineer's Wire Cutters
immersiveengineering:tool:2, Engineer's Voltmeter
immersiveengineering:tool:3, Engineer's Manual
immersiveengineering:pickaxe_steel, Steel Pickaxe
immersiveengineering:shovel_steel, Steel Shovel
immersiveengineering:axe_steel, Steel Axe
immersiveengineering:hoe_steel, Steel Hoe
immersiveengineering:sword_steel, Steel Sword
immersiveengineering:toolbox, Engineer's Toolbox
immersiveengineering:wirecoil:0, LV Wire Coil
immersiveengineering:wirecoil:1, MV Wire Coil
immersiveengineering:wirecoil:2, HV Wire Coil
immersiveengineering:wirecoil:3, Hemp Rope Coil
immersiveengineering:wirecoil:4, Steel Cable Coil
immersiveengineering:wirecoil:5, Redstone Wire Coil
immersiveengineering:wirecoil:6, Insulated LV Wire Coil
immersiveengineering:wirecoil:7, Insulated MV Wire Coil
immersiveengineering:seed:0, Industrial Hemp Seeds
immersiveengineering:drill:0, Mining Drill
immersiveengineering:drillhead:0, Steel Drill Head
immersiveengineering:drillhead:1, Iron Drill Head
immersiveengineering:jerrycan, Jerrycan
immersiveengineering:mold:0, Metal Press Mold: Plate
immersiveengineering:mold:1, Metal Press Mold: Gear
immersiveengineering:mold:2, Metal Press Mold: Rod
immersiveengineering:mold:3, Metal Press Mold: Bullet Casing
immersiveengineering:mold:4, Metal Press Mold: Wire
immersiveengineering:mold:5, Metal Press Mold: Packing 2x2
immersiveengineering:mold:6, Metal Press Mold: Packing 3x3
immersiveengineering:mold:7, Metal Press Mold: Unpacking
immersiveengineering:blueprint, Engineer's Blueprint
immersiveengineering:revolver, Revolver
immersiveengineering:speedloader, Revolver Speedloader
immersiveengineering:bullet:0, Empty Casing
immersiveengineering:bullet:1, Empty Shell
immersiveengineering:bullet:2, Casull Cartridge
immersiveengineering:bullet:2, Armor-Piercing Cartridge
immersiveengineering:bullet:2, Buckshot Cartridge
immersiveengineering:bullet:2, High-Explosive Cartridge
immersiveengineering:bullet:2, Silver Cartridge
immersiveengineering:bullet:2, Dragon's Breath Cartridge
immersiveengineering:bullet:2, Phial Cartridge
immersiveengineering:bullet:2, Flare Cartridge
immersiveengineering:chemthrower, Chemical Thrower
immersiveengineering:railgun, Railgun
immersiveengineering:skyhook, Engineer's Skyhook
immersiveengineering:toolupgrade:0, Pressurized Air Tank
immersiveengineering:toolupgrade:1, Advanced Lubrication System
immersiveengineering:toolupgrade:2, Additional Augers
immersiveengineering:toolupgrade:3, Large Tank
immersiveengineering:toolupgrade:4, Bayonet
immersiveengineering:toolupgrade:5, Extended Magazine
immersiveengineering:toolupgrade:6, Amplifier Electron Tubes
immersiveengineering:toolupgrade:7, Focused Nozzle
immersiveengineering:toolupgrade:8, Precision Scope
immersiveengineering:toolupgrade:9, Additional Capacitors
immersiveengineering:toolupgrade:10, Flashbulb
immersiveengineering:toolupgrade:11, Shock Emitters
immersiveengineering:toolupgrade:12, Magnetic Glove
immersiveengineering:toolupgrade:13, Multitank
immersiveengineering:shader, Shader
immersiveengineering:shader_bag, Shader Grabbag
immersiveengineering:earmuffs, Ear Defenders
immersiveengineering:coresample, Core Sample
immersiveengineering:graphite_electrode, Graphite Electrode
immersiveengineering:faraday_suit_feet, Faraday Boots
immersiveengineering:faraday_suit_legs, Faraday Leggings
immersiveengineering:faraday_suit_chest, Faraday Chestplate
immersiveengineering:faraday_suit_head, Faraday Helmet
immersiveengineering:fluorescent_tube, Fluorescent Tube
immersiveengineering:powerpack, Capacitor Backpack
immersiveengineering:shield, Heavy Plated Shield
immersiveengineering:maintenance_kit, Maintenance Kit
immersiveengineering:steel_armor_feet, Steel Boots
immersiveengineering:steel_armor_legs, Steel Leggings
immersiveengineering:steel_armor_chest, Steel Chestplate
immersiveengineering:steel_armor_head, Steel Helmet
patchouli:guide_book, Guide Book
valkyrielib:guide, Digital Guide
valkyrielib:modifier_component, Modifier Component
valkyrielib:modifier_speed, Speed Modifier
environmentaltech:litherite, Litherite
environmentaltech:litherite_paver, Litherite Paver
environmentaltech:litherite_bricks, Litherite Bricks
environmentaltech:litherite_tiles, Litherite Tiles
environmentaltech:litherite_stairs, Litherite Stairs
environmentaltech:litherite_brick_stairs, Litherite Brick Stairs
environmentaltech:litherite_tile_stairs, Litherite Tile Stairs
environmentaltech:litherite_slab:0, Litherite Slab
environmentaltech:litherite_paver_slab:0, Litherite Paver Slab
environmentaltech:litherite_brick_slab:0, Litherite Brick Slab
environmentaltech:litherite_tile_slab:0, Litherite Tile Slab
environmentaltech:erodium, Erodium
environmentaltech:erodium_paver, Erodium Paver
environmentaltech:erodium_bricks, Erodium Bricks
environmentaltech:erodium_tiles, Erodium Tiles
environmentaltech:erodium_stairs, Erodium Stairs
environmentaltech:erodium_brick_stairs, Erodium Brick Stairs
environmentaltech:erodium_tile_stairs, Erodium Tile Stairs
environmentaltech:erodium_slab:0, Erodium Slab
environmentaltech:erodium_paver_slab:0, Erodium Paver Slab
environmentaltech:erodium_brick_slab:0, Erodium Brick Slab
environmentaltech:erodium_tile_slab:0, Erodium Tile Slab
environmentaltech:kyronite, Kyronite
environmentaltech:kyronite_paver, Kyronite Paver
environmentaltech:kyronite_bricks, Kyronite Bricks
environmentaltech:kyronite_tiles, Kyronite Tiles
environmentaltech:kyronite_stairs, Kyronite Stairs
environmentaltech:kyronite_brick_stairs, Kyronite Brick Stairs
environmentaltech:kyronite_tile_stairs, Kyronite Tile Stairs
environmentaltech:kyronite_slab:0, Kyronite Slab
environmentaltech:kyronite_paver_slab:0, Kyronite Paver Slab
environmentaltech:kyronite_brick_slab:0, Kyronite Brick Slab
environmentaltech:kyronite_tile_slab:0, Kyronite Tile Slab
environmentaltech:pladium, Pladium
environmentaltech:pladium_paver, Pladium Paver
environmentaltech:pladium_bricks, Pladium Bricks
environmentaltech:pladium_tiles, Pladium Tiles
environmentaltech:pladium_stairs, Pladium Stairs
environmentaltech:pladium_brick_stairs, Pladium Brick Stairs
environmentaltech:pladium_tile_stairs, Pladium Tile Stairs
environmentaltech:pladium_slab:0, Pladium Slab
environmentaltech:pladium_paver_slab:0, Pladium Paver Slab
environmentaltech:pladium_brick_slab:0, Pladium Brick Slab
environmentaltech:pladium_tile_slab:0, Pladium Tile Slab
environmentaltech:ionite, Ionite
environmentaltech:ionite_paver, Ionite Paver
environmentaltech:ionite_bricks, Ionite Bricks
environmentaltech:ionite_tiles, Ionite Tiles
environmentaltech:ionite_stairs, Ionite Stairs
environmentaltech:ionite_brick_stairs, Ionite Brick Stairs
environmentaltech:ionite_tile_stairs, Ionite Tile Stairs
environmentaltech:ionite_slab:0, Ionite Slab
environmentaltech:ionite_paver_slab:0, Ionite Paver Slab
environmentaltech:ionite_brick_slab:0, Ionite Brick Slab
environmentaltech:ionite_tile_slab:0, Ionite Tile Slab
environmentaltech:aethium, Aethium
environmentaltech:aethium_paver, Aethium Paver
environmentaltech:aethium_bricks, Aethium Bricks
environmentaltech:aethium_tiles, Aethium Tiles
environmentaltech:aethium_stairs, Aethium Stairs
environmentaltech:aethium_brick_stairs, Aethium Brick Stairs
environmentaltech:aethium_tile_stairs, Aethium Tile Stairs
environmentaltech:aethium_slab:0, Aethium Slab
environmentaltech:aethium_paver_slab:0, Aethium Paver Slab
environmentaltech:aethium_brick_slab:0, Aethium Brick Slab
environmentaltech:aethium_tile_slab:0, Aethium Tile Slab
environmentaltech:lonsdaleite, Lonsdaleite
environmentaltech:lonsdaleite_paver, Lonsdaleite Paver
environmentaltech:lonsdaleite_bricks, Lonsdaleite Bricks
environmentaltech:lonsdaleite_tiles, Lonsdaleite Tiles
environmentaltech:lonsdaleite_stairs, Lonsdaleite Stairs
environmentaltech:lonsdaleite_brick_stairs, Lonsdaleite Brick Stairs
environmentaltech:lonsdaleite_tile_stairs, Lonsdaleite Tile Stairs
environmentaltech:lonsdaleite_slab:0, Lonsdaleite Slab
environmentaltech:lonsdaleite_paver_slab:0, Lonsdaleite Paver Slab
environmentaltech:lonsdaleite_brick_slab:0, Lonsdaleite Brick Slab
environmentaltech:lonsdaleite_tile_slab:0, Lonsdaleite Tile Slab
environmentaltech:mica, Mica
environmentaltech:litherite_crystal, Litherite Crystal
environmentaltech:erodium_crystal, Erodium Crystal
environmentaltech:kyronite_crystal, Kyronite Crystal
environmentaltech:pladium_crystal, Pladium Crystal
environmentaltech:ionite_crystal, Ionite Crystal
environmentaltech:aethium_crystal, Aethium Crystal
environmentaltech:lonsdaleite_crystal, Lonsdaleite Crystal
environmentaltech:interconnect, Interconnect
environmentaltech:tool_multiblock_assembler, Assembler
environmentaltech:connector, Connector
environmentaltech:modifier_null, Null Modifier
environmentaltech:modifier_speed, Speed Modifier
environmentaltech:modifier_luck, Luck Modifier
environmentaltech:structure_frame_1, Structure Frame Tier 1
environmentaltech:structure_frame_2, Structure Frame Tier 2
environmentaltech:structure_frame_3, Structure Frame Tier 3
environmentaltech:structure_frame_4, Structure Frame Tier 4
environmentaltech:structure_frame_5, Structure Frame Tier 5
environmentaltech:structure_frame_6, Structure Frame Tier 6
environmentaltech:structure_panel, Structure Panel
environmentaltech:structure_panel_clear, Clear Structure Panel
environmentaltech:lightning_rod, Lightning Rod
environmentaltech:lightning_rod_insulated, Insulated Lightning Rod
environmentaltech:lightning_cont_1, Lightning Controller Tier 1
environmentaltech:lightning_cont_2, Lightning Controller Tier 2
environmentaltech:lightning_cont_3, Lightning Controller Tier 3
environmentaltech:lightning_cont_4, Lightning Controller Tier 4
environmentaltech:lightning_cont_5, Lightning Controller Tier 5
environmentaltech:lightning_cont_6, Lightning Controller Tier 6
environmentaltech:solar_cont_1, Solar Array Controller Tier 1
environmentaltech:solar_cont_2, Solar Array Controller Tier 2
environmentaltech:solar_cont_3, Solar Array Controller Tier 3
environmentaltech:solar_cont_4, Solar Array Controller Tier 4
environmentaltech:solar_cont_5, Solar Array Controller Tier 5
environmentaltech:solar_cont_6, Solar Array Controller Tier 6
environmentaltech:solar_cell_litherite, Litherite Solar Cell
environmentaltech:solar_cell_erodium, Erodium Solar Cell
environmentaltech:solar_cell_kyronite, Kyronite Solar Cell
environmentaltech:solar_cell_pladium, Pladium Solar Cell
environmentaltech:solar_cell_ionite, Ionite Solar Cell
environmentaltech:solar_cell_aethium, Aethium Solar Cell
environmentaltech:modifier_piezo, Piezo Modifier
environmentaltech:photovoltaic_cell, Photovoltaic Cell
environmentaltech:thermal_cell, Thermal Cell
environmentaltech:laser_core, Laser Core
environmentaltech:laser_lens, Clear Laser Lens
environmentaltech:laser_lens_crystal, Crystal Laser Lens
environmentaltech:laser_lens_colored:0, White Laser Lens
environmentaltech:laser_lens_colored:1, Orange Laser Lens
environmentaltech:laser_lens_colored:2, Magenta Laser Lens
environmentaltech:laser_lens_colored:3, Light Blue Laser Lens
environmentaltech:laser_lens_colored:4, Yellow Laser Lens
environmentaltech:laser_lens_colored:5, Lime Laser Lens
environmentaltech:laser_lens_colored:6, Pink Laser Lens
environmentaltech:laser_lens_colored:7, Gray Laser Lens
environmentaltech:laser_lens_colored:8, Light Gray Laser Lens
environmentaltech:laser_lens_colored:9, Cyan Laser Lens
environmentaltech:laser_lens_colored:10, Purple Laser Lens
environmentaltech:laser_lens_colored:11, Blue Laser Lens
environmentaltech:laser_lens_colored:12, Brown Laser Lens
environmentaltech:laser_lens_colored:13, Green Laser Lens
environmentaltech:laser_lens_colored:14, Red Laser Lens
environmentaltech:laser_lens_colored:15, Black Laser Lens
environmentaltech:modifier_accuracy, Accuracy Modifier
environmentaltech:diode, Diode
environmentaltech:void_ore_miner_cont_1, Void Ore Miner Controller Tier 1
environmentaltech:void_ore_miner_cont_2, Void Ore Miner Controller Tier 2
environmentaltech:void_ore_miner_cont_3, Void Ore Miner Controller Tier 3
environmentaltech:void_ore_miner_cont_4, Void Ore Miner Controller Tier 4
environmentaltech:void_ore_miner_cont_5, Void Ore Miner Controller Tier 5
environmentaltech:void_ore_miner_cont_6, Void Ore Miner Controller Tier 6
environmentaltech:void_res_miner_cont_1, Void Resource Miner Controller Tier 1
environmentaltech:void_res_miner_cont_2, Void Resource Miner Controller Tier 2
environmentaltech:void_res_miner_cont_3, Void Resource Miner Controller Tier 3
environmentaltech:void_res_miner_cont_4, Void Resource Miner Controller Tier 4
environmentaltech:void_res_miner_cont_5, Void Resource Miner Controller Tier 5
environmentaltech:void_res_miner_cont_6, Void Resource Miner Controller Tier 6
environmentaltech:void_botanic_miner_cont_1, Void Botanic Miner Controller Tier 1
environmentaltech:void_botanic_miner_cont_2, Void Botanic Miner Controller Tier 2
environmentaltech:void_botanic_miner_cont_3, Void Botanic Miner Controller Tier 3
environmentaltech:void_botanic_miner_cont_4, Void Botanic Miner Controller Tier 4
environmentaltech:void_botanic_miner_cont_5, Void Botanic Miner Controller Tier 5
environmentaltech:void_botanic_miner_cont_6, Void Botanic Miner Controller Tier 6
environmentaltech:modifier_creative_flight, Creative Flight Modifier
environmentaltech:modifier_flight_speed, Flight Speed Modifier
environmentaltech:modifier_haste, Haste Modifier
environmentaltech:modifier_strength, Strength Modifier
environmentaltech:modifier_jump_boost, Jump Boost Modifier
environmentaltech:modifier_regeneration, Regen Modifier
environmentaltech:modifier_resistance, Resistance Modifier
environmentaltech:modifier_fire_resistance, Fire Resistance Modifier
environmentaltech:modifier_water_breathing, Water Breathing Modifier
environmentaltech:modifier_invisibility, Invisibility Modifier
environmentaltech:modifier_night_vision, Night Vision Modifier
environmentaltech:modifier_health_boost, Health Boost Modifier
environmentaltech:modifier_absorption, Absoption Modifier
environmentaltech:modifier_saturation, Saturation Modifier
environmentaltech:modifier_glowing, Glowing Modifier
environmentaltech:nano_cont_ranged_1, Ranged Nano Bot Beacon Tier 1
environmentaltech:nano_cont_ranged_2, Ranged Nano Bot Beacon Tier 2
environmentaltech:nano_cont_ranged_3, Ranged Nano Bot Beacon Tier 3
environmentaltech:nano_cont_ranged_4, Ranged Nano Bot Beacon Tier 4
environmentaltech:nano_cont_ranged_5, Ranged Nano Bot Beacon Tier 5
environmentaltech:nano_cont_ranged_6, Ranged Nano Bot Beacon Tier 6
hbm:test_render, tile.test_render.name
hbm:obj_tester, tile.obj_tester.name
hbm:cheater_virus, Gelid Euphemium
hbm:cheater_virus_seed, Unstable Euphemium Schrabide Block
hbm:crystal_virus, Dark Crystal
hbm:crystal_hardened, Hardened Dark Crystal
hbm:crystal_pulsar, Pulsating Crystal
hbm:balefire, Balefire
hbm:fire_digamma, Lingering Digamma
hbm:digamma_matter, Digammarium
hbm:machine_converter_he_rf, HE to RF Converter
hbm:machine_converter_rf_he, RF to HE Converter
hbm:asphalt, Asphalt
hbm:asphalt_light, Glowing Asphalt
hbm:reinforced_glass, Reinforced Glass
hbm:reinforced_glass_pane, Reinforced Glass Pane
hbm:reinforced_light, Reinforced Glowstone
hbm:reinforced_lamp_off, Reinforced Lamp
hbm:reinforced_lamp_on, Reinforced Lamp
hbm:reinforced_stone, Dense Stone
hbm:brick_concrete, Concrete Bricks
hbm:brick_concrete_mossy, Mossy Concrete Bricks
hbm:brick_concrete_cracked, Cracked Concrete Bricks
hbm:brick_concrete_broken, Broken Concrete Bricks
hbm:brick_concrete_marked, Marked Concrete Bricks
hbm:reinforced_brick, Reinforced Stone
hbm:brick_compound, Compound Mesh
hbm:brick_light, Light Bricks
hbm:brick_asbestos, Asbestos Bricks
hbm:reinforced_sand, Reinforced Sandstone
hbm:brick_obsidian, Obsidian Bricks
hbm:cmb_brick, CMB Steel Tile
hbm:cmb_brick_reinforced, Reinforced CMB Bricks
hbm:reinforced_laminate, Reinforced Laminate
hbm:reinforced_laminate_pane, Reinforced Laminate Pane
hbm:concrete, Concrete Tile
hbm:concrete_smooth, Concrete
hbm:concrete_colored:0, White Concrete
hbm:concrete_colored:1, Orange Concrete
hbm:concrete_colored:2, Magenta Concrete
hbm:concrete_colored:3, Light Blue Concrete
hbm:concrete_colored:4, Yellow Concrete
hbm:concrete_colored:5, Lime Concrete
hbm:concrete_colored:6, Pink Concrete
hbm:concrete_colored:7, Gray Concrete
hbm:concrete_colored:8, Light Gray Concrete
hbm:concrete_colored:9, Cyan Concrete
hbm:concrete_colored:10, Purple Concrete
hbm:concrete_colored:11, Blue Concrete
hbm:concrete_colored:12, Brown Concrete
hbm:concrete_colored:13, Green Concrete
hbm:concrete_colored:14, Red Concrete
hbm:concrete_colored:15, Black Concrete
hbm:concrete_colored_ext:0, Builder's Choice Concrete - Industrial Tinge
hbm:concrete_colored_ext:1, Builder's Choice Concrete - Industrial Stripe
hbm:concrete_colored_ext:2, Builder's Choice Concrete - Deep Indigo
hbm:concrete_colored_ext:3, Builder's Choice Concrete - Mysterious Purple
hbm:concrete_colored_ext:4, Builder's Choice Concrete - Manly Pink
hbm:concrete_colored_ext:5, Builder's Choice Concrete - Hazard Stripe
hbm:concrete_colored_ext:6, Builder's Choice Concrete - Desert Storm
hbm:concrete_colored_ext:7, Builder's Choice Concrete - Bronze Plating
hbm:rebar, Rebar
hbm:concrete_rebar, Reinforced Concrete
hbm:concrete_super:0, Über Concrete
hbm:concrete_super:1, Über Concrete
hbm:concrete_super:2, Über Concrete
hbm:concrete_super:3, Über Concrete
hbm:concrete_super:4, Über Concrete
hbm:concrete_super:5, Über Concrete
hbm:concrete_super:6, Über Concrete
hbm:concrete_super:7, Über Concrete
hbm:concrete_super:8, Über Concrete
hbm:concrete_super:9, Über Concrete
hbm:concrete_super:10, Über Concrete
hbm:concrete_super:11, Über Concrete
hbm:concrete_super:12, Über Concrete
hbm:concrete_super:13, Über Concrete
hbm:concrete_super:14, Über Concrete
hbm:concrete_super_broken, Moldy Debris
hbm:concrete_asbestos, Asbestos Concrete
hbm:concrete_pillar, Rebar Reinforced Concrete Pillar
hbm:ducrete_smooth, Ducrete Tile
hbm:ducrete, Ducrete
hbm:ducrete_brick, Ducrete Brick
hbm:ducrete_reinforced, Reinforced Ducrete
hbm:lightstone:0, Raw Lightstone
hbm:lightstone:1, Lightstone Tile
hbm:lightstone:2, Lightstone Bricks
hbm:lightstone:3, Lightstone Chiseled Bricks
hbm:lightstone:4, Chiseled Lightstone
hbm:vinyl_tile:0, Large Vinyl Tile
hbm:vinyl_tile:1, Small Vinyl Tiles
hbm:tile_lab, Laboratory Tiles
hbm:tile_lab_cracked, Cracked Laboratory Tiles
hbm:tile_lab_broken, Broken Laboratory Tiles
hbm:reinforced_stone_stairs, Dense Stone Stairs
hbm:brick_concrete_stairs, Concrete Brick Stairs
hbm:brick_concrete_mossy_stairs, Mossy Concrete Brick Stairs
hbm:brick_concrete_cracked_stairs, Cracked Concrete Brick Stairs
hbm:brick_concrete_broken_stairs, Broken Concrete Brick Stairs
hbm:reinforced_brick_stairs, Reinforced Stone Stairs
hbm:brick_compound_stairs, Compound Mesh Stairs
hbm:brick_asbestos_stairs, Asbestos Brick Stairs
hbm:brick_light_stairs, Light Bricks Stairs
hbm:lightstone_tile_stairs, Lightstone Tile Stairs
hbm:lightstone_bricks_stairs, Lightstone Brick Stairs
hbm:reinforced_sand_stairs, Reinforced Sand Stairs
hbm:brick_obsidian_stairs, Obsidian Brick Stairs
hbm:cmb_brick_reinforced_stairs, Reinforced CMB Brick Stairs
hbm:concrete_stairs, Concrete Tile Stairs
hbm:concrete_smooth_stairs, Concrete Stairs
hbm:concrete_colored_stairs_white, White Concrete Stairs
hbm:concrete_colored_stairs_orange, Orange Concrete Stairs
hbm:concrete_colored_stairs_magenta, Magenta Concrete Stairs
hbm:concrete_colored_stairs_light_blue, Light Blue Concrete Stairs
hbm:concrete_colored_stairs_yellow, Yellow Concrete Stairs
hbm:concrete_colored_stairs_lime, Lime Concrete Stairs
hbm:concrete_colored_stairs_pink, Pink Concrete Stairs
hbm:concrete_colored_stairs_gray, Gray Concrete Stairs
hbm:concrete_colored_stairs_silver, Silver Concrete Stairs
hbm:concrete_colored_stairs_cyan, Cyan Concrete Stairs
hbm:concrete_colored_stairs_purple, Purple Concrete Stairs
hbm:concrete_colored_stairs_blue, Blue Concrete Stairs
hbm:concrete_colored_stairs_brown, Brown Concrete Stairs
hbm:concrete_colored_stairs_green, Green Concrete Stairs
hbm:concrete_colored_stairs_red, Red Concrete Stairs
hbm:concrete_colored_stairs_black, Black Concrete Stairs
hbm:concrete_colored_ext_stairs_machine, Builder's Choice Concrete - Industrial Tinge Stairs
hbm:concrete_colored_ext_stairs_machine_stripe, Builder's Choice Concrete - Industrial Stripe Stairs
hbm:concrete_colored_ext_stairs_indigo, Builder's Choice Concrete - Deep Indigo Stairs
hbm:concrete_colored_ext_stairs_purple, Builder's Choice Concrete - Mysterious Purple Stairs
hbm:concrete_colored_ext_stairs_pink, Builder's Choice Concrete - Manly Pink Stairs
hbm:concrete_colored_ext_stairs_hazard, Builder's Choice Concrete - Hazard Stripe Stairs
hbm:concrete_colored_ext_stairs_sand, Builder's Choice Concrete - Desert Storm Stairs
hbm:concrete_colored_ext_stairs_bronze, Builder's Choice Concrete - Bronze Plating Stairs
hbm:concrete_asbestos_stairs, Asbestos Concrete Stairs
hbm:ducrete_smooth_stairs, Ducrete Tile Stairs
hbm:ducrete_stairs, Ducrete Stairs
hbm:ducrete_brick_stairs, Ducrete Brick Stairs
hbm:ducrete_reinforced_stairs, Reinforced Ducrete Stairs
hbm:tile_lab_stairs, Laboratory Tile Stairs
hbm:tile_lab_cracked_stairs, Cracked Laboratory Tile Stairs
hbm:tile_lab_broken_stairs, Broken Laboratory Tile Stairs
hbm:reinforced_stone_slab:0, Dense Stone Slab
hbm:brick_concrete_slab:0, Concrete Brick Slab
hbm:brick_concrete_mossy_slab:0, Mossy Concrete Brick Slab
hbm:brick_concrete_cracked_slab:0, Cracked Concrete Brick Slab
hbm:brick_concrete_broken_slab:0, Broken Concrete Brick Slab
hbm:reinforced_brick_slab:0, Reinforced Stone Slab
hbm:brick_light_slab:0, Light Brick Slab
hbm:brick_compound_slab:0, Compound Mesh Slab
hbm:brick_asbestos_slab:0, Asbestos Brick Slab
hbm:brick_fire_slab:0, Firebrick Slab
hbm:reinforced_sand_slab:0, Reinforced Sand Slab
hbm:brick_obsidian_slab:0, Obsidian Brick Slab
hbm:cmb_brick_reinforced_slab:0, Reinforced CMB Brick Slab
hbm:concrete_slab:0, Concrete Tile Slab
hbm:concrete_smooth_slab:0, Concrete Slab
hbm:concrete_white_slab:0, White Concrete Slab
hbm:concrete_orange_slab:0, Orange Concrete Slab
hbm:concrete_magenta_slab:0, Magenta Concrete Slab
hbm:concrete_light_blue_slab:0, Light Blue Concrete Slab
hbm:concrete_yellow_slab:0, Yellow Concrete Slab
hbm:concrete_lime_slab:0, Lime Concrete Slab
hbm:concrete_pink_slab:0, Pink Concrete Slab
hbm:concrete_gray_slab:0, Gray Concrete Slab
hbm:concrete_silver_slab:0, Silver Concrete Slab
hbm:concrete_cyan_slab:0, Cyan Concrete Slab
hbm:concrete_purple_slab:0, Purple Concrete Slab
hbm:concrete_blue_slab:0, Blue Concrete Slab
hbm:concrete_brown_slab:0, Brown Concrete Slab
hbm:concrete_green_slab:0, Green Concrete Slab
hbm:concrete_red_slab:0, Red Concrete Slab
hbm:concrete_black_slab:0, Black Concrete Slab
hbm:concrete_asbestos_slab:0, Asbestos Concrete Slab
hbm:ducrete_smooth_slab:0, Ducrete Tile Slab
hbm:ducrete_slab:0, Ducrete Slab
hbm:ducrete_brick_slab:0, Ducrete Brick Slab
hbm:ducrete_reinforced_slab:0, Reinforced Ducrete Slab
hbm:tile_lab_slab:0, Laboratory Tile Slab
hbm:tile_lab_cracked_slab:0, Cracked Laboratory Tile Slab
hbm:tile_lab_broken_slab:0, Broken Laboratory Tile Slab
hbm:lamp_demon, Demon Core Lamp
hbm:lantern, Lantern
hbm:lantern_behemoth, Old Lantern
hbm:lamp_tritium_green_off, Green Tritium Lamp
hbm:lamp_tritium_green_on, Green Tritium Lamp
hbm:lamp_tritium_blue_off, Blue Tritium Lamp
hbm:lamp_tritium_blue_on, Blue Tritium Lamp
hbm:spotlight_incandescent, Cage Lamp
hbm:spotlight_incandescent_off, Cage Lamp
hbm:spotlight_fluoro, Fluorescent Light
hbm:spotlight_fluoro_off, Fluorescent Light
hbm:spotlight_halogen, Halogen Floodlight
hbm:spotlight_halogen_off, Halogen Floodlight
hbm:spotlight_beam, tile.spotlight_beam.name
hbm:floodlight, Powered Floodlight
hbm:floodlight_beam, tile.floodlight_beam.name
hbm:block_scrap, Block of Scrap
hbm:block_electrical_scrap, Block of Electrical Scrap
hbm:ore_uranium, Uranium Ore
hbm:ore_uranium_scorched, Scorched Uranium Ore
hbm:ore_schrabidium, Schrabidium Ore
hbm:ore_sellafield_emerald:0, Sellafite Emerald Ore
hbm:ore_sellafield_uranium_scorched:0, Scorched Sellafite Uranium Ore
hbm:ore_sellafield_schrabidium:0, Sellafite Schrabidium Ore
hbm:ore_sellafield_diamond:0, Sellafite Diamond Ore
hbm:ore_sellafield_radgem:0, Sellafite Radioactive Gem Ore
hbm:ore_thorium, Thorium Ore
hbm:ore_titanium, Titanium Ore
hbm:ore_sulfur, Sulfur Ore
hbm:ore_niter, Niter Ore
hbm:ore_copper, Copper Ore
hbm:ore_tungsten, Tungsten Ore
hbm:ore_aluminium, Aluminium-Bearing Ore
hbm:ore_fluorite, Fluorite Ore
hbm:ore_lead, Lead Ore
hbm:ore_beryllium, Beryllium Ore
hbm:ore_lignite, Lignite Ore
hbm:ore_asbestos, Asbestos Ore
hbm:ore_rare, Rare Earth Ore
hbm:cluster_iron, Iron Ore Cluster
hbm:cluster_titanium, Titanium Ore Cluster
hbm:cluster_aluminium, Aluminium Ore Cluster
hbm:cluster_copper, Copper Ore Cluster
hbm:ore_cobalt, Cobalt Ore
hbm:ore_cinnabar, Cinnabar Ore
hbm:ore_coltan, Coltan Ore
hbm:ore_australium, Australian Ore
hbm:stone_depth, Depth Rock
hbm:ore_depth_cinnabar, Depth Cinnabar Ore
hbm:ore_depth_zirconium, Depth Zirconium Ore
hbm:ore_depth_borax, Depth Borax Ore
hbm:ore_alexandrite, Alexandrite Ore
hbm:cluster_depth_iron, Depth Iron Ore Cluster
hbm:cluster_depth_titanium, Depth Titanium Ore Cluster
hbm:cluster_depth_tungsten, Depth Tungsten Ore Cluster
hbm:ore_bedrock_coltan, Bedrock Coltan Ore
hbm:ore_bedrock_oil, Bedrock Oil Deposit
hbm:ore_bedrock_block, Bedrock Ore
hbm:ore_volcano, Geothermal Vent
hbm:ore_oil, Oil Deposit
hbm:ore_oil_empty, Empty Oil Deposit
hbm:ore_oil_sand, Tar Sand
hbm:stone_gneiss, Graphitic Schist
hbm:gneiss_brick, Schist Brick
hbm:gneiss_tile, Schist Tile
hbm:gneiss_chiseled, Chiseled Schist
hbm:ore_gneiss_iron, Schist Iron Ore
hbm:ore_gneiss_gold, Schist Gold Ore
hbm:ore_gneiss_uranium, Schist Uranium Ore
hbm:ore_gneiss_uranium_scorched, Scorched Schist Uranium Ore
hbm:ore_gneiss_copper, Schist Copper Ore
hbm:ore_gneiss_asbestos, Schist Asbestos Ore
hbm:ore_gneiss_lithium, Schist Lithium Ore
hbm:ore_gneiss_schrabidium, Schist Schrabidium Ore
hbm:ore_gneiss_rare, Schist Rare Earth Ore
hbm:ore_gneiss_gas, Gas Shale
hbm:ore_tikite, Trixite
hbm:ore_nether_coal, Burning Nether Coal Ore
hbm:ore_nether_smoldering, Smoldering Netherrack
hbm:ore_nether_cobalt, Nether Cobalt Ore
hbm:ore_nether_tungsten, Nether Tungsten Ore
hbm:ore_nether_sulfur, Nether Sulfur Ore
hbm:ore_nether_fire, Nether Phosphorus Ore
hbm:ore_nether_uranium, Nether Uranium Ore
hbm:ore_nether_uranium_scorched, Scorched Nether Uranium Ore
hbm:ore_nether_plutonium, Nether Plutonium Ore
hbm:ore_nether_schrabidium, Nether Schrabidium Ore
hbm:stone_depth_nether, Nether Depth Rock
hbm:ore_depth_nether_neodymium, Nether Depth Neodymium Ore
hbm:ore_depth_nether_nitan, Nether Depth Nitanium Ore
hbm:block_meteor, Meteorite Block
hbm:block_meteor_cobble, Meteorite Cobblestone
hbm:block_meteor_broken, Broken Meteorite Block
hbm:block_meteor_molten, Hot Meteorite Cobblestone
hbm:block_meteor_treasure, Meteorite Treasure Block
hbm:ore_meteor:0, Meteor Iron Ore
hbm:ore_meteor:1, Meteor Copper Ore
hbm:ore_meteor:2, Meteor Aluminium Ore
hbm:ore_meteor:3, Meteor Rare Earth Ore
hbm:ore_meteor:4, Meteor Cobalt Ore
hbm:meteor_polished, Polished Meteor Block
hbm:meteor_brick, Meteor Bricks
hbm:meteor_brick_mossy, Mossy Meteor Bricks
hbm:meteor_brick_cracked, Cracked Meteor Bricks
hbm:meteor_brick_chiseled, Chiseled Meteor Bricks
hbm:meteor_pillar, Meteor Pillar
hbm:meteor_spawner, Cyber Crab Assembler
hbm:meteor_battery, Starmetal Static Electricity Generator
hbm:brick_jungle, Enargite Bricks
hbm:brick_jungle_cracked, Cracked Enargite Bricks
hbm:brick_jungle_lava, Magmatic Enargite Bricks
hbm:brick_jungle_ooze, Radioactive Enargite Bricks
hbm:brick_jungle_mystic, Arcane Enargite Bricks
hbm:brick_jungle_trap, Trapped Enargite Bricks
hbm:brick_jungle_glyph, Enargite Glyph Bricks
hbm:brick_jungle_circle, Mechanist's Circle
hbm:stone_keyhole, Strange Stone
hbm:stone_keyhole_meta, Strange Red Room Brick
hbm:brick_red, Red Room Brick
hbm:deco_computer:0, IBM Personal Computer 300PL
hbm:deco_crt:0, Old CRT Screen
hbm:deco_crt:1, Old CRT Screen
hbm:deco_crt:2, Old CRT Screen
hbm:deco_crt:3, Old CRT Screen
hbm:deco_toaster:0, Broken Toaster
hbm:deco_toaster:1, Broken Toaster
hbm:deco_toaster:2, Broken Toaster
hbm:filing_cabinet:0, Dusty Filing Cabinet
hbm:filing_cabinet:1, Steel Filing Cabinet
hbm:dungeon_spawner, tile.dungeon_spawner.name
hbm:brick_dungeon, Berzelianite Bricks
hbm:brick_dungeon_flat, Berzelianite Block
hbm:brick_dungeon_tile, Berzelianite Tile
hbm:brick_dungeon_circle, Berzelianite Cirlce
hbm:block_niter, Block of Niter
hbm:block_niter_reinforced, Reinforced Block of Niter
hbm:block_sulfur, Block of Sulfur
hbm:block_thorium, Block of Thorium-232
hbm:block_thorium_fuel, Block of Thorium Fuel
hbm:block_neptunium, Block of Neptunium
hbm:block_polonium, Block of Polonium-210
hbm:block_mox_fuel, Block of MOX Fuel
hbm:block_plutonium, Block of Plutonium
hbm:block_pu238, Block of Plutonium-238
hbm:block_pu239, Block of Plutonium-239
hbm:block_pu240, Block of Plutonium-240
hbm:block_pu_mix, Block of Reactor Grade Plutonium
hbm:block_plutonium_fuel, Block of Plutonium Fuel
hbm:block_uranium, Block of Uranium
hbm:block_u233, Block of Uranium-233
hbm:block_u235, Block of Uranium-235
hbm:block_u238, Block of Uranium-238
hbm:block_uranium_fuel, Block of Uranium Fuel
hbm:block_titanium, Block of Titanium
hbm:block_copper, Block of Copper
hbm:block_red_copper, Block of Red Copper
hbm:block_advanced_alloy, Block of Advanced Alloy
hbm:block_tungsten, Block of Tungsten
hbm:block_aluminium, Block of Aluminium
hbm:block_fluorite, Block of Fluorite
hbm:block_steel, Block of Steel
hbm:block_lead, Block of Lead
hbm:block_tcalloy, Block of Technetium Steel
hbm:block_cdalloy, Block of Cadmium Steel
hbm:block_cadmium, Block of Cadmium
hbm:block_bismuth, Block of Bismuth
hbm:block_coltan, Block of Coltan
hbm:block_tantalium, Block of Tantalium
hbm:block_niobium, Block of Niobium
hbm:block_trinitite, Block of Trinitite
hbm:block_beryllium, Block of Beryllium
hbm:block_schraranium, Block of Schraranium
hbm:block_schrabidium, Block of Schrabidium
hbm:block_schrabidate, Block of Ferric Schrabidate
hbm:block_solinium, Block of Solinium
hbm:block_schrabidium_fuel, Block of Schrabidium Fuel
hbm:block_au198, Block of Gold-198
hbm:block_euphemium, Block of Euphemium
hbm:block_dineutronium, Block of Dineutronium
hbm:block_schrabidium_cluster, Schrabidium Cluster
hbm:block_euphemium_cluster, Euphemium-Etched Schrabidium Cluster
hbm:block_combine_steel, Block of CMB Steel
hbm:block_magnetized_tungsten, Block of Magnetized Tungsten
hbm:block_desh, Reinforced Block of Desh
hbm:block_dura_steel, Reinforced Block of High-Speed Steel
hbm:block_saturnite, Block of Saturnite
hbm:tektite, Tektite
hbm:ore_tektite_osmiridium, Osmiridium-Infused Tektite
hbm:impact_dirt, Scorched Dirt
hbm:gravel_obsidian, Crushed Obsidian
hbm:gravel_diamond, Diamond Gravel
hbm:moon_turf, Moon Turf
hbm:deco_titanium, Titanium Deco Block
hbm:deco_red_copper, Red Copper Deco Block
hbm:deco_tungsten, Tungsten Deco Block
hbm:deco_aluminium, Aluminium Deco Block
hbm:deco_steel, Steel Deco Block
hbm:deco_rusty_steel, Rusty Steel Deco Block
hbm:deco_lead, Lead Deco Block
hbm:deco_beryllium, Beryllium Deco Block
hbm:deco_asbestos, Asbestos Roof
hbm:deco_rbmk, 2x2 RBMK Deco Block
hbm:deco_rbmk_smooth, 1x1 RBMK Deco Block
hbm:deco_rbmk_panel, 2x2 RBMK Panel Deco Block
hbm:deco_rbmk_smooth_panel, 1x1 RBMK Panel Deco Block
hbm:deco_rbmk_panel_slab2, 2x2 RBMK Panel Deco Block Layer
hbm:deco_rbmk_smooth_panel_slab2, 1x1 RBMK Panel Deco Block Layer
hbm:deco_loot, Loot Pile
hbm:bobblehead:1, Bobblehead
hbm:bobblehead:2, Bobblehead
hbm:bobblehead:3, Bobblehead
hbm:bobblehead:4, Bobblehead
hbm:bobblehead:5, Bobblehead
hbm:bobblehead:6, Bobblehead
hbm:bobblehead:7, Bobblehead
hbm:bobblehead:8, Bobblehead
hbm:bobblehead:9, Bobblehead
hbm:bobblehead:10, Bobblehead
hbm:bobblehead:11, Bobblehead
hbm:bobblehead:12, Bobblehead
hbm:bobblehead:13, Bobblehead
hbm:bobblehead:14, Bobblehead
hbm:bobblehead:15, Bobblehead
hbm:bobblehead:16, Bobblehead
hbm:bobblehead:17, Bobblehead
hbm:bobblehead:18, Bobblehead
hbm:bobblehead:19, Bobblehead
hbm:bobblehead:20, Bobblehead
hbm:bobblehead:21, Bobblehead
hbm:bobblehead:22, Bobblehead
hbm:bobblehead:23, Bobblehead
hbm:bobblehead:24, Bobblehead
hbm:bobblehead:25, Bobblehead
hbm:bobblehead:26, Bobblehead
hbm:bobblehead:27, Bobblehead
hbm:bobblehead:28, Bobblehead
hbm:snowglobe:1, Snowglobe
hbm:snowglobe:2, Snowglobe
hbm:snowglobe:3, Snowglobe
hbm:snowglobe:4, Snowglobe
hbm:snowglobe:5, Snowglobe
hbm:plushie:1, Yomi Plushie
hbm:plushie:2, Number Nine Plushie
hbm:plushie:3, Hundun Plushie
hbm:plushie:4, Dragon Plushie
hbm:pedestal, Pedestal
hbm:skeleton_holder, Oh, that's a dead guy
hbm:spinny_light, Spinny Light
hbm:hazmat, Hazmat Cloth Block
hbm:tape_recorder, Tape Recorder
hbm:steel_poles, Steel Pole
hbm:pole_top, Antenna Top
hbm:pole_satellite_receiver, Satellite Dish
hbm:steel_wall, Steel Wall
hbm:steel_corner, Steel Wall Corner
hbm:steel_roof, Flat Steel Roof
hbm:steel_beam, Steel Beam
hbm:steel_scaffold:0, Steel Scaffold
hbm:steel_scaffold:1, Steel Scaffold
hbm:steel_scaffold:2, Steel Scaffold
hbm:steel_scaffold:3, Steel Scaffold
hbm:steel_grate, Steel Grate
hbm:steel_grate_wide, Item Grate
hbm:deco_pipe, Steel Pipe
hbm:deco_pipe_rusted, Rusty Steel Pipe
hbm:deco_pipe_green, Green Steel Pipe
hbm:deco_pipe_green_rusted, Rusty Green Steel Pipe
hbm:deco_pipe_red, Red Steel Pipe
hbm:deco_pipe_marked, Gas Pipe
hbm:deco_pipe_rim, Steel Pipe (Rimmed)
hbm:deco_pipe_rim_rusted, Rusty Steel Pipe (Rimmed)
hbm:deco_pipe_rim_green, Green Steel Pipe (Rimmed)
hbm:deco_pipe_rim_green_rusted, Rusty Green Steel Pipe (Rimmed)
hbm:deco_pipe_rim_red, Red Steel Pipe (Rimmed)
hbm:deco_pipe_rim_marked, Gas Pipe (Rimmed)
hbm:deco_pipe_framed, Steel Pipe (Framed)
hbm:deco_pipe_framed_rusted, Rusty Steel Pipe (Framed)
hbm:deco_pipe_framed_green, Green Steel Pipe (Framed)
hbm:deco_pipe_framed_green_rusted, Rusty Green Steel Pipe (Framed)
hbm:deco_pipe_framed_red, Red Steel Pipe (Framed)
hbm:deco_pipe_framed_marked, Gas Pipe (Framed)
hbm:deco_pipe_quad, Steel Pipes
hbm:deco_pipe_quad_rusted, Rusty Steel Pipes
hbm:deco_pipe_quad_green, Green Steel Pipes
hbm:deco_pipe_quad_green_rusted, Rusty Green Steel Pipes
hbm:deco_pipe_quad_red, Red Steel Pipes
hbm:deco_pipe_quad_marked, Gas Pipes
hbm:glyphid_base, Glyphid Hive Block
hbm:glyphid_spawner, Glyphid Hive Spawner
hbm:mush, Glowing Mushroom
hbm:mush_block, Grown Glowing Shroom
hbm:mush_block_stem, Grown Glowing Shroom Stem
hbm:block_waste, Block of Nuclear Waste
hbm:block_waste_painted, Painted Block of Nuclear Waste
hbm:block_waste_vitrified, Vitrified Block of Nuclear Waste
hbm:waste_mycelium, Glowing Mycelium
hbm:waste_earth, Dead Grass
hbm:waste_trinitite, Trinitite Ore
hbm:waste_trinitite_red, Red Trinitite Ore
hbm:waste_log, Charred Log
hbm:waste_planks, Charred Wooden Planks
hbm:waste_leaves, Dead Leaves
hbm:waste_grass_tall, Waste Grass
hbm:burning_earth, Burning Grass
hbm:plant_flower:0, Foxglove
hbm:plant_flower:1, Hemp
hbm:plant_flower:2, Mustard Willow
hbm:plant_flower:3, Mustard Willow
hbm:plant_flower:4, Deadly Nightshade
hbm:plant_flower:5, Tobacco Plant
hbm:plant_tall:0, Hemp
hbm:plant_tall:1, Hemp
hbm:plant_tall:2, tile.plant_tall.mustard_willow_2.name
hbm:plant_tall:3, tile.plant_tall.mustard_willow_2.name
hbm:plant_tall:4, tile.plant_tall.mustard_willow_3.name
hbm:plant_tall:5, tile.plant_tall.mustard_willow_3.name
hbm:plant_tall:6, tile.plant_tall.mustard_willow_4.name
hbm:plant_tall:7, tile.plant_tall.mustard_willow_4.name
hbm:plant_dead:0, Dead Plant
hbm:plant_dead:1, Dead Plant
hbm:plant_dead:2, Dead Plant
hbm:plant_dead:3, Dead Plant
hbm:plant_dead:4, Dead Plant
hbm:plant_reeds:0, Reeds
hbm:dirt_dead, Dead Dirt
hbm:dirt_oily, Oily Dirt
hbm:sand_dirty, Oily Sand
hbm:sand_dirty_red, Red Oily Sand
hbm:stone_cracked, Cracked Stone
hbm:frozen_grass, Frozen Grass
hbm:frozen_log, Frozen Log
hbm:frozen_planks, Frozen Planks
hbm:frozen_dirt, Frozen Dirt
hbm:fallout, Fallout
hbm:block_fallout, Block of Fallout
hbm:foam_layer, Foam layer
hbm:sand_boron_layer, Boron Sand Layer
hbm:leaves_layer, Fallen Leaves
hbm:oil_spill, Oil Spill
hbm:block_boron, Block of Boron
hbm:block_lanthanium, Block of Lanthanium
hbm:block_ra226, Block of Radium-226
hbm:block_actinium, Block of Actinium
hbm:block_tritium, Block of Tritium Cells
hbm:block_semtex, Block of Semtex
hbm:block_c4, Block of C-4
hbm:block_smore, Block of S'more
hbm:block_slag:0, Block of Slag
hbm:block_slag:1, Block of Slag
hbm:sellafield_slaked, Slaked Sellafite
hbm:sellafield_bedrock, Bedrock Sellafite
hbm:sellafield:0, Sellafite
hbm:sellafield:1, Hot Sellafite
hbm:sellafield:2, Boiling Sellafite
hbm:sellafield:3, Blazing Sellafite
hbm:sellafield:4, Infernal Sellafite
hbm:sellafield:5, Sellafite-Corium
hbm:geysir_water, Water Geysir
hbm:geysir_chlorine, Cloud Geysir
hbm:geysir_vapor, Vapor Geysir
hbm:geysir_nether, Magma Geysir
hbm:block_yellowcake, Block of Yellowcake
hbm:block_starmetal, §9Block of Starmetal§r
hbm:block_polymer, Block of Polymer
hbm:block_bakelite, Block of Bakelite
hbm:block_rubber, Block of Rubber
hbm:block_asbestos, Block of Asbestos
hbm:brick_fire, Firebricks
hbm:brick_fire_stairs, Firebrick Stairs
hbm:block_cobalt, Block of Cobalt
hbm:block_lithium, Block of Lithium
hbm:block_zirconium, Block of Zirconium
hbm:block_insulator, Roll of Insulation
hbm:block_fiberglass, Roll of Fiberglass
hbm:block_white_phosphorus, Block of White Phosphorus
hbm:block_red_phosphorus, Block of Red Phosphorus
hbm:block_foam, Foam
hbm:block_coke:0, Block of Coal Coke
hbm:block_coke:1, Block of Lignite Coke
hbm:block_coke:2, Block of Petroleum Coke
hbm:block_graphite:0, Block of Graphite
hbm:block_graphite_drilled:0, Drilled Graphite
hbm:block_graphite_drilled:1, Drilled Graphite
hbm:block_graphite_drilled:2, Drilled Graphite
hbm:block_graphite_drilled:3, Drilled Graphite
hbm:block_graphite_drilled:4, Drilled Graphite
hbm:block_graphite_drilled:5, Drilled Graphite
hbm:block_graphite_drilled:6, Drilled Graphite
hbm:block_graphite_drilled:7, Drilled Graphite
hbm:block_graphite_drilled:8, Drilled Graphite
hbm:block_graphite_drilled:9, Drilled Graphite
hbm:block_graphite_drilled:10, Drilled Graphite
hbm:block_graphite_drilled:11, Drilled Graphite
hbm:block_graphite_drilled:12, Drilled Graphite
hbm:block_graphite_drilled:13, Drilled Graphite
hbm:block_graphite_drilled:14, Drilled Graphite
hbm:block_graphite_fuel:0, Pile Fuel
hbm:block_graphite_fuel:1, Pile Fuel
hbm:block_graphite_fuel:2, Pile Fuel
hbm:block_graphite_fuel:3, Pile Fuel
hbm:block_graphite_fuel:4, Pile Fuel
hbm:block_graphite_fuel:5, Pile Fuel
hbm:block_graphite_fuel:6, Pile Fuel
hbm:block_graphite_fuel:7, Pile Fuel
hbm:block_graphite_fuel:8, Pile Fuel
hbm:block_graphite_fuel:9, Pile Fuel
hbm:block_graphite_fuel:10, Pile Fuel
hbm:block_graphite_fuel:11, Pile Fuel
hbm:block_graphite_fuel:12, Pile Fuel
hbm:block_graphite_fuel:13, Pile Fuel
hbm:block_graphite_fuel:14, Pile Fuel
hbm:block_graphite_plutonium:0, Pile Fuel (Bred)
hbm:block_graphite_plutonium:1, Pile Fuel (Bred)
hbm:block_graphite_plutonium:2, Pile Fuel (Bred)
hbm:block_graphite_plutonium:3, Pile Fuel (Bred)
hbm:block_graphite_plutonium:4, Pile Fuel (Bred)
hbm:block_graphite_plutonium:5, Pile Fuel (Bred)
hbm:block_graphite_plutonium:6, Pile Fuel (Bred)
hbm:block_graphite_plutonium:7, Pile Fuel (Bred)
hbm:block_graphite_plutonium:8, Pile Fuel (Bred)
hbm:block_graphite_plutonium:9, Pile Fuel (Bred)
hbm:block_graphite_plutonium:10, Pile Fuel (Bred)
hbm:block_graphite_plutonium:11, Pile Fuel (Bred)
hbm:block_graphite_plutonium:12, Pile Fuel (Bred)
hbm:block_graphite_plutonium:13, Pile Fuel (Bred)
hbm:block_graphite_plutonium:14, Pile Fuel (Bred)
hbm:block_graphite_rod:0, Pile Control Rod
hbm:block_graphite_rod:1, Pile Control Rod
hbm:block_graphite_rod:2, Pile Control Rod
hbm:block_graphite_rod:3, Pile Control Rod
hbm:block_graphite_rod:4, Pile Control Rod
hbm:block_graphite_rod:5, Pile Control Rod
hbm:block_graphite_rod:6, Pile Control Rod
hbm:block_graphite_rod:7, Pile Control Rod
hbm:block_graphite_rod:8, Pile Control Rod
hbm:block_graphite_rod:9, Pile Control Rod
hbm:block_graphite_rod:10, Pile Control Rod
hbm:block_graphite_rod:11, Pile Control Rod
hbm:block_graphite_rod:12, Pile Control Rod
hbm:block_graphite_rod:13, Pile Control Rod
hbm:block_graphite_rod:14, Pile Control Rod
hbm:block_graphite_source:0, Pile Neutron Source
hbm:block_graphite_source:1, Pile Neutron Source
hbm:block_graphite_source:2, Pile Neutron Source
hbm:block_graphite_source:3, Pile Neutron Source
hbm:block_graphite_source:4, Pile Neutron Source
hbm:block_graphite_source:5, Pile Neutron Source
hbm:block_graphite_source:6, Pile Neutron Source
hbm:block_graphite_source:7, Pile Neutron Source
hbm:block_graphite_source:8, Pile Neutron Source
hbm:block_graphite_source:9, Pile Neutron Source
hbm:block_graphite_source:10, Pile Neutron Source
hbm:block_graphite_source:11, Pile Neutron Source
hbm:block_graphite_source:12, Pile Neutron Source
hbm:block_graphite_source:13, Pile Neutron Source
hbm:block_graphite_source:14, Pile Neutron Source
hbm:block_graphite_lithium:0, Pile Lithium Fuel
hbm:block_graphite_lithium:1, Pile Lithium Fuel
hbm:block_graphite_lithium:2, Pile Lithium Fuel
hbm:block_graphite_lithium:3, Pile Lithium Fuel
hbm:block_graphite_lithium:4, Pile Lithium Fuel
hbm:block_graphite_lithium:5, Pile Lithium Fuel
hbm:block_graphite_lithium:6, Pile Lithium Fuel
hbm:block_graphite_lithium:7, Pile Lithium Fuel
hbm:block_graphite_lithium:8, Pile Lithium Fuel
hbm:block_graphite_lithium:9, Pile Lithium Fuel
hbm:block_graphite_lithium:10, Pile Lithium Fuel
hbm:block_graphite_lithium:11, Pile Lithium Fuel
hbm:block_graphite_lithium:12, Pile Lithium Fuel
hbm:block_graphite_lithium:13, Pile Lithium Fuel
hbm:block_graphite_lithium:14, Pile Lithium Fuel
hbm:block_graphite_tritium:0, Pile Lithium Fuel (Bred)
hbm:block_graphite_tritium:1, Pile Lithium Fuel (Bred)
hbm:block_graphite_tritium:2, Pile Lithium Fuel (Bred)
hbm:block_graphite_tritium:3, Pile Lithium Fuel (Bred)
hbm:block_graphite_tritium:4, Pile Lithium Fuel (Bred)
hbm:block_graphite_tritium:5, Pile Lithium Fuel (Bred)
hbm:block_graphite_tritium:6, Pile Lithium Fuel (Bred)
hbm:block_graphite_tritium:7, Pile Lithium Fuel (Bred)
hbm:block_graphite_tritium:8, Pile Lithium Fuel (Bred)
hbm:block_graphite_tritium:9, Pile Lithium Fuel (Bred)
hbm:block_graphite_tritium:10, Pile Lithium Fuel (Bred)
hbm:block_graphite_tritium:11, Pile Lithium Fuel (Bred)
hbm:block_graphite_tritium:12, Pile Lithium Fuel (Bred)
hbm:block_graphite_tritium:13, Pile Lithium Fuel (Bred)
hbm:block_graphite_tritium:14, Pile Lithium Fuel (Bred)
hbm:block_graphite_detector:0, Pile Neutron Detector
hbm:block_graphite_detector:1, Pile Neutron Detector
hbm:block_graphite_detector:2, Pile Neutron Detector
hbm:block_graphite_detector:3, Pile Neutron Detector
hbm:block_graphite_detector:4, Pile Neutron Detector
hbm:block_graphite_detector:5, Pile Neutron Detector
hbm:block_graphite_detector:6, Pile Neutron Detector
hbm:block_graphite_detector:7, Pile Neutron Detector
hbm:block_graphite_detector:8, Pile Neutron Detector
hbm:block_graphite_detector:9, Pile Neutron Detector
hbm:block_graphite_detector:10, Pile Neutron Detector
hbm:block_graphite_detector:11, Pile Neutron Detector
hbm:block_graphite_detector:12, Pile Neutron Detector
hbm:block_graphite_detector:13, Pile Neutron Detector
hbm:block_graphite_detector:14, Pile Neutron Detector
hbm:block_australium, Block of Australium
hbm:depth_brick, Depth Bricks
hbm:depth_tiles, Depth Tiles
hbm:depth_nether_brick, Nether Depth Bricks
hbm:depth_nether_tiles, Nether Depth Tiles
hbm:depth_dnt, DNT-Reinforced Depth Bricks
hbm:stone_porous, Porous Stone
hbm:basalt, Basalt
hbm:ore_basalt:0, Sulfur-Rich Basalt
hbm:ore_basalt:1, Fluorite-Rich Basalt
hbm:ore_basalt:2, Asbestos-Rich Basalt
hbm:ore_basalt:3, Gem-Rich Basalt
hbm:ore_basalt:4, Molysite-Rich Basalt
hbm:basalt_smooth, Smooth Basalt
hbm:basalt_brick, Basalt Bricks
hbm:basalt_polished, Polished Basalt
hbm:basalt_tiles, Basalt Tiles
hbm:block_cap:0, Block of Nuka Cola Bottle Caps
hbm:block_cap:1, Block of Nuka Cola Quantum Bottle Caps
hbm:block_cap:2, Block of S~Cola RAD Bottle Caps
hbm:block_cap:3, Block of S~Cola Bottle Caps
hbm:block_cap:4, Block of Korl Bottle Caps
hbm:block_cap:5, Block of Fritz Cola Bottle Caps
hbm:block_cap:6, Block of Sunset Sarsaparilla Bottle Caps
hbm:block_cap:7, Block of Sunset Sarsaparilla Star Caps
hbm:nuke_gadget, The Gadget
hbm:nuke_boy, Little Boy
hbm:nuke_man, Fat Man
hbm:nuke_mike, Ivy Mike
hbm:nuke_tsar, Tsar Bomba
hbm:nuke_fleija, F.L.E.I.J.A.
hbm:nuke_prototype, The Prototype
hbm:nuke_solinium, The Blue Rinse
hbm:nuke_n2, N² Mine
hbm:nuke_fstbmb, Balefire Bomb
hbm:nuke_custom, Custom Nuke
hbm:bomb_multi, Multi Purpose Bomb
hbm:crashed_bomb:0, Dud (Balefire)
hbm:crashed_bomb:1, Dud (Conventional)
hbm:crashed_bomb:2, Dud (Nuclear)
hbm:crashed_bomb:3, Dud (Salted)
hbm:fireworks, Firework Battery
hbm:charge_dynamite, Time Bomb
hbm:charge_miner, Timed Mining Charge
hbm:charge_c4, Demolition Charge
hbm:charge_semtex, Semtex Mining Charge
hbm:mine_ap, Anti-Personell Mine
hbm:mine_he, Anti-Tank Mine
hbm:mine_shrap, Shrapnel Mine
hbm:mine_fat, Fat Mine
hbm:mine_naval, Naval Mine
hbm:dynamite:0, Dynamite
hbm:tnt_ntm:0, Actual TNT
hbm:semtex:0, Semtex
hbm:c4:0, C-4
hbm:fissure_bomb:0, Fissure Bomb
hbm:flame_war, Flame War in a Box
hbm:float_bomb, Levitation Bomb
hbm:emp_bomb, EMP Device
hbm:therm_endo, Endothermic Bomb
hbm:therm_exo, Exothermic Bomb
hbm:det_cord, Det Cord
hbm:det_miner, Mining Charge
hbm:det_charge, Explosive Charge
hbm:det_n2, N² Charge
hbm:det_nuke, Nuclear Charge
hbm:det_bale, Balefire Charge
hbm:red_barrel, Explosive Barrel
hbm:pink_barrel, Kerosene Barrel
hbm:yellow_barrel, Radioactive Barrel
hbm:vitrified_barrel, Vitrified Nuclear Waste Drum
hbm:lox_barrel, LOX Barrel
hbm:taint_barrel, IMP Residue Barrel
hbm:red_cable:0, Red Copper Cable
hbm:red_cable_box:0, Red Copper Boxcable
hbm:red_cable_box:1, Red Copper Boxcable
hbm:red_cable_box:2, Red Copper Boxcable
hbm:red_cable_box:3, Red Copper Boxcable
hbm:red_cable_box:4, Red Copper Boxcable
hbm:red_cable_paintable, Paintable Red Copper Cable
hbm:red_wire_coated, Coated Red Copper Cable
hbm:red_wire_sealed, Rad Sealed Red Copper Cable Block
hbm:cable_switch, Power Switch
hbm:cable_detector, Redstone Power Switch
hbm:machine_detector, Power Detector
hbm:cable_diode, Red Copper Diode
hbm:red_cable_gauge, Power Gauge
hbm:red_connector:0, Electricity Connector
hbm:connector_red_super:0, Heavy Duty Electricity Connector
hbm:red_pylon, Electricity Pylon
hbm:red_pylon_large, Large Electricity Pylon
hbm:red_pylon_medium_wood, Medium Wooden Electricity Pylon
hbm:red_pylon_medium_transformer, Medium Wooden Electricity Pylon with Transformer
hbm:red_pylon_steel, Medium Steel Electricity Pylon
hbm:red_pylon_steel_transformer, Medium Steel Electricity Pylon with Transformer
hbm:substation, Substation
hbm:barrel_plastic, Safe Barrel™
hbm:barrel_corroded, Corroded Barrel
hbm:barrel_iron, Iron Barrel
hbm:barrel_steel, Steel Barrel
hbm:barrel_tcalloy, Technetium Steel Barrel
hbm:barrel_antimatter, Magnetic Antimatter Container
hbm:machine_uf6_tank, Uranium Hexafluoride Tank
hbm:machine_puf6_tank, Plutonium Hexafluoride Tank
hbm:machine_fluidtank, Tank
hbm:machine_bat9000, Big-Ass Tank 9000
hbm:machine_orbus, Heavy Magnetic Storage Tank
hbm:machine_armor_table, Armor Modification Table
hbm:machine_weapon_table, Weapon Modification Table
hbm:turret_arty, Artillery Turret "Greg"
hbm:turret_himars, Rocket Artillery Turret "Henry"
hbm:turret_chekhov, Heavy Machine Gun Turret "Chekhov's Gun"
hbm:turret_friendly, Chaingun Turret "Mister Friendly"
hbm:turret_jeremy, Autocannon Turret "Jeremy"
hbm:turret_tauon, XVL1456 Prototype Turret "Tauon"
hbm:turret_richard, Rocket Launcher Turret "Richard"
hbm:turret_howard, Goalkeeper Twin Chaingun CIWS "Howard"
hbm:turret_howard_damaged, Goalkeeper Twin Chaingun CIWS "Methusalem"
hbm:turret_maxwell, High-Energy MASER Turret "Maxwell"
hbm:turret_fritz, Heavy Flamethrower Turret "Fritz"
hbm:turret_sentry, Sentry Turret "Brown"
hbm:turret_sentry_damaged, Sentry Turret "Edwin"
hbm:rail_highspeed, High Speed Rail
hbm:rail_booster, High Speed Booster Rail
hbm:machine_siren, Siren
hbm:broadcaster_pc, Corrupted Broadcaster
hbm:geiger, Geiger Counter
hbm:hev_battery_block, Suit Battery
hbm:fence_metal:0, Chainlink Fence
hbm:fence_metal:1, Chainlink Fence Post
hbm:ash_digamma, Ash
hbm:sand_boron, Boron Sand
hbm:sand_lead, Lead Sand
hbm:sand_uranium, Uranium Sand
hbm:sand_polonium, Polonium Sand
hbm:sand_quartz, Quartz Sand
hbm:sand_gold, Gold Sand
hbm:sand_gold198, Gold-198 Sand
hbm:glass_uranium, Uranium Glass
hbm:glass_trinitite, Trinity Glass
hbm:glass_polonium, Polonium Glass
hbm:glass_boron, Boron Glass
hbm:glass_lead, Lead Glass
hbm:glass_ash, Ash Glass
hbm:glass_quartz, Quartz Glass
hbm:glass_polarized, Polarized Glass
hbm:seal_frame, Silo Hatch Frame
hbm:seal_controller, Silo Hatch Opener
hbm:seal_hatch, Silo Hatch
hbm:silo_hatch_drillgon, tile.silo_hatch_drillgon.name
hbm:vault_door, Vault-Tec Blast Door
hbm:blast_door, Sliding Blast Door
hbm:sliding_blast_door_legacy, tile.sliding_blast_door_legacy.name
hbm:sliding_blast_door_2, Sideways Sliding Blast Door
hbm:sliding_blast_door_keypad, tile.sliding_blast_door_keypad.name
hbm:sliding_blast_door, Sliding Blast Door
hbm:small_hatch, Small Hatch
hbm:sliding_seal_door, Sliding Seal Door
hbm:sliding_gate_door, Small QE Containment Door
hbm:qe_containment, QE Containment Door
hbm:qe_sliding, QE Sliding Door
hbm:fire_door, Fire Door
hbm:water_door, Water Door
hbm:large_vehicle_door, Large Vehicle Door
hbm:round_airlock_door, Round Airlock Door
hbm:secure_access_door, Secure Access Door
hbm:transition_seal, Transition Seal
hbm:silo_hatch, Silo Hatch
hbm:silo_hatch_large, Large Silo Hatch
hbm:keypad_test, tile.keypad_test.name
hbm:barbed_wire, Barbed Wire
hbm:barbed_wire_fire, Flaming Barbed Wire
hbm:barbed_wire_poison, Poisoned Barbed Wire
hbm:barbed_wire_acid, Caustic Barbed Wire
hbm:barbed_wire_wither, Withered Barbed Wire
hbm:barbed_wire_ultradeath, Radioactive Barbed Wire
hbm:spikes, Spikes
hbm:charger, Charging Station
hbm:refueler, Refueling Station
hbm:crate, Supply Crate
hbm:crate_weapon, Weapon Crate
hbm:crate_lead, Hazmat Crate
hbm:crate_metal, Machine Crate
hbm:crate_red, Red Crate
hbm:crate_iron, Iron Crate
hbm:crate_steel, Steel Crate
hbm:crate_desh, Desh Crate
hbm:crate_template, Template Crate
hbm:crate_tungsten, Tungsten Crate
hbm:crate_can, Conserve Crate
hbm:crate_jungle, Enargite Crate
hbm:crate_ammo, Starmetal Crate
hbm:safe, Safe
hbm:mass_storage, Mass Storage Unit
hbm:mass_storage_wood, Mass Storage Unit
hbm:mass_storage_iron, Mass Storage Unit
hbm:mass_storage_desh, Mass Storage Unit
hbm:machine_keyforge, Locksmith Table
hbm:machine_solar_boiler, Solar Tower Boiler
hbm:solar_mirror, Heliostat Mirror
hbm:machine_telelinker, Turret Telemetry Linker
hbm:machine_satlinker, Satellite ID Manager
hbm:sat_dock, Cargo Landing Pad
hbm:soyuz_capsule, Cargo Landing Capsule
hbm:crate_supply, Supply Crate
hbm:book_guide, Hbm's Nuclear Tech Mod Manual [LEGACY]
hbm:machine_steam_engine, Steam Engine
hbm:machine_battery_socket, Battery Socket
hbm:machine_battery_redd, FEnSU
hbm:machine_battery_potato, Potato Battery Block (LEGACY)
hbm:machine_battery, Energy Storage Block (LEGACY)
hbm:machine_lithium_battery, Li-Ion Energy Storage Block
hbm:machine_schrabidium_battery, Schrabidium Energy Storage Block
hbm:machine_dineutronium_battery, Spark Energy Storage Block
hbm:machine_fensu, FEnSU
hbm:machine_transformer, 10k-20Hz Transformer
hbm:machine_transformer_20, 10k-1Hz Transformer
hbm:machine_transformer_dnt, DNT-20Hz Transformer
hbm:machine_transformer_dnt_20, DNT-1Hz Transformer
hbm:press_preheater, Burner Press Preheater
hbm:machine_press, Burner Press
hbm:machine_epress, Electric Press
hbm:machine_conveyor_press, Conveyor Press
hbm:machine_reactor_small_new, Research Reactor
hbm:machine_reactor_breeding, Breeding Reactor
hbm:machine_ammo_press, Ammo Press
hbm:machine_zirnox, ZIRNOX Nuclear Reactor
hbm:zirnox_destroyed, Destroyed ZIRNOX
hbm:machine_controller, Reactor Remote Control Block
hbm:machine_difurnace_on, Blast Furnace
hbm:machine_difurnace_off, Blast Furnace
hbm:machine_difurnace_ext, Blast Furnace Extension
hbm:machine_difurnace_rtg_on, Nuclear Blast Furnace
hbm:machine_difurnace_rtg_off, Nuclear Blast Furnace
hbm:machine_diesel, Diesel Generator
hbm:machine_generator, Nuclear Reactor (Old)
hbm:rbmk_blank, RBMK Structural Column
hbm:rbmk_rod, RBMK Fuel Channel
hbm:rbmk_rod_mod, RBMK Moderated Fuel Channel
hbm:rbmk_rod_reasim, RBMK Fuel Channel (ReaSim)
hbm:rbmk_rod_reasim_mod, RBMK Moderated Fuel Channel (ReaSim)
hbm:rbmk_control, RBMK Control Rods
hbm:rbmk_control_mod, RBMK Moderated Control Rods
hbm:rbmk_control_auto, RBMK Automatic Control Rods
hbm:rbmk_control_reasim, RBMK Control Rods (ReaSim)
hbm:rbmk_control_reasim_auto, RBMK Automatic Control Rods (ReaSim)
hbm:rbmk_boiler, RBMK Steam Channel
hbm:rbmk_heater, RBMK Fluid Heater
hbm:rbmk_reflector, RBMK Tungsten Carbide Neutron Reflector
hbm:rbmk_absorber, RBMK Boron Neutron Absorber
hbm:rbmk_moderator, RBMK Graphite Moderator
hbm:rbmk_outgasser, RBMK Irradiation Channel
hbm:rbmk_cooler, RBMK Cooler
hbm:rbmk_storage, RBMK Storage Column
hbm:rbmk_console, RBMK Console
hbm:rbmk_crane_console, RBMK Crane Console
hbm:rbmk_display_blank, Blank Redstone-over-Radio Panel
hbm:rbmk_display, RBMK Display Panel
hbm:rbmk_key_pad, Redstone-over-Radio Keypad
hbm:rbmk_gauge, Redstone-over-Radio Gauge
hbm:rbmk_numitron, Redstone-over-Radio Numeric Display
hbm:rbmk_graph, Redstone-over-Radio Graph
hbm:rbmk_lever, Redstone-over-Radio Lever
hbm:rbmk_indicator, Redstone-over-Radio Indicator Lights
hbm:rbmk_terminal, Redstone-over-Radio Terminal
hbm:rbmk_autoloader, RBMK Autoloader
hbm:rbmk_loader, RBMK Steam Connector
hbm:rbmk_steam_inlet, RBMK ReaSim Water Inlet
hbm:rbmk_steam_outlet, RBMK ReaSim Steam Outlet
hbm:pribris, RBMK Debris
hbm:pribris_burning, Flaming RBMK Debris
hbm:pribris_radiating, Smoldering RBMK Debris
hbm:pribris_digamma, Blackened RBMK Debris
hbm:block_corium, Corium
hbm:block_corium_cobble, Corebblestone
hbm:machine_assembly_machine, Assembly Machine
hbm:machine_assembly_factory, Assembly Factory
hbm:machine_precass, Precision Assembly Machine
hbm:machine_arc_welder, Arc Welder
hbm:machine_soldering_station, Soldering Station
hbm:machine_chemical_plant, Chemical Plant
hbm:machine_chemical_factory, Chemical Factory
hbm:machine_purex, PUREX
hbm:machine_strand_caster, Strand Caster
hbm:machine_mixer, Industrial Mixer
hbm:machine_turbine, Steam Turbine
hbm:machine_large_turbine, Industrial Steam Turbine
hbm:machine_industrial_turbine, Industrial Steam Turbine
hbm:machine_chungus, Leviathan Steam Turbine
hbm:machine_condenser, Steam Condenser
hbm:machine_condenser_powered, High-Power Steam Condenser
hbm:machine_tower_small, Auxiliary Cooling Tower
hbm:machine_tower_large, Cooling Tower
hbm:machine_deuterium_extractor, Deuterium Extractor
hbm:machine_deuterium_tower, Deuterium Extraction Tower
hbm:machine_liquefactor, Industrial Liquefaction Machine
hbm:machine_solidifier, Industrial Solidification Machine
hbm:machine_intake, Air Intake
hbm:machine_compressor, Compressor
hbm:machine_compressor_compact, Compact Compressor
hbm:machine_electrolyser, Electrolysis Machine
hbm:machine_autocrafter, Automatic Crafting Table
hbm:machine_funnel, Combinator Funnel
hbm:anvil_iron, Iron Anvil
hbm:anvil_lead, Lead Anvil
hbm:anvil_steel, Steel Anvil
hbm:anvil_desh, Desh Anvil
hbm:anvil_ferrouranium, Ferrouranium Anvil
hbm:anvil_saturnite, Saturnite Anvil
hbm:anvil_bismuth_bronze, Bismuth Bronze Anvil
hbm:anvil_arsenic_bronze, Arsenic Bronze Anvil
hbm:anvil_schrabidate, Ferric Schrabidate Anvil
hbm:anvil_dnt, Dineutronium Anvil
hbm:anvil_osmiridium, Osmiridium Anvil
hbm:anvil_murky, Murky Anvil
hbm:conveyor, Conveyor Belt
hbm:conveyor_double, Double-Lane Conveyor Belt
hbm:conveyor_triple, Triple-Lane Conveyor Belt
hbm:conveyor_express, Express Conveyor Belt
hbm:conveyor_chute, Conveyor Chute
hbm:conveyor_lift, Conveyor Chain Lift
hbm:crane_ejector, Conveyor Ejector
hbm:crane_inserter, Conveyor Inserter
hbm:crane_splitter, Conveyor Splitter
hbm:crane_partitioner, Acidizer Input Partitioner
hbm:crane_boxer, Conveyor Boxer
hbm:crane_unboxer, Conveyor Unboxer
hbm:crane_router, Conveyor Sorter
hbm:crane_grabber, Conveyor Grabber
hbm:fan, Fan
hbm:drone_waypoint, Transport Drone Waypoint
hbm:drone_crate, Transport Drone Crate
hbm:drone_waypoint_request, Logistics Drone Waypoint
hbm:drone_dock, Logistics Drone Dock
hbm:drone_crate_provider, Logistics Provider Crate
hbm:drone_crate_requester, Logistics Requester Crate
hbm:machine_furnace_brick_off, Bricked Furnace
hbm:machine_furnace_brick_on, Bricked Furnace
hbm:machine_rtg_furnace_off, RTG Furnace
hbm:machine_rtg_furnace_on, RTG Furnace
hbm:launch_pad, Silo Launch Pad
hbm:launch_pad_rusted, Old Launch Pad
hbm:launch_pad_large, Launch Pad
hbm:machine_centrifuge, Centrifuge
hbm:machine_gascent, Gas Centrifuge
hbm:machine_silex, Laser Isotope Separation Chamber (SILEX)
hbm:machine_rotary_furnace, Rotary Furnace
hbm:machine_fel, FEL
hbm:machine_crystallizer, Ore Acidizer
hbm:machine_shredder, Shredder
hbm:machine_waste_drum, Spent Fuel Pool Drum
hbm:machine_storage_drum, Nuclear Waste Disposal Drum
hbm:machine_well, Oil Derrick
hbm:machine_pumpjack, Pumpjack
hbm:machine_fracking_tower, Hydraulic Fracking Tower
hbm:oil_pipe, Crude Oil Extraction Pipe
hbm:machine_flare, Flare Stack
hbm:chimney_brick, Smokestack
hbm:chimney_industrial, Industrial Smokestack
hbm:drill_pipe, Drill Pipe
hbm:machine_autosaw, Automatic Buzz Saw
hbm:machine_excavator, Large Mining Drill
hbm:machine_ore_slopper, Bedrock Ore Processor
hbm:machine_annihilator, Annihilator
hbm:machine_mining_laser, Mining Laser
hbm:sandbags, Sandbags
hbm:machine_turbofan, Turbofan
hbm:machine_wood_burner, Wood-Burning Generator
hbm:machine_turbine_gas, Combined Cycle Gas Turbine
hbm:machine_combustion_engine, Industrial Combustion Engine
hbm:machine_teleporter, Teleporter
hbm:teleanchor, Teleportation Anchor
hbm:field_disturber, High Energy Field Jammer
hbm:machine_forcefield, Forcefield Emitter
hbm:machine_radar, Radar
hbm:machine_radar_large, Large Radar
hbm:radar_screen, Radar Screen
hbm:radiobox, Rosenberg Pest Control Box
hbm:radiorec, FM Radio
hbm:bm_power_box, Black Mesa Power Switch
hbm:tesla, Tesla Coil
hbm:machine_fraction_tower, Fractioning Tower
hbm:fraction_spacer, Fractioning Tower Separator
hbm:machine_catalytic_cracker, Catalytic Cracking Tower
hbm:machine_vacuum_distill, Vacuum Refinery
hbm:machine_refinery, Oil Refinery
hbm:machine_catalytic_reformer, Catalytic Reformer
hbm:machine_hydrotreater, Hydrotreater
hbm:machine_coker, Coker Unit
hbm:machine_pyrooven, Pyrolysis Oven
hbm:machine_electric_furnace_off, Electric Furnace
hbm:machine_electric_furnace_on, Electric Furnace
hbm:machine_arc_furnace, Electric Arc Furnace
hbm:machine_microwave, Microwave
hbm:capacitor_bus, Capacitor Bus
hbm:capacitor_copper, Copper Capacitor
hbm:capacitor_gold, Golden Capacitor
hbm:capacitor_niobium, Niobium Capacitor
hbm:capacitor_tantalium, Tantalium Capacitor
hbm:capacitor_schrabidate, Schrabidate Capacitor
hbm:machine_cyclotron, Cyclotron
hbm:machine_exposure_chamber, Exposure Chamber
hbm:machine_radgen, Radiation-Powered Engine
hbm:pump_steam, Steam-Powered Groundwater Pump
hbm:pump_electric, Electric Groundwater Pump
hbm:heater_firebox, Firebox
hbm:heater_oven, Heating Oven
hbm:heater_oilburner, Fluid Burner
hbm:heater_electric, Electric Heater
hbm:heater_heatex, Heat Exchanging Heater
hbm:machine_ashpit, Ashpit
hbm:furnace_iron, Iron Furnace
hbm:furnace_steel, Steel Furnace
hbm:furnace_combination, Combination Oven
hbm:machine_stirling:0, Stirling Engine
hbm:machine_stirling_steel:0, Heavy Stirling Engine
hbm:machine_stirling_creative:0, Creative Stirling Engine
hbm:machine_sawmill, Stirling Sawmill
hbm:heat_boiler, Large Boiler
hbm:machine_crucible, Crucible
hbm:foundry_mold, Shallow Foundry Basin
hbm:foundry_basin, Foundry Basin
hbm:foundry_channel, Foundry Channel
hbm:foundry_outlet, Foundry Outlet
hbm:foundry_slagtap, Foundry Spill Outlet
hbm:slag, tile.slag.name
hbm:machine_industrial_boiler, Industrial Boiler
hbm:radsensor, Radiation Sensor
hbm:machine_rtg_grey, RT Generator
hbm:machine_minirtg, Radio Isotope Cell
hbm:rtg_polonium, PT Isotope Cell
hbm:machine_radiolysis, Radioisotope Thermoelectric Generator and Radiolysis Chamber
hbm:machine_hephaestus, Geothermal Heat Exchanger
hbm:muffler, Muffler
hbm:struct_launcher, Launch Pad Component Block
hbm:struct_scaffold, Launch Pad Scaffold Block
hbm:struct_launcher_core, Compact Launcher Core Component
hbm:struct_launcher_core_large, Launch Table Core Component
hbm:struct_soyuz_core, Soyuz Launcher Core Component
hbm:struct_torus_core, Fusion Reactor Vessel Core Component
hbm:struct_watz_core, Watz Powerplant Core Component
hbm:struct_icf_core, Inertial Confinement Fusion Reactor Core Component
hbm:wood_barrier, Wooden Barrier
hbm:pwr_fuelrod, PWR Fuel Rod
hbm:pwr_control, PWR Control Rod
hbm:pwr_channel, PWR Coolant Channel
hbm:pwr_heatex, PWR Heat Exchanger
hbm:pwr_heatsink, PWR Heatsink
hbm:pwr_neutron_source, PWR Neutron Source
hbm:pwr_reflector, PWR Neutron Reflector
hbm:pwr_casing, PWR Pressure Vessel
hbm:pwr_port, PWR Access Port
hbm:pwr_controller, PWR Controller
hbm:pwr_block, PWR
hbm:fusion_heater, Plasma Heater Component
hbm:fusion_hatch, Duct Deco Block
hbm:fusion_core_block, Fusion Reactor Control
hbm:iter, Fusion Reactor
hbm:plasma_heater, Plasma Heater
hbm:fusion_component:0, Superconducting BSCCO Coils
hbm:fusion_component:1, Fusion Reactor Blanket
hbm:fusion_component:2, Welded BSCCO Coils
hbm:fusion_component:3, Fusion Reactor Piping
hbm:fusion_torus, Fusion Reactor Vessel
hbm:fusion_klystron, Klystron
hbm:fusion_klystron_creative, Creative Klystron
hbm:fusion_breeder, Fusion Reactor Breeding Chamber
hbm:fusion_collector, Fusion Reactor Collector Chamber
hbm:fusion_boiler, Fusion Reactor Boiler
hbm:fusion_mhdt, MHD Turbine
hbm:fusion_coupler, Fusion Reactor Plasma Coupler
hbm:fusion_plasma_forge, Plasma Forge
hbm:machine_icf_press, ICF Fuel Pellet Maker
hbm:icf, Inertial Confinement Fusion Reactor (ICF)
hbm:icf_component:0, ICF Stability Element
hbm:icf_component:1, ICF Containment Vessel Wall
hbm:icf_component:2, ICF Containment Vessel Wall (Welded)
hbm:icf_component:3, ICF Casing
hbm:icf_component:4, ICF Casing (Riveted)
hbm:icf_controller, ICF Laser Controller
hbm:icf_laser_component:0, ICF Laser Casing
hbm:icf_laser_component:1, ICF Laser Port
hbm:icf_laser_component:2, ICF Laser Cell
hbm:icf_laser_component:3, ICF Laser Flash Tube
hbm:icf_laser_component:4, ICF Laser Capacitor
hbm:icf_laser_component:5, ICF Laser Turbocharger
hbm:icf_block, ICF Laser
hbm:watz_element, Watz Reaction Chamber
hbm:watz_cooler, Watz Reactor Supercooler
hbm:watz_casing:0, Watz Stability Element
hbm:watz_casing:1, Watz Stability Element (Riveted)
hbm:watz, Watz Powerplant
hbm:watz_pump, Watz Pressure Pump
hbm:dfc_emitter, DFC Emitter
hbm:dfc_injector, DFC Fuel Injector
hbm:dfc_receiver, DFC Receiver
hbm:dfc_stabilizer, DFC Stabilizer
hbm:dfc_core, Dark Fusion Core
hbm:hadron_plating, Particle Accelerator Plating
hbm:hadron_plating_blue, Particle Accelerator Plating (Blue)
hbm:hadron_plating_black, Particle Accelerator Plating (Black)
hbm:hadron_plating_yellow, Particle Accelerator Plating (YelloDye)
hbm:hadron_plating_striped, Particle Accelerator Plating (Cool Hazard Stripes)
hbm:hadron_plating_voltz, Particle Accelerator Plating (VOLTZ)
hbm:hadron_plating_glass, Particle Accelerator Plating (Window)
hbm:hadron_coil_alloy, Dense Superconducting Coil
hbm:hadron_coil_gold, Dense Gold Coil
hbm:hadron_coil_neodymium, Dense Neodymium Coil
hbm:hadron_coil_magtung, Dense 4000K Superconductor Coil
hbm:hadron_coil_schrabidium, Dense Schrabidic Coil
hbm:hadron_coil_schrabidate, Dense Schrabidate Coil
hbm:hadron_coil_starmetal, Dense Starmetal Coil
hbm:hadron_coil_chlorophyte, Dense Chlorophyte Coil
hbm:hadron_coil_mese, Dense Mese Coil
hbm:hadron_diode, Schottky Particle Diode
hbm:hadron_analysis, Particle Accelerator Analysis Chamber Wall
hbm:hadron_analysis_glass, Particle Accelerator Analysis Chamber Window
hbm:hadron_access, Particle Accelerator Access Terminal
hbm:hadron_core, Particle Accelerator Core Component
hbm:hadron_power, Particle Accelerator Power Plug (1MHE)
hbm:pa_source, Particle Source
hbm:pa_beamline, Beamline
hbm:pa_rfc, RF Cavity
hbm:pa_quadrupole, Quadrupole Magnets
hbm:pa_dipole, Dipole Magnets
hbm:pa_detector, Particle Detector
hbm:machine_missile_assembly, Missile Assembly Station
hbm:compact_launcher, Compact Launch Pad
hbm:launch_table, Large Launch Pad
hbm:soyuz_launcher, Soyuz Launch Platform
hbm:deco_sat_mapper, Surface Mapping Satellite (Deco Block)
hbm:deco_sat_radar, Radar Survey Satellite (Deco Block)
hbm:deco_sat_scanner, Satellite with Depth-Resource Scanning Module (Deco Block)
hbm:deco_sat_laser, Orbital Death Ray (Deco Block)
hbm:deco_sat_foeq, PEAF - Mk.I FOEQ Duna Probe with experimental Nuclear Propulsion (Deco Block)
hbm:deco_sat_resonator, Xenium Resonator Satellite (Deco Block)
hbm:rad_absorber:0, Radiation Absorber
hbm:rad_absorber:1, Enhanced Radiation Absorber
hbm:rad_absorber:2, Advanced Radiation Absorber
hbm:rad_absorber:3, Elite Radiation Absorber
hbm:absorber, Radiation Absorber (LEGACY)
hbm:absorber_red, Enhanced Radiation Absorber (LEGACY)
hbm:absorber_green, Advanced Radiation Absorber (LEGACY)
hbm:absorber_pink, Elite Radiation Absorber (LEGACY)
hbm:decon, Player Decontaminator
hbm:decon_digamma, Digamma Decontaminator
hbm:volcano_core:0, Volcano Core
hbm:volcano_core:1, Volcano Core
hbm:volcano_core:2, Volcano Core
hbm:volcano_core:3, Volcano Core
hbm:volcano_core:4, Volcano Core
hbm:volcano_rad_core:0, Rad Volcano Core
hbm:volcano_rad_core:1, Rad Volcano Core
hbm:volcano_rad_core:2, Rad Volcano Core
hbm:volcano_rad_core:3, Rad Volcano Core
hbm:volcano_rad_core:4, Rad Volcano Core
hbm:taint, Taint
hbm:residue, Cloud Residue
hbm:vent_chlorine, Chlorine Vent
hbm:vent_cloud, Cloud Vent
hbm:vent_pink_cloud, Pink Cloud Vent
hbm:vent_chlorine_seal, Chlorine Seal
hbm:chlorine_gas, Chlorine Gas
hbm:stone_resource:0, Sulfurous Stone
hbm:stone_resource:1, Chrysotile
hbm:stone_resource:2, Hematite
hbm:stone_resource:3, Malachite
hbm:stone_resource:4, Limestone
hbm:stone_resource:5, Bauxite
hbm:stalagmite:0, Sulfurous Stalagmite
hbm:stalagmite:1, Asbestos Stalagmite
hbm:stalactite:0, Sulfurous Stalactite
hbm:stalactite:1, Asbestos Stalactite
hbm:gas_radon, Radon Gas
hbm:gas_radon_dense, Dense Radon Gas
hbm:gas_radon_tomb, Tomb Gas
hbm:gas_meltdown, Meltdown Gas
hbm:gas_monoxide, Carbon Monoxide
hbm:gas_asbestos, Airborne Asbestos Particles
hbm:gas_coal, Airborne Coal Dust
hbm:gas_flammable, Flammable Gas
hbm:gas_explosive, Explosive Gas
hbm:ancient_scrap, Ancient Scrap Metal
hbm:railgun_plasma, Railgun
hbm:fluid_duct_paintable, Paintable Coated Universal Fluid Duct
hbm:fluid_duct_gauge, Flow Gauge Pipe
hbm:fluid_valve, Fluid Valve
hbm:fluid_switch, Redstone Fluid Valve
hbm:fluid_counter_valve, Fluid Valve with Counter
hbm:fluid_pump, Flow Control Pump
hbm:machine_drain, Drainage Pipe
hbm:radio_torch_sender, Redstone-over-Radio Transmitter
hbm:radio_torch_receiver, Redstone-over-Radio Receiver
hbm:radio_torch_counter, Redstone-over-Radio Item Counter
hbm:radio_torch_logic, Redstone-over-Radio Logic Receiver
hbm:radio_torch_reader, Redstone-over-Radio Reader
hbm:radio_torch_controller, Redstone-over-Radio Controller
hbm:radio_telex, Telex Machine
hbm:cargo_elevator, Cargo Elevator
hbm:fluid_duct_mk2:0, Universal Fluid Duct
hbm:fluid_duct_mk2:1, Universal Fluid Duct
hbm:fluid_duct_mk2:2, Universal Fluid Duct
hbm:fluid_duct_box:0, Universal Fluid Duct (Boxduct)
hbm:fluid_duct_box:1, Universal Fluid Duct (Boxduct)
hbm:fluid_duct_box:2, Universal Fluid Duct (Boxduct)
hbm:fluid_duct_box:3, Universal Fluid Duct (Boxduct)
hbm:fluid_duct_box:4, Universal Fluid Duct (Boxduct)
hbm:fluid_duct_box:5, Universal Fluid Duct (Boxduct)
hbm:fluid_duct_box:6, Universal Fluid Duct (Boxduct)
hbm:fluid_duct_box:7, Universal Fluid Duct (Boxduct)
hbm:fluid_duct_box:8, Universal Fluid Duct (Boxduct)
hbm:fluid_duct_box:9, Universal Fluid Duct (Boxduct)
hbm:fluid_duct_box:10, Universal Fluid Duct (Boxduct)
hbm:fluid_duct_box:11, Universal Fluid Duct (Boxduct)
hbm:fluid_duct_box:12, Universal Fluid Duct (Boxduct)
hbm:fluid_duct_box:13, Universal Fluid Duct (Boxduct)
hbm:fluid_duct_box:14, Universal Fluid Duct (Boxduct)
hbm:fluid_duct_exhaust:0, Exhaust Pipe
hbm:fluid_duct_exhaust:3, Exhaust Pipe
hbm:fluid_duct_exhaust:6, Exhaust Pipe
hbm:fluid_duct_exhaust:9, Exhaust Pipe
hbm:fluid_duct_exhaust:12, Exhaust Pipe
hbm:fluid_duct_paintable_block_exhaust, Paintable Coated Exhaust Pipe
hbm:pipe_anchor:0, Pipe Anchor
hbm:fluid_duct_solid, Coated Universal Fluid Duct (Deprecated)
hbm:fluid_duct_solid_sealed, Rad Sealed Fluid Duct
hbm:pneumatic_tube, Pneumatic Tube
hbm:pneumatic_tube_paintable, Paintable Pneumatic Tube
hbm:pneumatic_storage_access, Pneumatic Storage Access
hbm:pneumatic_storage_clutter, Pneumatic Storage Clutter
hbm:dungeon_chain, Metal Chain
hbm:ladder_sturdy, Sturdy Wooden Ladder
hbm:ladder_iron, Iron Ladder
hbm:ladder_gold, Golden Ladder
hbm:ladder_aluminium, Aluminium Ladder
hbm:ladder_copper, Copper Ladder
hbm:ladder_titanium, Titanium Ladder
hbm:ladder_lead, Lead Ladder
hbm:ladder_cobalt, Cobalt Ladder
hbm:ladder_steel, Steel Ladder
hbm:ladder_tungsten, Tungsten Ladder
hbm:ladder_red, Red Ladder
hbm:ladder_red_top, Red Ladder Top
hbm:trapdoor_steel, Steel Trapdoor
hbm:railing_end_floor, Railing End (Floor)
hbm:railing_end_self, Railing End (Self)
hbm:railing_end_flipped_floor, Railing End Flipped (Floor)
hbm:railing_end_flipped_self, Railing End Flipped (Self)
hbm:railing_normal, Railing
hbm:railing_bend, Railing Bend
hbm:control_panel_custom, Custom Control Panel
hbm:boxcar, Boxcar
hbm:boat, Boat
hbm:null, tile.null.name
hbm:void, tile.void.name
hbm:ngtv, tile.ngtv.name
hbm:undef, tile.undef.name
hbm:dummy_block_uf6, tile.dummy_block_uf6.name
hbm:dummy_block_puf6, tile.dummy_block_puf6.name
hbm:dummy_block_vault, tile.dummy_block_vault.name
hbm:dummy_block_blast, tile.dummy_block_blast.name
hbm:dummy_block_silo_hatch, tile.dummy_block_silo_hatch.name
hbm:dummy_plate_compact_launcher, tile.dummy_plate_compact_launcher.name
hbm:dummy_port_compact_launcher, tile.dummy_port_compact_launcher.name
hbm:dummy_plate_launch_table, tile.dummy_plate_launch_table.name
hbm:dummy_port_launch_table, tile.dummy_port_launch_table.name
hbm:dummy_plate_cargo, tile.dummy_plate_cargo.name
hbm:ntm_dirt, Dirt
hbm:pink_log, Pink Log
hbm:pink_planks, Pink Wood Planks
hbm:pink_slab:0, Pink Wood Slab
hbm:pink_stairs, Pink Wood Stairs
hbm:wand_air, Structure Wand Block (Air)
hbm:wand_loot, Structure Wand Block (Lootable)
hbm:wand_jigsaw, Structure Wand Block (Jigsaw)
hbm:wand_logic, Structure Wand Block (Logic)
hbm:wand_tandem, tile.wand_tandem.name
hbm:logic_block, Dungeon Action Block
hbm:toxic_block, Stereotypical Green Ooze
hbm:mud_block, Poisonous Mud
hbm:acid_block, Acid
hbm:schrabidic_block, Schrabidic Acid
hbm:corium_block, Corium
hbm:volcanic_lava_block, Volcanic Lava
hbm:rad_lava_block, Volcanic Lava
hbm:sulfuric_acid_block, Sulfuric Acid
hbm:redstone_sword, Redstone Sword
hbm:big_sword, Great Sword
hbm:dosimeter, Dosimeter
hbm:geiger_counter, Handheld Geiger Counter
hbm:digamma_diagnostic, Digamma Diagnostic
hbm:lung_diagnostic, Lung Diagnostic
hbm:screwdriver, Screwdriver
hbm:screwdriver_desh, Desh Screwdriver
hbm:hand_drill, Hand Drill
hbm:hand_drill_desh, Desh Hand Drill
hbm:wrench_archineer, Archineer's Wrench
hbm:boltgun, Pneumatic Rivet Gun
hbm:blowtorch, Blowtorch
hbm:acetylene_torch, Acetylene Welding Torch
hbm:chemistry_set, Laboratory Glassware
hbm:chemistry_set_boron, Laboratory Glassware (Boron Glass)
hbm:reacher, Tungsten Reacher
hbm:bismuth_tool, Magnetic Extractor
hbm:wiring_red_copper, Cable Drum
hbm:survey_scanner, Survey Scanner
hbm:oil_detector, Oil Reservoir Detector
hbm:mirror_tool, Mirror Adjustment Tool
hbm:rbmk_tool, RBMK Console Linking Device
hbm:coltan_tool, Coltass
hbm:power_net_tool, Cable Network Analysis Tool
hbm:analysis_tool, Analysis Tool
hbm:linker, Telelinker
hbm:reactor_sensor, Reactor Remote Sensor
hbm:drone_linker, Transport Drone Linker
hbm:radar_linker, Radar Linker
hbm:settings_tool, Settings Tool
hbm:rtty_pager, Redstone-over-Radio Pager
hbm:pollution_detector, Pollution Detector
hbm:ore_density_scanner, Bedrock Ore Density Scanner
hbm:rebar_placer, Rebar Placer
hbm:syringe_empty, Empty Syringe
hbm:syringe_awesome, AWESOME
hbm:syringe_antidote, Antidote
hbm:syringe_poison, Poisonous Injection
hbm:syringe_metal_empty, Metal Syringe
hbm:syringe_metal_medx, Med-X
hbm:syringe_metal_psycho, Psycho
hbm:syringe_metal_stimpak, Stimpak
hbm:syringe_metal_super, Super Stimpak
hbm:syringe_taint, Watery Taint Injection
hbm:syringe_mkunicorn, MKUNICORN
hbm:med_bag, First Aid Kit
hbm:radx, Rad-X
hbm:siox, SiOX Cancer Medication
hbm:iv_xp_empty, Empty Experience Bag
hbm:pill_herbal, Herbal Paste
hbm:xanax, NAXA Anti-Digamma Medication
hbm:iv_xp, Experience Bag
hbm:fmn, Flunitrazepam Tablet
hbm:five_htp, Enteramine Pills
hbm:iv_empty, IV Bag
hbm:pill_iodine, Iodine Pill
hbm:plan_c, Plan C
hbm:pill_red, Red Pill
hbm:iv_blood, Blood Bag
hbm:stealth_boy, Stealth Device
hbm:jetpack_tank, Jetpack Reserve Fuel Tank
hbm:radaway, RadAway
hbm:gun_kit_1, Gun Oil
hbm:gun_kit_2, Gun Repair Kit
hbm:radaway_strong, Strong RadAway
hbm:euphemium_kit, Euphemium Kit
hbm:cbt_device, CBT Device
hbm:radaway_flush, Elite RadAway
hbm:gas_mask_filter_rag, Makeshift Gas Mask Filter
hbm:gas_mask_filter_piss, Advanced Makeshift Gas Mask Filter
hbm:gas_mask_filter_mono, Catalytic Mask Filter
hbm:gas_mask_filter, Gas Mask Filter
hbm:gas_mask_filter_combo, Gas Mask Combo Filter
hbm:attachment_mask, Gas Mask Attachable
hbm:attachment_mask_mono, Half Mask Attachable
hbm:cigarette, FFI-Brand Cigarette
hbm:crackpipe, Health Pipe
hbm:bdcl, BDCL
hbm:back_tesla, Back-Mounted Tesla Coil
hbm:pads_rubber, Rubber Pads
hbm:pads_slime, Slime Pads
hbm:pads_static, Static Pads
hbm:cladding_paint, Lead Paint
hbm:cladding_rubber, Rubber Cladding
hbm:cladding_lead, Lead Cladding
hbm:cladding_desh, Desh Cladding
hbm:cladding_ghiorsium, Ghiorsium Cladding
hbm:cladding_iron, Iron Cladding
hbm:cladding_obsidian, Obsidian Skin
hbm:insert_kevlar, Kevlar Insert
hbm:insert_sapi, SAPI Insert
hbm:insert_esapi, ESAPI Insert
hbm:insert_xsapi, XSAPI Insert
hbm:insert_steel, Heavy Steel Insert
hbm:insert_du, DU Insert
hbm:insert_polonium, Polonium Insert
hbm:insert_ghiorsium, Ghiorsium Insert
hbm:insert_era, Explosive Reactive Armor Insert
hbm:insert_yharonite, Yharonite Insert
hbm:insert_doxium, Astolfium-Doped Doxium Insert
hbm:armor_polish, ShiningArmor™ Armor Polish
hbm:bandaid, Velvet Band-Aid
hbm:serum, Serum
hbm:quartz_plutonium, Plutonic Quartz
hbm:morning_glory, Morning Glory
hbm:lodestone, Lodestone
hbm:horseshoe_magnet, Horseshoe Magnet
hbm:industrial_magnet, Industrial Magnet
hbm:bathwater, Toxic Soapy Water
hbm:bathwater_mk2, Toxic Soapy Water (Horse Scented)
hbm:spider_milk, Bottle of Spider Milk
hbm:ink, 林 Ink
hbm:heart_piece, Heart Piece
hbm:heart_container, Heart Container
hbm:heart_booster, Heart Booster
hbm:heart_fab, Heart of Darkness
hbm:black_diamond, Black Diamond
hbm:wd40, VT-40
hbm:scrumpy, Bottle of Scrumpy
hbm:wild_p, Wild Pegasus Dry Whiskey
hbm:fabsols_vodka, Fabsol's Vodka
hbm:shackles, Shackles
hbm:injector_5htp, 5-HTP Autoinjector
hbm:injector_knife, 8 Inch Blade Autoinjector
hbm:medal_liquidator, Liquidator Medal
hbm:bottled_cloud, Cloud in a Bottle
hbm:servo_set, Servo Set
hbm:servo_set_desh, Desh Servo Set
hbm:v1, V1
hbm:neutrino_lens, Neutrino Lens
hbm:gas_tester, Gas Sensor
hbm:defuser_gold, Golden Wire Cutter
hbm:ballistic_gauntlet, Ballistic Gauntlet
hbm:night_vision, Night Vision Goggles
hbm:card_aos, Ace of Spades
hbm:card_qos, Queen of Spades
hbm:protection_charm, Charm of Protection
hbm:meteor_charm, Meteor Charm
hbm:stamp_stone_flat, Flat Stamp (Stone)
hbm:stamp_stone_plate, Plate Stamp (Stone)
hbm:stamp_stone_wire, Wire Stamp (Stone)
hbm:stamp_stone_circuit, Circuit Stamp (Stone)
hbm:stamp_iron_flat, Flat Stamp (Iron)
hbm:stamp_iron_plate, Plate Stamp (Iron)
hbm:stamp_iron_wire, Wire Stamp (Iron)
hbm:stamp_iron_circuit, Circuit Stamp (Iron)
hbm:stamp_steel_flat, Flat Stamp (Steel)
hbm:stamp_steel_plate, Plate Stamp (Steel)
hbm:stamp_steel_wire, Wire Stamp (Steel)
hbm:stamp_steel_circuit, Circuit Stamp (Steel)
hbm:stamp_titanium_flat, Flat Stamp (Titanium)
hbm:stamp_titanium_plate, Plate Stamp (Titanium)
hbm:stamp_titanium_wire, Wire Stamp (Titanium)
hbm:stamp_titanium_circuit, Circuit Stamp (Titanium)
hbm:stamp_obsidian_flat, Flat Stamp (Obsidian)
hbm:stamp_obsidian_plate, Plate Stamp (Obsidian)
hbm:stamp_obsidian_wire, Wire Stamp (Obsidian)
hbm:stamp_obsidian_circuit, Circuit Stamp (Obsidian)
hbm:stamp_desh_flat, Flat Stamp (Desh)
hbm:stamp_desh_plate, Plate Stamp (Desh)
hbm:stamp_desh_wire, Wire Stamp (Desh)
hbm:stamp_desh_circuit, Circuit Stamp (Desh)
hbm:stamp_desh_357, .357 Magnum Stamp (Desh)
hbm:stamp_desh_44, .44 Magnum Stamp (Desh)
hbm:stamp_desh_9, Small Caliber Stamp (Desh)
hbm:stamp_desh_50, Large Caliber Stamp (Desh)
hbm:stamp_357, .357 Magnum Stamp
hbm:stamp_44, .44 Magnum Stamp
hbm:stamp_9, Small Caliber Stamp
hbm:stamp_50, Large Caliber Stamp
hbm:stamp_book:0, Printing Press Stamp (Part 1)
hbm:stamp_book:1, Printing Press Stamp (Part 2)
hbm:stamp_book:2, Printing Press Stamp (Part 3)
hbm:stamp_book:3, Printing Press Stamp (Part 4)
hbm:stamp_book:4, Printing Press Stamp (Part 5)
hbm:stamp_book:5, Printing Press Stamp (Part 6)
hbm:stamp_book:6, Printing Press Stamp (Part 7)
hbm:stamp_book:7, Printing Press Stamp (Part 8)
hbm:blades_steel, Steel Shredder Blades
hbm:blades_titanium, Titanium Shredder Blades
hbm:blades_advanced_alloy, Advanced Shredder Blades
hbm:blades_desh, Desh Shredder Blades
hbm:fuse, Fuse
hbm:redcoil_capacitor, Redcoil Capacitor
hbm:euphemium_capacitor, Euphemium Capacitor
hbm:overfuse, Singularity Screwdriver
hbm:arc_electrode:0, Graphite Electrode
hbm:arc_electrode:1, Lanthanium Electrode
hbm:arc_electrode:2, Desh Electrode
hbm:arc_electrode:3, Saturnite Electrode
hbm:arc_electrode_burnt:0, Molten Graphite Electrode
hbm:arc_electrode_burnt:1, Molten Lanthanium Electrode
hbm:arc_electrode_burnt:2, Molten Desh Electrode
hbm:arc_electrode_burnt:3, Molten Saturnite Electrode
hbm:piston_selenium, Combustion Engine Piston
hbm:piston_set:0, Steel Piston Set
hbm:piston_set:1, High-Speed Steel Piston Set
hbm:piston_set:2, Desh Piston Set
hbm:piston_set:3, Starmetal Piston Set
hbm:drillbit:0, Steel Drillbit
hbm:drillbit:1, Steel Drillbit (Diamond-Tipped)
hbm:drillbit:2, High-Speed Steel Drillbit
hbm:drillbit:3, High-Speed Steel Drillbit (Diamond-Tipped)
hbm:drillbit:4, Desh Drillbit
hbm:drillbit:5, Desh Drillbit (Diamond-Tipped)
hbm:drillbit:6, Technetium Steel Drillbit
hbm:drillbit:7, Technetium Steel Drillbit (Diamond-Tipped)
hbm:drillbit:8, Ferrouranium Drillbit
hbm:drillbit:9, Ferrouranium Drillbit (Diamond-Tipped)
hbm:thermo_element, Thermoelectric Element
hbm:catalytic_converter, Catalytic Converter
hbm:part_lithium, Box of Lithium Dust
hbm:part_beryllium, Box of Beryllium Dust
hbm:part_carbon, Box of Carbon Dust
hbm:part_copper, Box of Copper Dust
hbm:part_plutonium, Box of Plutonium Dust
hbm:fusion_shield_tungsten, Tungsten Fusion Reactor Blanket
hbm:fusion_shield_desh, Desh Fusion Reactor Blanket
hbm:fusion_shield_chlorophyte, Chlorophyte-Metallized Fusion Reactor Blanket
hbm:fusion_shield_vaporwave, Vaporwave Fusion Reactor Blanket
hbm:battery_sc:0, Empty Self-Charging Battery
hbm:battery_sc:1, Spent Fuel Self-Charging Battery
hbm:battery_sc:2, Radium-226 Self-Charging Battery
hbm:battery_sc:3, Technetium-99 Self-Charging Battery
hbm:battery_sc:4, Cobalt-60 Self-Charging Battery
hbm:battery_sc:5, Plutonium-238 Self-Charging Battery
hbm:battery_sc:6, Polonium-210 Self-Charging Battery
hbm:battery_sc:7, Gold-198 Self-Charging Battery
hbm:battery_sc:8, Lead-209 Self-Charging Battery
hbm:battery_sc:9, Americium-241 Self-Charging Battery
hbm:battery_sc_uranium, Self-Charging Uranium-238 Battery (LEGACY)
hbm:battery_sc_technetium, Self-Charging Technetium-99 Battery (LEGACY)
hbm:battery_sc_plutonium, Self-Charging Plutonium-238 Battery (LEGACY)
hbm:battery_sc_polonium, Self-Charging Polonium-210 Battery (LEGACY)
hbm:battery_sc_gold, Self-Charging Gold-198 Battery (LEGACY)
hbm:battery_sc_lead, Self-Charging Lead-209 Battery (LEGACY)
hbm:battery_sc_americium, Self-Charging Americium-241 Battery (LEGACY)
hbm:battery_pack:0, Redstone Battery
hbm:battery_pack:0, Redstone Battery
hbm:battery_pack:1, Lead-Acid Battery
hbm:battery_pack:1, Lead-Acid Battery
hbm:battery_pack:2, Lithium-Ion Battery
hbm:battery_pack:2, Lithium-Ion Battery
hbm:battery_pack:3, Sodium-Iron Battery
hbm:battery_pack:3, Sodium-Iron Battery
hbm:battery_pack:4, Schrabidium Battery
hbm:battery_pack:4, Schrabidium Battery
hbm:battery_pack:5, Quantum Battery
hbm:battery_pack:5, Quantum Battery
hbm:battery_pack:6, Copper Capacitor
hbm:battery_pack:6, Copper Capacitor
hbm:battery_pack:7, Gold Capacitor
hbm:battery_pack:7, Gold Capacitor
hbm:battery_pack:8, Niobium Capacitor
hbm:battery_pack:8, Niobium Capacitor
hbm:battery_pack:9, Tantalum Capacitor
hbm:battery_pack:9, Tantalum Capacitor
hbm:battery_pack:10, Bismuth Capacitor
hbm:battery_pack:10, Bismuth Capacitor
hbm:battery_pack:11, Spark Capacitor
hbm:battery_pack:11, Spark Capacitor
hbm:battery_creative, Infinite Battery
hbm:battery_generic, Battery (LEGACY)
hbm:battery_red_cell, Redstone Power Cell (LEGACY)
hbm:battery_red_cell_6, Sixfold Redstone Power Cell (LEGACY)
hbm:battery_red_cell_24, 24-Fold Redstone Power Cell (LEGACY)
hbm:battery_advanced, Advanced Battery (LEGACY)
hbm:battery_advanced_cell, Advanced Power Cell (LEGACY)
hbm:battery_advanced_cell_4, Quadruple Advanced Power Cell (LEGACY)
hbm:battery_advanced_cell_12, Twelvefold Advanced Power Cell (LEGACY)
hbm:battery_lithium, Lithium-Ion Battery (LEGACY)
hbm:battery_lithium_cell, Lithium-Ion Power Cell (LEGACY)
hbm:battery_lithium_cell_3, Triple Lithium-Ion Power Cell (LEGACY)
hbm:battery_lithium_cell_6, Sixfold Lithium-Ion Power Cell (LEGACY)
hbm:battery_schrabidium, Schrabidium Battery (LEGACY)
hbm:battery_schrabidium_cell, Schrabidium Power Cell (LEGACY)
hbm:battery_schrabidium_cell_2, Double Schrabidium Power Cell (LEGACY)
hbm:battery_schrabidium_cell_4, Quadruple Schrabidium Power Cell (LEGACY)
hbm:battery_trixite, Off-Brand Spark Battery
hbm:battery_spark, Spark Battery
hbm:battery_spark_cell_6, Spark Power Cell (LEGACY)
hbm:battery_spark_cell_25, Spark Arcane Car Battery (LEGACY)
hbm:battery_spark_cell_100, Spark Arcane Energy Storage Array (LEGACY)
hbm:battery_spark_cell_1000, Spark Arcane Mass-Energy Void (LEGACY)
hbm:battery_spark_cell_2500, Spark Arcane Dirac Sea (LEGACY)
hbm:battery_spark_cell_10000, Spark Solid Space-Time Crystal (LEGACY)
hbm:battery_spark_cell_power, Spark Ludicrous Physics-Defying Energy Storage Unit (LEGACY)
hbm:battery_potato, Potato Battery
hbm:battery_potatos, PotatOS
hbm:hev_battery, Suit Battery
hbm:fusion_core, Fusion Core
hbm:energy_core, Makeshift Energy Core
hbm:fusion_core_infinite, Infinite Fusion Core
hbm:laser_crystal_co2, CO2-Desh Laser Crystal
hbm:laser_crystal_bismuth, BiSmUTh Laser Crystal
hbm:laser_crystal_cmb, CMB-Schrabidate Antimatter Laser Crystal
hbm:laser_crystal_bale, Spark Laser Crystal
hbm:laser_crystal_digamma, Digamma Laser Crystal
hbm:upgrade_speed_1, Speed Upgrade Mk.I
hbm:upgrade_speed_2, Speed Upgrade Mk.II
hbm:upgrade_speed_3, Speed Upgrade Mk.III
hbm:upgrade_effect_1, Effectiveness Upgrade Mk.I
hbm:upgrade_effect_2, Effectiveness Upgrade Mk.II
hbm:upgrade_effect_3, Effectiveness Upgrade Mk.III
hbm:upgrade_power_1, Power Saving Upgrade Mk.I
hbm:upgrade_power_2, Power Saving Upgrade Mk.II
hbm:upgrade_power_3, Power Saving Upgrade Mk.III
hbm:upgrade_fortune_1, Fortune Upgrade Mk.I
hbm:upgrade_fortune_2, Fortune Upgrade Mk.II
hbm:upgrade_fortune_3, Fortune Upgrade Mk.III
hbm:upgrade_afterburn_1, Afterburner Upgrade Mk.I
hbm:upgrade_afterburn_2, Afterburner Upgrade Mk.II
hbm:upgrade_afterburn_3, Afterburner Upgrade Mk.III
hbm:upgrade_radius, Emitter Radius Upgrade
hbm:upgrade_health, Emitter Health Upgrade
hbm:upgrade_overdrive_1, Overdrive Upgrade Mk.I
hbm:upgrade_overdrive_2, Overdrive Upgrade Mk.II
hbm:upgrade_overdrive_3, Overdrive Upgrade Mk.III
hbm:upgrade_smelter, Smelter Upgrade
hbm:upgrade_shredder, Shredder Upgrade
hbm:upgrade_centrifuge, Centrifuge Upgrade
hbm:upgrade_crystallizer, Crystallizer Upgrade
hbm:upgrade_nullifier, Scrap Destroyer Upgrade
hbm:upgrade_screm, Screaming Scientist Upgrade
hbm:upgrade_gc_speed, Gas Centrifuge Overclocking Upgrade
hbm:upgrade_5g, 5G Radiation Emitter Upgrade
hbm:upgrade_ejector_1, Ejection Speed Upgrade Mk.I
hbm:upgrade_ejector_2, Ejection Speed Upgrade Mk.II
hbm:upgrade_ejector_3, Ejection Speed Upgrade Mk.III
hbm:upgrade_stack_1, Stack Ejection Upgrade Mk.I
hbm:upgrade_stack_2, Stack Ejection Upgrade Mk.II
hbm:upgrade_stack_3, Stack Ejection Upgrade Mk.III
hbm:fuel_additive:0, Tetraethyllead Antiknock Agent
hbm:fuel_additive:1, Deicer
hbm:canister_empty, Empty Canister
hbm:canister_fuel:10, Canister: Crude Oil
hbm:canister_fuel:134, Canister: Desulfurized Crude Oil
hbm:canister_fuel:61, Canister: Cracked Oil
hbm:canister_fuel:136, Canister: Desulfurized Cracked Oil
hbm:canister_fuel:62, Canister: Coal Oil
hbm:canister_fuel:12, Canister: Heavy Oil
hbm:canister_fuel:91, Canister: Vacuum Heavy Oil
hbm:canister_fuel:19, Canister: Naphtha
hbm:canister_fuel:138, Canister: Desulfurized Naphtha
hbm:canister_fuel:64, Canister: Cracked Naphtha
hbm:canister_fuel:92, Canister: Reformate
hbm:canister_fuel:21, Canister: Light Oil
hbm:canister_fuel:139, Canister: Desulfurized Light Oil
hbm:canister_fuel:65, Canister: Cracked Light Oil
hbm:canister_fuel:93, Canister: Vacuum Light Oil
hbm:canister_fuel:13, Canister: Bitumen
hbm:canister_fuel:14, Canister: Industrial Oil
hbm:canister_fuel:15, Canister: Heating Oil
hbm:canister_fuel:96, Canister: Heavy Heating Oil
hbm:canister_fuel:16, Canister: Reclaimed Industrial Oil
hbm:canister_fuel:18, Canister: Engine Lubricant
hbm:canister_fuel:95, Canister: BTX
hbm:canister_fuel:20, Canister: Diesel
hbm:canister_fuel:97, Canister: High-Cetane Diesel
hbm:canister_fuel:66, Canister: Cracked Diesel
hbm:canister_fuel:98, Canister: High-Cetane Cracked Diesel
hbm:canister_fuel:22, Canister: Kerosene
hbm:canister_fuel:99, Canister: Jet Fuel
hbm:canister_fuel:17, Canister: Petroil
hbm:canister_fuel:72, Canister: Leaded Petroil
hbm:canister_fuel:46, Canister: Gasoline
hbm:canister_fuel:73, Canister: Leaded Gasoline
hbm:canister_fuel:47, Canister: Coal Gasoline
hbm:canister_fuel:74, Canister: Leaded Coal Gasoline
hbm:canister_fuel:80, Canister: Coal Tar Creosote
hbm:canister_fuel:79, Canister: Wood Oil
hbm:canister_fuel:27, Canister: Biofuel
hbm:canister_fuel:59, Canister: Ethanol
hbm:canister_fuel:28, Canister: NITAN© 100 Octane Super Fuel
hbm:canister_fuel:81, Canister: Seeding Slurry
hbm:canister_fuel:83, Canister: Solvent
hbm:canister_fuel:49, Canister: Fracking Solution
hbm:canister_fuel:89, Canister: Hydrazine
hbm:canister_napalm, Napalm B
hbm:gas_empty, Empty Gas Tank
hbm:gas_full:38, Gas Tank:: Liquid Hydrogen
hbm:gas_full:8, Gas Tank:: Deuterium
hbm:gas_full:9, Gas Tank:: Tritium
hbm:gas_full:57, Gas Tank:: Helium-3
hbm:gas_full:124, Gas Tank:: Helium-4
hbm:gas_full:39, Gas Tank:: Liquid Oxygen
hbm:gas_full:40, Gas Tank:: Xenon Gas
hbm:gas_full:90, Gas Tank:: Chlorine Gas
hbm:gas_full:23, Gas Tank:: Natural Gas
hbm:gas_full:24, Gas Tank:: Petroleum Gas
hbm:gas_full:94, Gas Tank:: Sour Gas
hbm:gas_full:86, Gas Tank:: Syngas
hbm:gas_full:67, Gas Tank:: Aromatic Hydrocarbons
hbm:gas_full:68, Gas Tank:: Unsaturated Hydrocarbons
hbm:gas_full:100, Gas Tank:: Reformate Gas
hbm:gas_full:26, Gas Tank:: Biogas
hbm:gas_full:102, Gas Tank:: Phosgene
hbm:gas_full:103, Gas Tank:: Mustard Gas
hbm:cell:0, Empty Cell
hbm:cell:29, Uranium Hexafluoride Cell
hbm:cell:30, Plutonium Hexafluoride Cell
hbm:cell:33, Antimatter Cell
hbm:cell:8, Deuterium Cell
hbm:cell:9, Tritium Cell
hbm:cell:31, Schrabidium Trisulfide Cell
hbm:cell:34, Antischrabidium Cell
hbm:cell_balefire, Gaseous Balefire Cell
hbm:fluid_tank_empty, Empty Universal Fluid Tank
hbm:fluid_tank_full:152, Universal Fluid Tank: Compressed Air
hbm:fluid_tank_full:1, Universal Fluid Tank: Water
hbm:fluid_tank_full:60, Universal Fluid Tank: Heavy Water
hbm:fluid_tank_full:125, Universal Fluid Tank: Hot Heavy Water
hbm:fluid_tank_full:7, Universal Fluid Tank: Lava
hbm:fluid_tank_full:2, Universal Fluid Tank: Steam
hbm:fluid_tank_full:3, Universal Fluid Tank: Dense Steam
hbm:fluid_tank_full:4, Universal Fluid Tank: Super Dense Steam
hbm:fluid_tank_full:5, Universal Fluid Tank: Ultra Dense Steam
hbm:fluid_tank_full:55, Universal Fluid Tank: Carbon Dioxide
hbm:fluid_tank_full:6, Universal Fluid Tank: Coolant
hbm:fluid_tank_full:76, Universal Fluid Tank: Hot Coolant
hbm:fluid_tank_full:145, Universal Fluid Tank: Perfluoromethyl
hbm:fluid_tank_full:146, Universal Fluid Tank: Cold Perfluoromethyl
hbm:fluid_tank_full:147, Universal Fluid Tank: Hot Perfluoromethyl
hbm:fluid_tank_full:37, Universal Fluid Tank: Cryogel
hbm:fluid_tank_full:77, Universal Fluid Tank: Mug Root Beer
hbm:fluid_tank_full:78, Universal Fluid Tank: Hot Mug Root Beer
hbm:fluid_tank_full:84, Universal Fluid Tank: Blood
hbm:fluid_tank_full:85, Universal Fluid Tank: Hot Blood
hbm:fluid_tank_full:126, Universal Fluid Tank: Liquid Sodium
hbm:fluid_tank_full:127, Universal Fluid Tank: Hot Liquid Sodium
hbm:fluid_tank_full:143, Universal Fluid Tank: Liquid Lead
hbm:fluid_tank_full:144, Universal Fluid Tank: Hot Liquid Lead
hbm:fluid_tank_full:128, Universal Fluid Tank: Liquid Thorium Salt
hbm:fluid_tank_full:129, Universal Fluid Tank: Hot Liquid Thorium Salt
hbm:fluid_tank_full:130, Universal Fluid Tank: Depleted Liquid Thorium Salt
hbm:fluid_tank_full:38, Universal Fluid Tank: Liquid Hydrogen
hbm:fluid_tank_full:8, Universal Fluid Tank: Deuterium
hbm:fluid_tank_full:9, Universal Fluid Tank: Tritium
hbm:fluid_tank_full:57, Universal Fluid Tank: Helium-3
hbm:fluid_tank_full:124, Universal Fluid Tank: Helium-4
hbm:fluid_tank_full:39, Universal Fluid Tank: Liquid Oxygen
hbm:fluid_tank_full:40, Universal Fluid Tank: Xenon Gas
hbm:fluid_tank_full:90, Universal Fluid Tank: Chlorine Gas
hbm:fluid_tank_full:42, Universal Fluid Tank: Mercury
hbm:fluid_tank_full:10, Universal Fluid Tank: Crude Oil
hbm:fluid_tank_full:134, Universal Fluid Tank: Desulfurized Crude Oil
hbm:fluid_tank_full:61, Universal Fluid Tank: Cracked Oil
hbm:fluid_tank_full:136, Universal Fluid Tank: Desulfurized Cracked Oil
hbm:fluid_tank_full:62, Universal Fluid Tank: Coal Oil
hbm:fluid_tank_full:105, Universal Fluid Tank: Coker Oil
hbm:fluid_tank_full:11, Universal Fluid Tank: Hot Crude Oil
hbm:fluid_tank_full:135, Universal Fluid Tank: Desulfurized Hot Crude Oil
hbm:fluid_tank_full:63, Universal Fluid Tank: Hot Cracked Oil
hbm:fluid_tank_full:137, Universal Fluid Tank: Desulfurized Hot Cracked Oil
hbm:fluid_tank_full:12, Universal Fluid Tank: Heavy Oil
hbm:fluid_tank_full:91, Universal Fluid Tank: Vacuum Heavy Oil
hbm:fluid_tank_full:19, Universal Fluid Tank: Naphtha
hbm:fluid_tank_full:138, Universal Fluid Tank: Desulfurized Naphtha
hbm:fluid_tank_full:64, Universal Fluid Tank: Cracked Naphtha
hbm:fluid_tank_full:106, Universal Fluid Tank: Coker Naphtha
hbm:fluid_tank_full:92, Universal Fluid Tank: Reformate
hbm:fluid_tank_full:21, Universal Fluid Tank: Light Oil
hbm:fluid_tank_full:139, Universal Fluid Tank: Desulfurized Light Oil
hbm:fluid_tank_full:65, Universal Fluid Tank: Cracked Light Oil
hbm:fluid_tank_full:93, Universal Fluid Tank: Vacuum Light Oil
hbm:fluid_tank_full:13, Universal Fluid Tank: Bitumen
hbm:fluid_tank_full:14, Universal Fluid Tank: Industrial Oil
hbm:fluid_tank_full:15, Universal Fluid Tank: Heating Oil
hbm:fluid_tank_full:96, Universal Fluid Tank: Heavy Heating Oil
hbm:fluid_tank_full:16, Universal Fluid Tank: Reclaimed Industrial Oil
hbm:fluid_tank_full:18, Universal Fluid Tank: Engine Lubricant
hbm:fluid_tank_full:23, Universal Fluid Tank: Natural Gas
hbm:fluid_tank_full:107, Universal Fluid Tank: Coker Gas
hbm:fluid_tank_full:24, Universal Fluid Tank: Petroleum Gas
hbm:fluid_tank_full:94, Universal Fluid Tank: Sour Gas
hbm:fluid_tank_full:25, Universal Fluid Tank: LPG
hbm:fluid_tank_full:86, Universal Fluid Tank: Syngas
hbm:fluid_tank_full:87, Universal Fluid Tank: Oxyhydrogen
hbm:fluid_tank_full:67, Universal Fluid Tank: Aromatic Hydrocarbons
hbm:fluid_tank_full:68, Universal Fluid Tank: Unsaturated Hydrocarbons
hbm:fluid_tank_full:95, Universal Fluid Tank: BTX
hbm:fluid_tank_full:100, Universal Fluid Tank: Reformate Gas
hbm:fluid_tank_full:20, Universal Fluid Tank: Diesel
hbm:fluid_tank_full:97, Universal Fluid Tank: High-Cetane Diesel
hbm:fluid_tank_full:66, Universal Fluid Tank: Cracked Diesel
hbm:fluid_tank_full:98, Universal Fluid Tank: High-Cetane Cracked Diesel
hbm:fluid_tank_full:22, Universal Fluid Tank: Kerosene
hbm:fluid_tank_full:99, Universal Fluid Tank: Jet Fuel
hbm:fluid_tank_full:17, Universal Fluid Tank: Petroil
hbm:fluid_tank_full:72, Universal Fluid Tank: Leaded Petroil
hbm:fluid_tank_full:46, Universal Fluid Tank: Gasoline
hbm:fluid_tank_full:73, Universal Fluid Tank: Leaded Gasoline
hbm:fluid_tank_full:47, Universal Fluid Tank: Coal Gasoline
hbm:fluid_tank_full:74, Universal Fluid Tank: Leaded Coal Gasoline
hbm:fluid_tank_full:80, Universal Fluid Tank: Coal Tar Creosote
hbm:fluid_tank_full:79, Universal Fluid Tank: Wood Oil
hbm:fluid_tank_full:26, Universal Fluid Tank: Biogas
hbm:fluid_tank_full:27, Universal Fluid Tank: Biofuel
hbm:fluid_tank_full:59, Universal Fluid Tank: Ethanol
hbm:fluid_tank_full:111, Universal Fluid Tank: Fish Oil
hbm:fluid_tank_full:112, Universal Fluid Tank: Sunflower Seed Oil
hbm:fluid_tank_full:28, Universal Fluid Tank: NITAN© 100 Octane Super Fuel
hbm:fluid_tank_full:154, Universal Fluid Tank: Deuterated Hydrocarbon
hbm:fluid_tank_full:41, Universal Fluid Tank: BF Rocket Fuel
hbm:fluid_tank_full:69, Universal Fluid Tank: Salient Green
hbm:fluid_tank_full:81, Universal Fluid Tank: Seeding Slurry
hbm:fluid_tank_full:101, Universal Fluid Tank: Colloid
hbm:fluid_tank_full:141, Universal Fluid Tank: Vitriol
hbm:fluid_tank_full:142, Universal Fluid Tank: Ore Slop
hbm:fluid_tank_full:104, Universal Fluid Tank: Ionic Gel
hbm:fluid_tank_full:35, Universal Fluid Tank: Hydrogen Peroxide
hbm:fluid_tank_full:75, Universal Fluid Tank: Sulfuric Acid
hbm:fluid_tank_full:82, Universal Fluid Tank: Nitric Acid
hbm:fluid_tank_full:83, Universal Fluid Tank: Solvent
hbm:fluid_tank_full:88, Universal Fluid Tank: High-Performance Solvent
hbm:fluid_tank_full:32, Universal Fluid Tank: Schrabidic Acid
hbm:fluid_tank_full:29, Universal Fluid Tank: Uranium Hexafluoride
hbm:fluid_tank_full:30, Universal Fluid Tank: Plutonium Hexafluoride
hbm:fluid_tank_full:31, Universal Fluid Tank: Schrabidium Trisulfide
hbm:fluid_tank_full:43, Universal Fluid Tank: Pandemonium(III)tantalite Solution
hbm:fluid_tank_full:36, Universal Fluid Tank: Poisonous Mud
hbm:fluid_tank_full:131, Universal Fluid Tank: Fullerene Solution
hbm:fluid_tank_full:108, Universal Fluid Tank: Dissolved Egg
hbm:fluid_tank_full:109, Universal Fluid Tank: Cholesterol Solution
hbm:fluid_tank_full:149, Universal Fluid Tank: Sodium Aluminate
hbm:fluid_tank_full:150, Universal Fluid Tank: Bauxite Solution
hbm:fluid_tank_full:151, Universal Fluid Tank: Alumina
hbm:fluid_tank_full:153, Universal Fluid Tank: Liquid Concrete
hbm:fluid_tank_full:49, Universal Fluid Tank: Fracking Solution
hbm:fluid_tank_full:148, Universal Fluid Tank: Lye
hbm:fluid_tank_full:102, Universal Fluid Tank: Phosgene
hbm:fluid_tank_full:103, Universal Fluid Tank: Mustard Gas
hbm:fluid_tank_full:110, Universal Fluid Tank: Estradiol Solution
hbm:fluid_tank_full:113, Universal Fluid Tank: Nitroglycerin
hbm:fluid_tank_full:33, Universal Fluid Tank: Antimatter
hbm:fluid_tank_full:34, Universal Fluid Tank: Antischrabidium
hbm:fluid_tank_full:70, Universal Fluid Tank: Experience Juice
hbm:fluid_tank_full:71, Universal Fluid Tank: Ender Juice
hbm:fluid_tank_full:140, Universal Fluid Tank: Stellar Flux
hbm:fluid_tank_full:132, Universal Fluid Tank: Booster Pheromone
hbm:fluid_tank_full:133, Universal Fluid Tank: Modified Booster Pheromone
hbm:fluid_tank_full:89, Universal Fluid Tank: Hydrazine
hbm:fluid_tank_full:1000, Universal Fluid Tank: Custom Fluid Demo
hbm:fluid_tank_lead_empty, Empty Hazardous Material Tank
hbm:fluid_tank_lead_full:152, Hazardous Material Tank: Compressed Air
hbm:fluid_tank_lead_full:1, Hazardous Material Tank: Water
hbm:fluid_tank_lead_full:60, Hazardous Material Tank: Heavy Water
hbm:fluid_tank_lead_full:125, Hazardous Material Tank: Hot Heavy Water
hbm:fluid_tank_lead_full:7, Hazardous Material Tank: Lava
hbm:fluid_tank_lead_full:2, Hazardous Material Tank: Steam
hbm:fluid_tank_lead_full:3, Hazardous Material Tank: Dense Steam
hbm:fluid_tank_lead_full:4, Hazardous Material Tank: Super Dense Steam
hbm:fluid_tank_lead_full:5, Hazardous Material Tank: Ultra Dense Steam
hbm:fluid_tank_lead_full:55, Hazardous Material Tank: Carbon Dioxide
hbm:fluid_tank_lead_full:6, Hazardous Material Tank: Coolant
hbm:fluid_tank_lead_full:76, Hazardous Material Tank: Hot Coolant
hbm:fluid_tank_lead_full:145, Hazardous Material Tank: Perfluoromethyl
hbm:fluid_tank_lead_full:146, Hazardous Material Tank: Cold Perfluoromethyl
hbm:fluid_tank_lead_full:147, Hazardous Material Tank: Hot Perfluoromethyl
hbm:fluid_tank_lead_full:37, Hazardous Material Tank: Cryogel
hbm:fluid_tank_lead_full:77, Hazardous Material Tank: Mug Root Beer
hbm:fluid_tank_lead_full:78, Hazardous Material Tank: Hot Mug Root Beer
hbm:fluid_tank_lead_full:84, Hazardous Material Tank: Blood
hbm:fluid_tank_lead_full:85, Hazardous Material Tank: Hot Blood
hbm:fluid_tank_lead_full:126, Hazardous Material Tank: Liquid Sodium
hbm:fluid_tank_lead_full:127, Hazardous Material Tank: Hot Liquid Sodium
hbm:fluid_tank_lead_full:143, Hazardous Material Tank: Liquid Lead
hbm:fluid_tank_lead_full:144, Hazardous Material Tank: Hot Liquid Lead
hbm:fluid_tank_lead_full:128, Hazardous Material Tank: Liquid Thorium Salt
hbm:fluid_tank_lead_full:129, Hazardous Material Tank: Hot Liquid Thorium Salt
hbm:fluid_tank_lead_full:130, Hazardous Material Tank: Depleted Liquid Thorium Salt
hbm:fluid_tank_lead_full:38, Hazardous Material Tank: Liquid Hydrogen
hbm:fluid_tank_lead_full:8, Hazardous Material Tank: Deuterium
hbm:fluid_tank_lead_full:9, Hazardous Material Tank: Tritium
hbm:fluid_tank_lead_full:57, Hazardous Material Tank: Helium-3
hbm:fluid_tank_lead_full:124, Hazardous Material Tank: Helium-4
hbm:fluid_tank_lead_full:39, Hazardous Material Tank: Liquid Oxygen
hbm:fluid_tank_lead_full:40, Hazardous Material Tank: Xenon Gas
hbm:fluid_tank_lead_full:90, Hazardous Material Tank: Chlorine Gas
hbm:fluid_tank_lead_full:42, Hazardous Material Tank: Mercury
hbm:fluid_tank_lead_full:10, Hazardous Material Tank: Crude Oil
hbm:fluid_tank_lead_full:134, Hazardous Material Tank: Desulfurized Crude Oil
hbm:fluid_tank_lead_full:61, Hazardous Material Tank: Cracked Oil
hbm:fluid_tank_lead_full:136, Hazardous Material Tank: Desulfurized Cracked Oil
hbm:fluid_tank_lead_full:62, Hazardous Material Tank: Coal Oil
hbm:fluid_tank_lead_full:105, Hazardous Material Tank: Coker Oil
hbm:fluid_tank_lead_full:11, Hazardous Material Tank: Hot Crude Oil
hbm:fluid_tank_lead_full:135, Hazardous Material Tank: Desulfurized Hot Crude Oil
hbm:fluid_tank_lead_full:63, Hazardous Material Tank: Hot Cracked Oil
hbm:fluid_tank_lead_full:137, Hazardous Material Tank: Desulfurized Hot Cracked Oil
hbm:fluid_tank_lead_full:12, Hazardous Material Tank: Heavy Oil
hbm:fluid_tank_lead_full:91, Hazardous Material Tank: Vacuum Heavy Oil
hbm:fluid_tank_lead_full:19, Hazardous Material Tank: Naphtha
hbm:fluid_tank_lead_full:138, Hazardous Material Tank: Desulfurized Naphtha
hbm:fluid_tank_lead_full:64, Hazardous Material Tank: Cracked Naphtha
hbm:fluid_tank_lead_full:106, Hazardous Material Tank: Coker Naphtha
hbm:fluid_tank_lead_full:92, Hazardous Material Tank: Reformate
hbm:fluid_tank_lead_full:21, Hazardous Material Tank: Light Oil
hbm:fluid_tank_lead_full:139, Hazardous Material Tank: Desulfurized Light Oil
hbm:fluid_tank_lead_full:65, Hazardous Material Tank: Cracked Light Oil
hbm:fluid_tank_lead_full:93, Hazardous Material Tank: Vacuum Light Oil
hbm:fluid_tank_lead_full:13, Hazardous Material Tank: Bitumen
hbm:fluid_tank_lead_full:14, Hazardous Material Tank: Industrial Oil
hbm:fluid_tank_lead_full:15, Hazardous Material Tank: Heating Oil
hbm:fluid_tank_lead_full:96, Hazardous Material Tank: Heavy Heating Oil
hbm:fluid_tank_lead_full:16, Hazardous Material Tank: Reclaimed Industrial Oil
hbm:fluid_tank_lead_full:18, Hazardous Material Tank: Engine Lubricant
hbm:fluid_tank_lead_full:23, Hazardous Material Tank: Natural Gas
hbm:fluid_tank_lead_full:107, Hazardous Material Tank: Coker Gas
hbm:fluid_tank_lead_full:24, Hazardous Material Tank: Petroleum Gas
hbm:fluid_tank_lead_full:94, Hazardous Material Tank: Sour Gas
hbm:fluid_tank_lead_full:25, Hazardous Material Tank: LPG
hbm:fluid_tank_lead_full:86, Hazardous Material Tank: Syngas
hbm:fluid_tank_lead_full:87, Hazardous Material Tank: Oxyhydrogen
hbm:fluid_tank_lead_full:67, Hazardous Material Tank: Aromatic Hydrocarbons
hbm:fluid_tank_lead_full:68, Hazardous Material Tank: Unsaturated Hydrocarbons
hbm:fluid_tank_lead_full:95, Hazardous Material Tank: BTX
hbm:fluid_tank_lead_full:100, Hazardous Material Tank: Reformate Gas
hbm:fluid_tank_lead_full:20, Hazardous Material Tank: Diesel
hbm:fluid_tank_lead_full:97, Hazardous Material Tank: High-Cetane Diesel
hbm:fluid_tank_lead_full:66, Hazardous Material Tank: Cracked Diesel
hbm:fluid_tank_lead_full:98, Hazardous Material Tank: High-Cetane Cracked Diesel
hbm:fluid_tank_lead_full:22, Hazardous Material Tank: Kerosene
hbm:fluid_tank_lead_full:99, Hazardous Material Tank: Jet Fuel
hbm:fluid_tank_lead_full:17, Hazardous Material Tank: Petroil
hbm:fluid_tank_lead_full:72, Hazardous Material Tank: Leaded Petroil
hbm:fluid_tank_lead_full:46, Hazardous Material Tank: Gasoline
hbm:fluid_tank_lead_full:73, Hazardous Material Tank: Leaded Gasoline
hbm:fluid_tank_lead_full:47, Hazardous Material Tank: Coal Gasoline
hbm:fluid_tank_lead_full:74, Hazardous Material Tank: Leaded Coal Gasoline
hbm:fluid_tank_lead_full:80, Hazardous Material Tank: Coal Tar Creosote
hbm:fluid_tank_lead_full:79, Hazardous Material Tank: Wood Oil
hbm:fluid_tank_lead_full:26, Hazardous Material Tank: Biogas
hbm:fluid_tank_lead_full:27, Hazardous Material Tank: Biofuel
hbm:fluid_tank_lead_full:59, Hazardous Material Tank: Ethanol
hbm:fluid_tank_lead_full:111, Hazardous Material Tank: Fish Oil
hbm:fluid_tank_lead_full:112, Hazardous Material Tank: Sunflower Seed Oil
hbm:fluid_tank_lead_full:28, Hazardous Material Tank: NITAN© 100 Octane Super Fuel
hbm:fluid_tank_lead_full:154, Hazardous Material Tank: Deuterated Hydrocarbon
hbm:fluid_tank_lead_full:41, Hazardous Material Tank: BF Rocket Fuel
hbm:fluid_tank_lead_full:69, Hazardous Material Tank: Salient Green
hbm:fluid_tank_lead_full:81, Hazardous Material Tank: Seeding Slurry
hbm:fluid_tank_lead_full:101, Hazardous Material Tank: Colloid
hbm:fluid_tank_lead_full:141, Hazardous Material Tank: Vitriol
hbm:fluid_tank_lead_full:142, Hazardous Material Tank: Ore Slop
hbm:fluid_tank_lead_full:104, Hazardous Material Tank: Ionic Gel
hbm:fluid_tank_lead_full:35, Hazardous Material Tank: Hydrogen Peroxide
hbm:fluid_tank_lead_full:75, Hazardous Material Tank: Sulfuric Acid
hbm:fluid_tank_lead_full:82, Hazardous Material Tank: Nitric Acid
hbm:fluid_tank_lead_full:83, Hazardous Material Tank: Solvent
hbm:fluid_tank_lead_full:88, Hazardous Material Tank: High-Performance Solvent
hbm:fluid_tank_lead_full:32, Hazardous Material Tank: Schrabidic Acid
hbm:fluid_tank_lead_full:29, Hazardous Material Tank: Uranium Hexafluoride
hbm:fluid_tank_lead_full:30, Hazardous Material Tank: Plutonium Hexafluoride
hbm:fluid_tank_lead_full:31, Hazardous Material Tank: Schrabidium Trisulfide
hbm:fluid_tank_lead_full:43, Hazardous Material Tank: Pandemonium(III)tantalite Solution
hbm:fluid_tank_lead_full:58, Hazardous Material Tank: Osmiridic Solution
hbm:fluid_tank_lead_full:36, Hazardous Material Tank: Poisonous Mud
hbm:fluid_tank_lead_full:114, Hazardous Material Tank: Red Mud
hbm:fluid_tank_lead_full:131, Hazardous Material Tank: Fullerene Solution
hbm:fluid_tank_lead_full:108, Hazardous Material Tank: Dissolved Egg
hbm:fluid_tank_lead_full:109, Hazardous Material Tank: Cholesterol Solution
hbm:fluid_tank_lead_full:149, Hazardous Material Tank: Sodium Aluminate
hbm:fluid_tank_lead_full:150, Hazardous Material Tank: Bauxite Solution
hbm:fluid_tank_lead_full:151, Hazardous Material Tank: Alumina
hbm:fluid_tank_lead_full:153, Hazardous Material Tank: Liquid Concrete
hbm:fluid_tank_lead_full:49, Hazardous Material Tank: Fracking Solution
hbm:fluid_tank_lead_full:148, Hazardous Material Tank: Lye
hbm:fluid_tank_lead_full:102, Hazardous Material Tank: Phosgene
hbm:fluid_tank_lead_full:103, Hazardous Material Tank: Mustard Gas
hbm:fluid_tank_lead_full:110, Hazardous Material Tank: Estradiol Solution
hbm:fluid_tank_lead_full:113, Hazardous Material Tank: Nitroglycerin
hbm:fluid_tank_lead_full:33, Hazardous Material Tank: Antimatter
hbm:fluid_tank_lead_full:34, Hazardous Material Tank: Antischrabidium
hbm:fluid_tank_lead_full:70, Hazardous Material Tank: Experience Juice
hbm:fluid_tank_lead_full:71, Hazardous Material Tank: Ender Juice
hbm:fluid_tank_lead_full:140, Hazardous Material Tank: Stellar Flux
hbm:fluid_tank_lead_full:132, Hazardous Material Tank: Booster Pheromone
hbm:fluid_tank_lead_full:133, Hazardous Material Tank: Modified Booster Pheromone
hbm:fluid_tank_lead_full:89, Hazardous Material Tank: Hydrazine
hbm:fluid_tank_lead_full:1000, Hazardous Material Tank: Custom Fluid Demo
hbm:fluid_barrel_empty, Empty Fluid Barrel
hbm:fluid_barrel_full:152, Fluid Barrel: Compressed Air
hbm:fluid_barrel_full:1, Fluid Barrel: Water
hbm:fluid_barrel_full:60, Fluid Barrel: Heavy Water
hbm:fluid_barrel_full:125, Fluid Barrel: Hot Heavy Water
hbm:fluid_barrel_full:7, Fluid Barrel: Lava
hbm:fluid_barrel_full:2, Fluid Barrel: Steam
hbm:fluid_barrel_full:3, Fluid Barrel: Dense Steam
hbm:fluid_barrel_full:4, Fluid Barrel: Super Dense Steam
hbm:fluid_barrel_full:5, Fluid Barrel: Ultra Dense Steam
hbm:fluid_barrel_full:55, Fluid Barrel: Carbon Dioxide
hbm:fluid_barrel_full:6, Fluid Barrel: Coolant
hbm:fluid_barrel_full:76, Fluid Barrel: Hot Coolant
hbm:fluid_barrel_full:145, Fluid Barrel: Perfluoromethyl
hbm:fluid_barrel_full:146, Fluid Barrel: Cold Perfluoromethyl
hbm:fluid_barrel_full:147, Fluid Barrel: Hot Perfluoromethyl
hbm:fluid_barrel_full:37, Fluid Barrel: Cryogel
hbm:fluid_barrel_full:77, Fluid Barrel: Mug Root Beer
hbm:fluid_barrel_full:78, Fluid Barrel: Hot Mug Root Beer
hbm:fluid_barrel_full:84, Fluid Barrel: Blood
hbm:fluid_barrel_full:85, Fluid Barrel: Hot Blood
hbm:fluid_barrel_full:126, Fluid Barrel: Liquid Sodium
hbm:fluid_barrel_full:127, Fluid Barrel: Hot Liquid Sodium
hbm:fluid_barrel_full:143, Fluid Barrel: Liquid Lead
hbm:fluid_barrel_full:144, Fluid Barrel: Hot Liquid Lead
hbm:fluid_barrel_full:128, Fluid Barrel: Liquid Thorium Salt
hbm:fluid_barrel_full:129, Fluid Barrel: Hot Liquid Thorium Salt
hbm:fluid_barrel_full:130, Fluid Barrel: Depleted Liquid Thorium Salt
hbm:fluid_barrel_full:38, Fluid Barrel: Liquid Hydrogen
hbm:fluid_barrel_full:8, Fluid Barrel: Deuterium
hbm:fluid_barrel_full:9, Fluid Barrel: Tritium
hbm:fluid_barrel_full:57, Fluid Barrel: Helium-3
hbm:fluid_barrel_full:124, Fluid Barrel: Helium-4
hbm:fluid_barrel_full:39, Fluid Barrel: Liquid Oxygen
hbm:fluid_barrel_full:40, Fluid Barrel: Xenon Gas
hbm:fluid_barrel_full:90, Fluid Barrel: Chlorine Gas
hbm:fluid_barrel_full:42, Fluid Barrel: Mercury
hbm:fluid_barrel_full:10, Fluid Barrel: Crude Oil
hbm:fluid_barrel_full:134, Fluid Barrel: Desulfurized Crude Oil
hbm:fluid_barrel_full:61, Fluid Barrel: Cracked Oil
hbm:fluid_barrel_full:136, Fluid Barrel: Desulfurized Cracked Oil
hbm:fluid_barrel_full:62, Fluid Barrel: Coal Oil
hbm:fluid_barrel_full:105, Fluid Barrel: Coker Oil
hbm:fluid_barrel_full:11, Fluid Barrel: Hot Crude Oil
hbm:fluid_barrel_full:135, Fluid Barrel: Desulfurized Hot Crude Oil
hbm:fluid_barrel_full:63, Fluid Barrel: Hot Cracked Oil
hbm:fluid_barrel_full:137, Fluid Barrel: Desulfurized Hot Cracked Oil
hbm:fluid_barrel_full:12, Fluid Barrel: Heavy Oil
hbm:fluid_barrel_full:91, Fluid Barrel: Vacuum Heavy Oil
hbm:fluid_barrel_full:19, Fluid Barrel: Naphtha
hbm:fluid_barrel_full:138, Fluid Barrel: Desulfurized Naphtha
hbm:fluid_barrel_full:64, Fluid Barrel: Cracked Naphtha
hbm:fluid_barrel_full:106, Fluid Barrel: Coker Naphtha
hbm:fluid_barrel_full:92, Fluid Barrel: Reformate
hbm:fluid_barrel_full:21, Fluid Barrel: Light Oil
hbm:fluid_barrel_full:139, Fluid Barrel: Desulfurized Light Oil
hbm:fluid_barrel_full:65, Fluid Barrel: Cracked Light Oil
hbm:fluid_barrel_full:93, Fluid Barrel: Vacuum Light Oil
hbm:fluid_barrel_full:13, Fluid Barrel: Bitumen
hbm:fluid_barrel_full:14, Fluid Barrel: Industrial Oil
hbm:fluid_barrel_full:15, Fluid Barrel: Heating Oil
hbm:fluid_barrel_full:96, Fluid Barrel: Heavy Heating Oil
hbm:fluid_barrel_full:16, Fluid Barrel: Reclaimed Industrial Oil
hbm:fluid_barrel_full:18, Fluid Barrel: Engine Lubricant
hbm:fluid_barrel_full:23, Fluid Barrel: Natural Gas
hbm:fluid_barrel_full:107, Fluid Barrel: Coker Gas
hbm:fluid_barrel_full:24, Fluid Barrel: Petroleum Gas
hbm:fluid_barrel_full:94, Fluid Barrel: Sour Gas
hbm:fluid_barrel_full:25, Fluid Barrel: LPG
hbm:fluid_barrel_full:86, Fluid Barrel: Syngas
hbm:fluid_barrel_full:87, Fluid Barrel: Oxyhydrogen
hbm:fluid_barrel_full:67, Fluid Barrel: Aromatic Hydrocarbons
hbm:fluid_barrel_full:68, Fluid Barrel: Unsaturated Hydrocarbons
hbm:fluid_barrel_full:95, Fluid Barrel: BTX
hbm:fluid_barrel_full:100, Fluid Barrel: Reformate Gas
hbm:fluid_barrel_full:20, Fluid Barrel: Diesel
hbm:fluid_barrel_full:97, Fluid Barrel: High-Cetane Diesel
hbm:fluid_barrel_full:66, Fluid Barrel: Cracked Diesel
hbm:fluid_barrel_full:98, Fluid Barrel: High-Cetane Cracked Diesel
hbm:fluid_barrel_full:22, Fluid Barrel: Kerosene
hbm:fluid_barrel_full:99, Fluid Barrel: Jet Fuel
hbm:fluid_barrel_full:17, Fluid Barrel: Petroil
hbm:fluid_barrel_full:72, Fluid Barrel: Leaded Petroil
hbm:fluid_barrel_full:46, Fluid Barrel: Gasoline
hbm:fluid_barrel_full:73, Fluid Barrel: Leaded Gasoline
hbm:fluid_barrel_full:47, Fluid Barrel: Coal Gasoline
hbm:fluid_barrel_full:74, Fluid Barrel: Leaded Coal Gasoline
hbm:fluid_barrel_full:80, Fluid Barrel: Coal Tar Creosote
hbm:fluid_barrel_full:79, Fluid Barrel: Wood Oil
hbm:fluid_barrel_full:26, Fluid Barrel: Biogas
hbm:fluid_barrel_full:27, Fluid Barrel: Biofuel
hbm:fluid_barrel_full:59, Fluid Barrel: Ethanol
hbm:fluid_barrel_full:111, Fluid Barrel: Fish Oil
hbm:fluid_barrel_full:112, Fluid Barrel: Sunflower Seed Oil
hbm:fluid_barrel_full:28, Fluid Barrel: NITAN© 100 Octane Super Fuel
hbm:fluid_barrel_full:154, Fluid Barrel: Deuterated Hydrocarbon
hbm:fluid_barrel_full:41, Fluid Barrel: BF Rocket Fuel
hbm:fluid_barrel_full:69, Fluid Barrel: Salient Green
hbm:fluid_barrel_full:81, Fluid Barrel: Seeding Slurry
hbm:fluid_barrel_full:101, Fluid Barrel: Colloid
hbm:fluid_barrel_full:141, Fluid Barrel: Vitriol
hbm:fluid_barrel_full:142, Fluid Barrel: Ore Slop
hbm:fluid_barrel_full:104, Fluid Barrel: Ionic Gel
hbm:fluid_barrel_full:35, Fluid Barrel: Hydrogen Peroxide
hbm:fluid_barrel_full:75, Fluid Barrel: Sulfuric Acid
hbm:fluid_barrel_full:82, Fluid Barrel: Nitric Acid
hbm:fluid_barrel_full:83, Fluid Barrel: Solvent
hbm:fluid_barrel_full:88, Fluid Barrel: High-Performance Solvent
hbm:fluid_barrel_full:32, Fluid Barrel: Schrabidic Acid
hbm:fluid_barrel_full:29, Fluid Barrel: Uranium Hexafluoride
hbm:fluid_barrel_full:30, Fluid Barrel: Plutonium Hexafluoride
hbm:fluid_barrel_full:31, Fluid Barrel: Schrabidium Trisulfide
hbm:fluid_barrel_full:43, Fluid Barrel: Pandemonium(III)tantalite Solution
hbm:fluid_barrel_full:36, Fluid Barrel: Poisonous Mud
hbm:fluid_barrel_full:131, Fluid Barrel: Fullerene Solution
hbm:fluid_barrel_full:108, Fluid Barrel: Dissolved Egg
hbm:fluid_barrel_full:109, Fluid Barrel: Cholesterol Solution
hbm:fluid_barrel_full:149, Fluid Barrel: Sodium Aluminate
hbm:fluid_barrel_full:150, Fluid Barrel: Bauxite Solution
hbm:fluid_barrel_full:151, Fluid Barrel: Alumina
hbm:fluid_barrel_full:153, Fluid Barrel: Liquid Concrete
hbm:fluid_barrel_full:49, Fluid Barrel: Fracking Solution
hbm:fluid_barrel_full:148, Fluid Barrel: Lye
hbm:fluid_barrel_full:102, Fluid Barrel: Phosgene
hbm:fluid_barrel_full:103, Fluid Barrel: Mustard Gas
hbm:fluid_barrel_full:110, Fluid Barrel: Estradiol Solution
hbm:fluid_barrel_full:113, Fluid Barrel: Nitroglycerin
hbm:fluid_barrel_full:33, Fluid Barrel: Antimatter
hbm:fluid_barrel_full:34, Fluid Barrel: Antischrabidium
hbm:fluid_barrel_full:70, Fluid Barrel: Experience Juice
hbm:fluid_barrel_full:71, Fluid Barrel: Ender Juice
hbm:fluid_barrel_full:140, Fluid Barrel: Stellar Flux
hbm:fluid_barrel_full:132, Fluid Barrel: Booster Pheromone
hbm:fluid_barrel_full:133, Fluid Barrel: Modified Booster Pheromone
hbm:fluid_barrel_full:89, Fluid Barrel: Hydrazine
hbm:fluid_barrel_full:1000, Fluid Barrel: Custom Fluid Demo
hbm:fluid_barrel_infinite, Infinite Fluid Barrel
hbm:fluid_pack_empty, Large Fluid Container
hbm:fluid_pack_full:152, Packaged Compressed Air
hbm:fluid_pack_full:1, Packaged Water
hbm:fluid_pack_full:60, Packaged Heavy Water
hbm:fluid_pack_full:125, Packaged Hot Heavy Water
hbm:fluid_pack_full:7, Packaged Lava
hbm:fluid_pack_full:2, Packaged Steam
hbm:fluid_pack_full:3, Packaged Dense Steam
hbm:fluid_pack_full:4, Packaged Super Dense Steam
hbm:fluid_pack_full:5, Packaged Ultra Dense Steam
hbm:fluid_pack_full:55, Packaged Carbon Dioxide
hbm:fluid_pack_full:6, Packaged Coolant
hbm:fluid_pack_full:76, Packaged Hot Coolant
hbm:fluid_pack_full:145, Packaged Perfluoromethyl
hbm:fluid_pack_full:146, Packaged Cold Perfluoromethyl
hbm:fluid_pack_full:147, Packaged Hot Perfluoromethyl
hbm:fluid_pack_full:37, Packaged Cryogel
hbm:fluid_pack_full:77, Packaged Mug Root Beer
hbm:fluid_pack_full:78, Packaged Hot Mug Root Beer
hbm:fluid_pack_full:84, Packaged Blood
hbm:fluid_pack_full:85, Packaged Hot Blood
hbm:fluid_pack_full:126, Packaged Liquid Sodium
hbm:fluid_pack_full:127, Packaged Hot Liquid Sodium
hbm:fluid_pack_full:143, Packaged Liquid Lead
hbm:fluid_pack_full:144, Packaged Hot Liquid Lead
hbm:fluid_pack_full:128, Packaged Liquid Thorium Salt
hbm:fluid_pack_full:129, Packaged Hot Liquid Thorium Salt
hbm:fluid_pack_full:130, Packaged Depleted Liquid Thorium Salt
hbm:fluid_pack_full:38, Packaged Liquid Hydrogen
hbm:fluid_pack_full:8, Packaged Deuterium
hbm:fluid_pack_full:9, Packaged Tritium
hbm:fluid_pack_full:57, Packaged Helium-3
hbm:fluid_pack_full:124, Packaged Helium-4
hbm:fluid_pack_full:39, Packaged Liquid Oxygen
hbm:fluid_pack_full:40, Packaged Xenon Gas
hbm:fluid_pack_full:90, Packaged Chlorine Gas
hbm:fluid_pack_full:42, Packaged Mercury
hbm:fluid_pack_full:10, Packaged Crude Oil
hbm:fluid_pack_full:134, Packaged Desulfurized Crude Oil
hbm:fluid_pack_full:61, Packaged Cracked Oil
hbm:fluid_pack_full:136, Packaged Desulfurized Cracked Oil
hbm:fluid_pack_full:62, Packaged Coal Oil
hbm:fluid_pack_full:105, Packaged Coker Oil
hbm:fluid_pack_full:11, Packaged Hot Crude Oil
hbm:fluid_pack_full:135, Packaged Desulfurized Hot Crude Oil
hbm:fluid_pack_full:63, Packaged Hot Cracked Oil
hbm:fluid_pack_full:137, Packaged Desulfurized Hot Cracked Oil
hbm:fluid_pack_full:12, Packaged Heavy Oil
hbm:fluid_pack_full:91, Packaged Vacuum Heavy Oil
hbm:fluid_pack_full:19, Packaged Naphtha
hbm:fluid_pack_full:138, Packaged Desulfurized Naphtha
hbm:fluid_pack_full:64, Packaged Cracked Naphtha
hbm:fluid_pack_full:106, Packaged Coker Naphtha
hbm:fluid_pack_full:92, Packaged Reformate
hbm:fluid_pack_full:21, Packaged Light Oil
hbm:fluid_pack_full:139, Packaged Desulfurized Light Oil
hbm:fluid_pack_full:65, Packaged Cracked Light Oil
hbm:fluid_pack_full:93, Packaged Vacuum Light Oil
hbm:fluid_pack_full:13, Packaged Bitumen
hbm:fluid_pack_full:14, Packaged Industrial Oil
hbm:fluid_pack_full:15, Packaged Heating Oil
hbm:fluid_pack_full:96, Packaged Heavy Heating Oil
hbm:fluid_pack_full:16, Packaged Reclaimed Industrial Oil
hbm:fluid_pack_full:18, Packaged Engine Lubricant
hbm:fluid_pack_full:23, Packaged Natural Gas
hbm:fluid_pack_full:107, Packaged Coker Gas
hbm:fluid_pack_full:24, Packaged Petroleum Gas
hbm:fluid_pack_full:94, Packaged Sour Gas
hbm:fluid_pack_full:25, Packaged LPG
hbm:fluid_pack_full:86, Packaged Syngas
hbm:fluid_pack_full:87, Packaged Oxyhydrogen
hbm:fluid_pack_full:67, Packaged Aromatic Hydrocarbons
hbm:fluid_pack_full:68, Packaged Unsaturated Hydrocarbons
hbm:fluid_pack_full:95, Packaged BTX
hbm:fluid_pack_full:100, Packaged Reformate Gas
hbm:fluid_pack_full:20, Packaged Diesel
hbm:fluid_pack_full:97, Packaged High-Cetane Diesel
hbm:fluid_pack_full:66, Packaged Cracked Diesel
hbm:fluid_pack_full:98, Packaged High-Cetane Cracked Diesel
hbm:fluid_pack_full:22, Packaged Kerosene
hbm:fluid_pack_full:99, Packaged Jet Fuel
hbm:fluid_pack_full:17, Packaged Petroil
hbm:fluid_pack_full:72, Packaged Leaded Petroil
hbm:fluid_pack_full:46, Packaged Gasoline
hbm:fluid_pack_full:73, Packaged Leaded Gasoline
hbm:fluid_pack_full:47, Packaged Coal Gasoline
hbm:fluid_pack_full:74, Packaged Leaded Coal Gasoline
hbm:fluid_pack_full:80, Packaged Coal Tar Creosote
hbm:fluid_pack_full:79, Packaged Wood Oil
hbm:fluid_pack_full:26, Packaged Biogas
hbm:fluid_pack_full:27, Packaged Biofuel
hbm:fluid_pack_full:59, Packaged Ethanol
hbm:fluid_pack_full:111, Packaged Fish Oil
hbm:fluid_pack_full:112, Packaged Sunflower Seed Oil
hbm:fluid_pack_full:28, Packaged NITAN© 100 Octane Super Fuel
hbm:fluid_pack_full:154, Packaged Deuterated Hydrocarbon
hbm:fluid_pack_full:41, Packaged BF Rocket Fuel
hbm:fluid_pack_full:69, Packaged Salient Green
hbm:fluid_pack_full:81, Packaged Seeding Slurry
hbm:fluid_pack_full:101, Packaged Colloid
hbm:fluid_pack_full:141, Packaged Vitriol
hbm:fluid_pack_full:142, Packaged Ore Slop
hbm:fluid_pack_full:104, Packaged Ionic Gel
hbm:fluid_pack_full:35, Packaged Hydrogen Peroxide
hbm:fluid_pack_full:75, Packaged Sulfuric Acid
hbm:fluid_pack_full:82, Packaged Nitric Acid
hbm:fluid_pack_full:83, Packaged Solvent
hbm:fluid_pack_full:88, Packaged High-Performance Solvent
hbm:fluid_pack_full:32, Packaged Schrabidic Acid
hbm:fluid_pack_full:29, Packaged Uranium Hexafluoride
hbm:fluid_pack_full:30, Packaged Plutonium Hexafluoride
hbm:fluid_pack_full:31, Packaged Schrabidium Trisulfide
hbm:fluid_pack_full:43, Packaged Pandemonium(III)tantalite Solution
hbm:fluid_pack_full:36, Packaged Poisonous Mud
hbm:fluid_pack_full:131, Packaged Fullerene Solution
hbm:fluid_pack_full:108, Packaged Dissolved Egg
hbm:fluid_pack_full:109, Packaged Cholesterol Solution
hbm:fluid_pack_full:149, Packaged Sodium Aluminate
hbm:fluid_pack_full:150, Packaged Bauxite Solution
hbm:fluid_pack_full:151, Packaged Alumina
hbm:fluid_pack_full:153, Packaged Liquid Concrete
hbm:fluid_pack_full:49, Packaged Fracking Solution
hbm:fluid_pack_full:148, Packaged Lye
hbm:fluid_pack_full:102, Packaged Phosgene
hbm:fluid_pack_full:103, Packaged Mustard Gas
hbm:fluid_pack_full:110, Packaged Estradiol Solution
hbm:fluid_pack_full:113, Packaged Nitroglycerin
hbm:fluid_pack_full:33, Packaged Antimatter
hbm:fluid_pack_full:34, Packaged Antischrabidium
hbm:fluid_pack_full:70, Packaged Experience Juice
hbm:fluid_pack_full:71, Packaged Ender Juice
hbm:fluid_pack_full:140, Packaged Stellar Flux
hbm:fluid_pack_full:132, Packaged Booster Pheromone
hbm:fluid_pack_full:133, Packaged Modified Booster Pheromone
hbm:fluid_pack_full:89, Packaged Hydrazine
hbm:fluid_pack_full:1000, Packaged Custom Fluid Demo
hbm:pipette, Pipette
hbm:pipette_boron, Boron Pipette
hbm:pipette_laboratory, Laboratory Grade Pipette
hbm:siphon, Siphon
hbm:inf_water, Infinite Water Tank
hbm:inf_water_mk2, Large Infinite Water Tank
hbm:disperser_canister_empty, Disperser Canister
hbm:disperser_canister:152, Disperser Canister: Compressed Air
hbm:disperser_canister:1, Disperser Canister: Water
hbm:disperser_canister:60, Disperser Canister: Heavy Water
hbm:disperser_canister:2, Disperser Canister: Steam
hbm:disperser_canister:3, Disperser Canister: Dense Steam
hbm:disperser_canister:4, Disperser Canister: Super Dense Steam
hbm:disperser_canister:5, Disperser Canister: Ultra Dense Steam
hbm:disperser_canister:55, Disperser Canister: Carbon Dioxide
hbm:disperser_canister:6, Disperser Canister: Coolant
hbm:disperser_canister:76, Disperser Canister: Hot Coolant
hbm:disperser_canister:145, Disperser Canister: Perfluoromethyl
hbm:disperser_canister:146, Disperser Canister: Cold Perfluoromethyl
hbm:disperser_canister:147, Disperser Canister: Hot Perfluoromethyl
hbm:disperser_canister:77, Disperser Canister: Mug Root Beer
hbm:disperser_canister:78, Disperser Canister: Hot Mug Root Beer
hbm:disperser_canister:38, Disperser Canister: Liquid Hydrogen
hbm:disperser_canister:8, Disperser Canister: Deuterium
hbm:disperser_canister:9, Disperser Canister: Tritium
hbm:disperser_canister:57, Disperser Canister: Helium-3
hbm:disperser_canister:124, Disperser Canister: Helium-4
hbm:disperser_canister:39, Disperser Canister: Liquid Oxygen
hbm:disperser_canister:40, Disperser Canister: Xenon Gas
hbm:disperser_canister:90, Disperser Canister: Chlorine Gas
hbm:disperser_canister:42, Disperser Canister: Mercury
hbm:disperser_canister:21, Disperser Canister: Light Oil
hbm:disperser_canister:139, Disperser Canister: Desulfurized Light Oil
hbm:disperser_canister:65, Disperser Canister: Cracked Light Oil
hbm:disperser_canister:93, Disperser Canister: Vacuum Light Oil
hbm:disperser_canister:18, Disperser Canister: Engine Lubricant
hbm:disperser_canister:23, Disperser Canister: Natural Gas
hbm:disperser_canister:107, Disperser Canister: Coker Gas
hbm:disperser_canister:24, Disperser Canister: Petroleum Gas
hbm:disperser_canister:94, Disperser Canister: Sour Gas
hbm:disperser_canister:25, Disperser Canister: LPG
hbm:disperser_canister:86, Disperser Canister: Syngas
hbm:disperser_canister:87, Disperser Canister: Oxyhydrogen
hbm:disperser_canister:68, Disperser Canister: Unsaturated Hydrocarbons
hbm:disperser_canister:100, Disperser Canister: Reformate Gas
hbm:disperser_canister:20, Disperser Canister: Diesel
hbm:disperser_canister:97, Disperser Canister: High-Cetane Diesel
hbm:disperser_canister:66, Disperser Canister: Cracked Diesel
hbm:disperser_canister:98, Disperser Canister: High-Cetane Cracked Diesel
hbm:disperser_canister:22, Disperser Canister: Kerosene
hbm:disperser_canister:99, Disperser Canister: Jet Fuel
hbm:disperser_canister:17, Disperser Canister: Petroil
hbm:disperser_canister:72, Disperser Canister: Leaded Petroil
hbm:disperser_canister:46, Disperser Canister: Gasoline
hbm:disperser_canister:73, Disperser Canister: Leaded Gasoline
hbm:disperser_canister:47, Disperser Canister: Coal Gasoline
hbm:disperser_canister:74, Disperser Canister: Leaded Coal Gasoline
hbm:disperser_canister:26, Disperser Canister: Biogas
hbm:disperser_canister:27, Disperser Canister: Biofuel
hbm:disperser_canister:59, Disperser Canister: Ethanol
hbm:disperser_canister:111, Disperser Canister: Fish Oil
hbm:disperser_canister:112, Disperser Canister: Sunflower Seed Oil
hbm:disperser_canister:28, Disperser Canister: NITAN© 100 Octane Super Fuel
hbm:disperser_canister:154, Disperser Canister: Deuterated Hydrocarbon
hbm:disperser_canister:35, Disperser Canister: Hydrogen Peroxide
hbm:disperser_canister:75, Disperser Canister: Sulfuric Acid
hbm:disperser_canister:82, Disperser Canister: Nitric Acid
hbm:disperser_canister:83, Disperser Canister: Solvent
hbm:disperser_canister:88, Disperser Canister: High-Performance Solvent
hbm:disperser_canister:32, Disperser Canister: Schrabidic Acid
hbm:disperser_canister:29, Disperser Canister: Uranium Hexafluoride
hbm:disperser_canister:30, Disperser Canister: Plutonium Hexafluoride
hbm:disperser_canister:31, Disperser Canister: Schrabidium Trisulfide
hbm:disperser_canister:131, Disperser Canister: Fullerene Solution
hbm:disperser_canister:108, Disperser Canister: Dissolved Egg
hbm:disperser_canister:109, Disperser Canister: Cholesterol Solution
hbm:disperser_canister:149, Disperser Canister: Sodium Aluminate
hbm:disperser_canister:151, Disperser Canister: Alumina
hbm:disperser_canister:153, Disperser Canister: Liquid Concrete
hbm:disperser_canister:148, Disperser Canister: Lye
hbm:disperser_canister:102, Disperser Canister: Phosgene
hbm:disperser_canister:103, Disperser Canister: Mustard Gas
hbm:disperser_canister:110, Disperser Canister: Estradiol Solution
hbm:disperser_canister:113, Disperser Canister: Nitroglycerin
hbm:disperser_canister:71, Disperser Canister: Ender Juice
hbm:disperser_canister:132, Disperser Canister: Booster Pheromone
hbm:disperser_canister:133, Disperser Canister: Modified Booster Pheromone
hbm:disperser_canister:89, Disperser Canister: Hydrazine
hbm:disperser_canister:1000, Disperser Canister: Custom Fluid Demo
hbm:glyphid_gland_empty, Glyphid's Fluid Gland
hbm:glyphid_gland:75, Sulfuric Acid Gland
hbm:glyphid_gland:132, Booster Pheromone Gland
hbm:detonator, Detonator
hbm:detonator_multi, Multi Detonator
hbm:detonator_laser, Laser Detonator
hbm:detonator_deadman, Dead Man's Detonator
hbm:detonator_de, Dead Man's Explosive
hbm:igniter, Igniter
hbm:chopper, Hunter Chopper
hbm:spawn_worm, Balls-O-Tron Prime
hbm:spawn_ufo, Martian Invasion Ship
hbm:bomb_caller:0, Airstrike Designator
hbm:bomb_caller:1, Airstrike Designator
hbm:bomb_caller:2, Airstrike Designator
hbm:bomb_caller:3, Airstrike Designator
hbm:bomb_caller:4, Airstrike Designator
hbm:crate_caller, Supply Drop Requester
hbm:meteor_remote, Meteorite Remote
hbm:anchor_remote, Recall Device
hbm:hazmat_helmet, Hazmat Helmet
hbm:hazmat_plate, Hazmat Chestplate
hbm:hazmat_legs, Hazmat Leggings
hbm:hazmat_boots, Hazmat Boots
hbm:hazmat_helmet_red, Advanced Hazmat Helmet
hbm:hazmat_plate_red, Advanced Hazmat Chestplate
hbm:hazmat_legs_red, Advanced Hazmat Leggings
hbm:hazmat_boots_red, Advanced Hazmat Boots
hbm:hazmat_helmet_grey, High-Performance Hazmat Helmet
hbm:hazmat_plate_grey, High-Performance Hazmat Chestplate
hbm:hazmat_legs_grey, High-Performance Hazmat Leggings
hbm:hazmat_boots_grey, High-Performance Hazmat Boots
hbm:liquidator_helmet, Liquidator Suit Helmet
hbm:liquidator_plate, Liquidator Suit Chestplate
hbm:liquidator_legs, Liquidator Suit Leggins
hbm:liquidator_boots, Liquidator Suit Boots
hbm:hazmat_paa_helmet, PaA Battle Hazmat Suit Helmet
hbm:hazmat_paa_plate, PaA Battle Hazmat Suit Chestplate
hbm:hazmat_paa_legs, PaA Battle Hazmat Suit Leggings
hbm:hazmat_paa_boots, PaA Battle Hazmat Suit Boots
hbm:paa_plate, PaA Chest Protection Plate
hbm:paa_legs, PaA Leg Reinforcements
hbm:paa_boots, PaA "good ol' shoes"
hbm:australium_iii, Mark III Life Extender
hbm:armor_battery, Power Armor Battery Pack
hbm:armor_battery_mk2, Power Armor Battery Pack Mk2
hbm:armor_battery_mk3, Power Armor Battery Pack Mk3
hbm:asbestos_helmet, Fire Proximity Helmet
hbm:asbestos_plate, Fire Proximity Chestplate
hbm:asbestos_legs, Fire Proximity Leggings
hbm:asbestos_boots, Fire Proximity Boots
hbm:euphemium_helmet, Euphemium Helmet
hbm:euphemium_plate, Euphemium Chestplate
hbm:euphemium_legs, Euphemium Leggings
hbm:euphemium_boots, Euphemium Boots
hbm:jackt, Damn Stylish Ballistic Jacket
hbm:jackt2, Damn Stylish Ballistic Jacket 2: Tokyo Drift
hbm:chainsaw, Chainsaw
hbm:steel_helmet, Steel Helmet
hbm:steel_plate, Steel Chestplate
hbm:steel_legs, Steel Leggings
hbm:steel_boots, Steel Boots
hbm:titanium_helmet, Titanium Helmet
hbm:titanium_plate, Titanium Chestplate
hbm:titanium_legs, Titanium Leggings
hbm:titanium_boots, Titanium Boots
hbm:alloy_helmet, Advanced Alloy Helmet
hbm:alloy_plate, Advanced Alloy Chestplate
hbm:alloy_legs, Advanced Alloy Leggings
hbm:alloy_boots, Advanced Alloy Boots
hbm:cobalt_helmet, Cobalt Helmet
hbm:cobalt_plate, Cobalt Chestplate
hbm:cobalt_legs, Cobalt Leggings
hbm:cobalt_boots, Cobalt Boots
hbm:security_helmet, Security Helmet
hbm:security_plate, Security Chestplate
hbm:security_legs, Security Leggings
hbm:security_boots, Security Boots
hbm:starmetal_helmet, Starmetal Helmet
hbm:starmetal_plate, Starmetal Chestplate
hbm:starmetal_legs, Starmetal Leggings
hbm:starmetal_boots, Starmetal Boots
hbm:robes_helmet, Casual Hoodie
hbm:robes_plate, Casual Sweater
hbm:robes_legs, Casual Pants
hbm:robes_boots, Field Boots
hbm:zirconium_legs, Zirconium Pants
hbm:dnt_helmet, dinotroniumu helmet
hbm:dnt_plate, dineutrom chestplate
hbm:dnt_legs, dineuterium legs
hbm:dnt_boots, dienautronium boots
hbm:cmb_helmet, CMB Steel Helmet
hbm:cmb_plate, CMB Steel Chestplate
hbm:cmb_legs, CMB Steel Leggings
hbm:cmb_boots, CMB Steel Boots
hbm:schrabidium_helmet, Schrabidium Helmet
hbm:schrabidium_plate, Schrabidium Chestplate
hbm:schrabidium_legs, Schrabidium Leggings
hbm:schrabidium_boots, Schrabidium Boots
hbm:t51_helmet, T-51b Power Armor Helmet
hbm:t51_plate, T-51b Power Armor Chestplate
hbm:t51_legs, T-51b Power Armor Leggings
hbm:t51_boots, T-51b Power Armor Boots
hbm:steamsuit_helmet, Steam Suit Respirator Helmet
hbm:steamsuit_plate, Steam Suit Chestplate
hbm:steamsuit_legs, Steam Suit Leggings
hbm:steamsuit_boots, Steam Suit Boots
hbm:trenchmaster_helmet, Trenchmaster's Helmet
hbm:trenchmaster_plate, Trenchmaster's Chestplate
hbm:trenchmaster_legs, Trenchmaster's Leggings
hbm:trenchmaster_boots, Trenchmaster's Boots
hbm:taurun_helmet, Taurun Helmet
hbm:taurun_plate, Taurun Chestplate
hbm:taurun_legs, Taurun Leggings
hbm:taurun_boots, Taurun Boots
hbm:bismuth_helmet, Bismuth Headdress
hbm:bismuth_plate, Bismuth Shoulderpads, Necklace & Loincloth
hbm:bismuth_legs, Bismuth Kneeguards
hbm:bismuth_boots, Bismuth Sandals
hbm:envsuit_helmet, M1TTY Environment Suit Helmet
hbm:envsuit_plate, M1TTY Environment Suit Chestplate
hbm:envsuit_legs, M1TTY Environment Suit Leggings
hbm:envsuit_boots, M1TTY Environment Suit Boots
hbm:dieselsuit_helmet, Diesel-Powered Head-Mounted Environmental Sensor
hbm:dieselsuit_plate, Diesel-Powered Cybernetics
hbm:dieselsuit_legs, Diesel-Powered Leg Servos
hbm:dieselsuit_boots, Diesel-Powered High Heels
hbm:ajr_helmet, Steel Ranger Helmet
hbm:ajr_plate, Steel Ranger Chestplate
hbm:ajr_legs, Steel Ranger Leggings
hbm:ajr_boots, Steel Ranger Boots
hbm:ajro_helmet, AJR Power Armor Helmet
hbm:ajro_plate, AJR Power Armor Chestplate
hbm:ajro_legs, AJR Power Armor Leggings
hbm:ajro_boots, AJR Power Armor Boots
hbm:hev_helmet, HEV Mark IV Helmet
hbm:hev_plate, HEV Mark IV Chestplate
hbm:hev_legs, HEV Mark IV Leggings
hbm:hev_boots, HEV Mark IV Boots
hbm:bj_helmet, Eyepatch with Thermal Sensor
hbm:bj_plate, Lunar Cybernetic Plating
hbm:bj_plate_jetpack, Lunar Cybernetic Plating (Winged)
hbm:bj_legs, Lunar Cybernetic Leg Replacements
hbm:bj_boots, Lunar Studded Boots
hbm:rpa_helmet, Remnants Power Armor Helmet
hbm:rpa_plate, Remnants Power Armor Chestplate
hbm:rpa_legs, Remnants Power Armor Leggings
hbm:rpa_boots, Remnants Power Armor Boots
hbm:ncrpa_helmet, NCR Ranger Power Armor Helmet
hbm:ncrpa_plate, NCR Ranger Power Armor Chestplate
hbm:ncrpa_legs, NCR Ranger Power Armor Leggings
hbm:ncrpa_boots, NCR Ranger Power Armor Boots
hbm:fau_helmet, Fau Helmet
hbm:fau_plate, Fau Chestplate
hbm:fau_legs, Fau Leggins
hbm:fau_boots, Fau Boots
hbm:dns_helmet, DNT Nano Suit Helmet
hbm:dns_plate, DNT Nano Suit Chestplate
hbm:dns_legs, DNT Nano Suit Leggings
hbm:dns_boots, DNT Nano Suit Boots
hbm:goggles, Protection Goggles
hbm:ashglasses, Ash Goggles
hbm:mask_rag, Crude Protective Mask
hbm:mask_damp, Crude Protective Mask
hbm:mask_piss, Trench Mask
hbm:gas_mask, Gas Mask
hbm:gas_mask_m65, M65-Z Gas Mask
hbm:gas_mask_mono, Half Mask
hbm:gas_mask_olde, Leather Gas Mask
hbm:nossy_hat, Fabulous Hat
hbm:no9, Mining Helmet
hbm:beta, Beta Features
hbm:jetpack_fly, Jetpack
hbm:jetpack_break, Builder's Jetpack
hbm:jetpack_vector, Vectored Jetpack
hbm:jetpack_boost, Boostpack
hbm:jetpack_glider, Glider Jetpack
hbm:wings_murk, Murky Wings
hbm:wings_limp, Limp Wings
hbm:cape_radiation, Cape (Radiation)
hbm:cape_gasmask, Cape (Gas Mask)
hbm:cape_schrabidium, Cape (Schrabidic)
hbm:schrabidium_hammer, Schrabidium Hammer
hbm:shimmer_sledge, Shimmer Sledge
hbm:shimmer_axe, Shimmer Axe
hbm:ullapool_caber, Ullapool Caber
hbm:euphemium_stopper, Stopper
hbm:matchstick, Matchstick
hbm:balefire_and_steel, Balefire and Steel
hbm:wrench, Pipe Wrench
hbm:wrench_flipped, Blade on a Wrench
hbm:memespoon, §eMarket Gardener
hbm:wood_gavel, Wooden Gavel
hbm:lead_gavel, Leaden Gavel
hbm:diamond_gavel, Diamond Gavel
hbm:multitool_hit, Power Fist (Fist)
hbm:multitool_dig, Power Fist (Digging Claw)
hbm:multitool_silk, Power Fist (Silk Touch Claw)
hbm:multitool_ext, Power Fist (Ore Extractor)
hbm:multitool_miner, Power Fist (Extracting Mining Laser)
hbm:multitool_beam, Power Fist (Zapper)
hbm:multitool_sky, Power Fist (Crack the Sky)
hbm:multitool_mega, Power Fist (Super Punch)
hbm:multitool_joule, Power Fist (Giga Joule)
hbm:multitool_decon, Power Fist (Decontaminator)
hbm:gun_b92, §9B92 Energy Pistol§r
hbm:gun_b93, §cB93 Energy Mod§r
hbm:gun_supershotgun, Super Shotgun
hbm:gun_jshotgun, Occult Shotgun
hbm:gun_vortex, Vortex
hbm:gun_egon, Gluon Gun
hbm:gun_moist_nugget, Mosin-Nagant
hbm:crucible, Crucible
hbm:stick_dynamite, Stick of Dynamite
hbm:stick_dynamite_fishing, Stick of Fishing Dynamite
hbm:stick_tnt, Stick of TNT
hbm:stick_semtex, Stick of Semtex
hbm:stick_c4, Stick of C-4
hbm:ingot_steel, Steel Ingot
hbm:ingot_titanium, Titanium Ingot
hbm:ingot_copper, Industrial Grade Copper
hbm:ingot_red_copper, Minecraft Grade Copper
hbm:ingot_advanced_alloy, Advanced Alloy Ingot
hbm:ingot_tungsten, Tungsten Ingot
hbm:ingot_aluminium, Aluminium Ingot
hbm:ingot_beryllium, Beryllium Ingot
hbm:ingot_lead, Lead Ingot
hbm:ingot_asbestos, Asbestos Sheet
hbm:ingot_magnetized_tungsten, Magnetized Tungsten Ingot
hbm:ingot_combine_steel, CMB Steel Ingot
hbm:ingot_dura_steel, High-Speed Steel Ingot
hbm:ingot_technetium, Technetium-99 Ingot
hbm:ingot_tcalloy, Technetium Steel Ingot
hbm:ingot_cdalloy, Cadmium Steel Ingot
hbm:ingot_polymer, Polymer Bar
hbm:ingot_bakelite, Bakelite Bar
hbm:ingot_rubber, Rubber Bar
hbm:ingot_biorubber, Latex Bar
hbm:ingot_pc, Hard Plastic Bar
hbm:ingot_pvc, PVC Bar
hbm:ingot_desh, Desh Ingot
hbm:ingot_saturnite, Saturnite Ingot
hbm:ingot_ferrouranium, Ferrouranium Ingot
hbm:ingot_starmetal, §9Starmetal Ingot§r
hbm:ingot_osmiridium, Osmiridium Ingot
hbm:ingot_euphemium, Euphemium Ingot
hbm:ingot_dineutronium, Dineutronium Ingot
hbm:ingot_cadmium, Cadmium Ingot
hbm:ingot_bismuth, Bismuth Ingot
hbm:ingot_arsenic, Arsenic Ingot
hbm:ingot_zirconium, Zirconium Cube
hbm:ingot_bismuth_bronze, Bismuth Bronze Ingot
hbm:ingot_arsenic_bronze, Arsenic Bronze Ingot
hbm:ingot_bscco, BSCCO Ingot
hbm:ingot_calcium, Calcium Ingot
hbm:ingot_silicon, Silicon Boule
hbm:ingot_gunmetal, Gunmetal Ingot
hbm:ingot_weaponsteel, Weapon Steel Ingot
hbm:ingot_cft, Crystalline Fullerite
hbm:ingot_th232, Thorium-232 Ingot
hbm:ingot_uranium, Uranium Ingot
hbm:ingot_u233, Uranium-233 Ingot
hbm:ingot_u235, Uranium-235 Ingot
hbm:ingot_u238, Uranium-238 Ingot
hbm:ingot_u238m2:0, Metastable Uranium-238M2 Ingot
hbm:ingot_plutonium, Plutonium Ingot
hbm:ingot_pu238, Plutonium-238 Ingot
hbm:ingot_pu239, Plutonium-239 Ingot
hbm:ingot_pu240, Plutonium-240 Ingot
hbm:ingot_pu241, Plutonium-241 Ingot
hbm:ingot_pu_mix, Reactor Grade Plutonium Ingot
hbm:ingot_am241, Americium-241 Ingot
hbm:ingot_am242, Americium-242 Ingot
hbm:ingot_am_mix, Reactor Grade Americium Ingot
hbm:ingot_schraranium, Schraranium Ingot
hbm:ingot_schrabidium, Schrabidium Ingot
hbm:ingot_schrabidate, Ferric Schrabidate Ingot
hbm:ingot_solinium, Solinium Ingot
hbm:ingot_mud, Solid Mud Brick
hbm:ingot_thorium_fuel, Ingot of Thorium Fuel
hbm:ingot_uranium_fuel, Ingot of Uranium Fuel
hbm:ingot_mox_fuel, Ingot of MOX Fuel
hbm:ingot_plutonium_fuel, Ingot of Plutonium Fuel
hbm:ingot_neptunium_fuel, Neptunium Fuel Ingot
hbm:ingot_americium_fuel, Ingot of Americium Fuel
hbm:ingot_les, Low Enriched Schrabidium Fuel Ingot
hbm:ingot_schrabidium_fuel, Ingot of Schrabidium Fuel
hbm:ingot_hes, Highly Enriched Schrabidium Fuel Ingot
hbm:ingot_neptunium, Neptunium Ingot
hbm:ingot_tennessine, Tennessine-294 Ingot
hbm:ingot_polonium, Polonium-210 Ingot
hbm:ingot_phosphorus, Bar of White Phosphorus
hbm:ingot_boron, Boron Ingot
hbm:ingot_graphite, Graphite Ingot
hbm:ingot_fiberglass, Fiberglass Bar
hbm:ingot_smore, S'more Ingot
hbm:ingot_niobium, Niobium Ingot
hbm:ingot_actinium, Actinium-227 Ingot
hbm:ingot_bromine, Bromine Ingot
hbm:ingot_caesium, Caesium Ingot
hbm:ingot_cerium, Cerium Ingot
hbm:ingot_lanthanium, Semi-Stable Lanthanium Ingot
hbm:ingot_tantalium, Tantalium Ingot
hbm:ingot_astatine, Astatine Ingot
hbm:ingot_firebrick, Firebrick
hbm:ingot_cobalt, Cobalt Ingot
hbm:ingot_co60, Cobalt-60 Ingot
hbm:ingot_sr90, Strontium-90 Ingot
hbm:ingot_iodine, Iodine Ingot
hbm:ingot_i131, Iodine-131 Ingot
hbm:ingot_au198, Gold-198 Ingot
hbm:ingot_pb209, Lead-209 Ingot
hbm:ingot_ra226, Radium-226 Ingot
hbm:ingot_gh336, Ghiorsium-336 Ingot
hbm:ingot_electronium:0, Electronium Ingot
hbm:ingot_reiium, Reiium Ingot
hbm:ingot_weidanium, Weidanium Ingot
hbm:ingot_australium, Australium Ingot
hbm:ingot_verticium, Verticium Ingot
hbm:ingot_unobtainium, Unobtainium Ingot
hbm:ingot_daffergon, Daffergon Ingot
hbm:ingot_steel_dusted:0, Dusted Steel Ingot
hbm:ingot_chainsteel, Heavy Chainsteel
hbm:ingot_meteorite, Meteorite Ingot
hbm:ingot_meteorite_forged, Forged Meteorite Ingot
hbm:blade_meteorite, Meteorite Blade
hbm:billet_cobalt, Cobalt Billet
hbm:billet_silicon, Silicon Wafer
hbm:billet_th232, Thorium-232 Billet
hbm:billet_uranium, Uranium Billet
hbm:billet_u233, Uranium-233 Billet
hbm:billet_u235, Uranium-235 Billet
hbm:billet_u238, Uranium-238 Billet
hbm:billet_uzh, Uranium Zirconium Hydride Billet
hbm:billet_plutonium, Plutonium Billet
hbm:billet_pu238, Plutonium-238 Billet
hbm:billet_pu239, Plutonium-239 Billet
hbm:billet_pu240, Plutonium-240 Billet
hbm:billet_pu241, Plutonium-241 Billet
hbm:billet_pu_mix, Reactor Grade Plutonium Billet
hbm:billet_am241, Americium-241 Billet
hbm:billet_am242, Americium-242 Billet
hbm:billet_am_mix, Reactor Grade Americium Billet
hbm:billet_neptunium, Neptunium Billet
hbm:billet_polonium, Polonium-210 Billet
hbm:billet_technetium, Technetium-99 Billet
hbm:billet_co60, Cobalt-60 Billet
hbm:billet_sr90, Strontium-90 Billet
hbm:billet_au198, Gold-198 Billet
hbm:billet_pb209, Lead-209 Billet
hbm:billet_ra226, Radium-226 Billet
hbm:billet_actinium, Actinium-227 Billet
hbm:billet_gh336, Ghiorsium-336 Billet
hbm:billet_beryllium, Beryllium Billet
hbm:billet_bismuth, Bismuth Billet
hbm:billet_zirconium, Zirconium Billet
hbm:billet_zfb_bismuth, Bismuth ZFB Billet
hbm:billet_zfb_pu241, Pu-241 ZFB Billet
hbm:billet_zfb_am_mix, Reactor Grade Americium ZFB Billet
hbm:billet_schrabidium, Schrabidium Billet
hbm:billet_solinium, Solinium Billet
hbm:billet_thorium_fuel, Thorium Fuel Billet
hbm:billet_uranium_fuel, Uranium Fuel Billet
hbm:billet_mox_fuel, MOX Fuel Billet
hbm:billet_plutonium_fuel, Plutonium Fuel Billet
hbm:billet_neptunium_fuel, Neptunium Fuel Billet
hbm:billet_americium_fuel, Americium Fuel Billet
hbm:billet_les, Low Enriched Schrabidium Fuel Billet
hbm:billet_schrabidium_fuel, Schrabidium Fuel Billet
hbm:billet_hes, Highly Enriched Schrabidium Fuel Billet
hbm:billet_po210be, Po210Be Billet
hbm:billet_ra226be, Ra226Be Billet
hbm:billet_pu238be, Pu238Be Billet
hbm:billet_australium, Australium Billet
hbm:billet_australium_lesser, Lesser Australium Billet
hbm:billet_australium_greater, Greater Australium Billet
hbm:billet_unobtainium, Unobtainium Neutron Billet
hbm:billet_yharonite, Yharonite Billet
hbm:billet_balefire_gold, Flashgold Billet
hbm:billet_flashlead, Flashlead Billet
hbm:billet_nuclear_waste, Nuclear Waste Billet
hbm:bio_wafer, Algae Wafer
hbm:nugget_uranium, Uranium Nugget
hbm:nugget_u233, Uranium-233 Nugget
hbm:nugget_u235, Uranium-235 Nugget
hbm:nugget_u238, Uranium-238 Nugget
hbm:nugget_u238m2:0, Metastable U238-2 Nugget
hbm:nugget_plutonium, Plutonium Nugget
hbm:nugget_pu238, Plutonium-238 Nugget
hbm:nugget_pu239, Plutonium-239 Nugget
hbm:nugget_pu240, Plutonium-240 Nugget
hbm:nugget_th232, Thorium-232 Nugget
hbm:nugget_pu241, Plutonium-241 Nugget
hbm:nugget_pu_mix, Reactor Grade Plutonium Nugget
hbm:nugget_am241, Americium-241 Nugget
hbm:nugget_am242, Americium-242 Nugget
hbm:nugget_am_mix, Reactor Grade Americium Nugget
hbm:nugget_technetium, Technetium-99 Nugget
hbm:nugget_neptunium, Neptunium Nugget
hbm:nugget_polonium, Polonium-210 Nugget
hbm:nugget_thorium_fuel, Nugget of Thorium Fuel
hbm:nugget_uranium_fuel, Nugget of Uranium Fuel
hbm:nugget_mox_fuel, Nugget of MOX Fuel
hbm:nugget_plutonium_fuel, Nugget of Plutonium Fuel
hbm:nugget_neptunium_fuel, Neptunium Fuel Nugget
hbm:nugget_americium_fuel, Americium Fuel Nugget
hbm:nugget_les, Low Enriched Schrabidium Fuel Nugget
hbm:nugget_schrabidium_fuel, Nugget of Schrabidium Fuel
hbm:nugget_hes, Highly Enriched Schrabidium Fuel Nugget
hbm:nugget_lead, Lead Nugget
hbm:nugget_beryllium, Beryllium Nugget
hbm:nugget_cadmium, Cadmium Nugget
hbm:nugget_bismuth, Bismuth Nugget
hbm:nugget_arsenic, Arsenic Nugget
hbm:nugget_zirconium, Zirconium Splinter
hbm:nugget_tantalium, Tantalium Nugget
hbm:nugget_desh, Desh Nugget
hbm:nugget_osmiridium, Osmiridium Nugget
hbm:nugget_schrabidium, Schrabidium Nugget
hbm:nugget_solinium, Solinium Nugget
hbm:nugget_euphemium, Euphemium Nugget
hbm:nugget_dineutronium, Dineutronium Nugget
hbm:nugget_niobium, Niobium Nugget
hbm:nugget_silicon, Silicon Nugget
hbm:nugget_actinium, Actinium-227 Nugget
hbm:nugget_cobalt, Cobalt Nugget
hbm:nugget_co60, Cobalt-60 Nugget
hbm:nugget_strontium, Strontium Nugget
hbm:nugget_sr90, Strontium-90 Nugget
hbm:nugget_pb209, Lead-209 Nugget
hbm:nugget_gh336, Ghiorsium-336 Nugget
hbm:nugget_au198, Gold-198 Nugget
hbm:nugget_ra226, Radium-226 Nugget
hbm:nugget_reiium, Reiium Nugget
hbm:nugget_weidanium, Weidanium Nugget
hbm:nugget_australium, Australium Nugget
hbm:nugget_australium_lesser, Lesser Australium Nugget
hbm:nugget_australium_greater, Greater Australium Nugget
hbm:nugget_verticium, Verticium Nugget
hbm:nugget_unobtainium, Unobtainium Nugget
hbm:nugget_unobtainium_lesser, Unobtainium-439 Nugget
hbm:nugget_unobtainium_greater, Unobtainium-440 Nugget
hbm:nugget_daffergon, Daffergon Nugget
hbm:nugget_mercury, Drop of Mercury
hbm:nugget_mercury_tiny, Tiny Drop of Mercury
hbm:bottle_mercury, Bottle of Mercury
hbm:powder_iron, Iron Powder
hbm:powder_gold, Gold Powder
hbm:powder_diamond, Diamond Powder
hbm:powder_emerald, Emerald Powder
hbm:powder_lapis, Lapis Lazuli Powder
hbm:powder_titanium, Titanium Powder
hbm:powder_tungsten, Tungsten Powder
hbm:powder_sodium, Sodium
hbm:powder_chlorocalcite, Chlorocalcite
hbm:powder_molysite, Molysite
hbm:powder_copper, Copper Powder
hbm:powder_beryllium, Beryllium Powder
hbm:powder_aluminium, Aluminium Powder
hbm:powder_lead, Lead Powder
hbm:powder_advanced_alloy, Advanced Alloy Powder
hbm:powder_combine_steel, CMB Steel Powder
hbm:powder_tcalloy, Technetium Steel Powder
hbm:powder_cdalloy, Cadmium Steel Powder
hbm:powder_magnetized_tungsten, Magnetized Tungsten Powder
hbm:powder_chlorophyte, Chlorophyte Powder
hbm:powder_red_copper, Red Copper Powder
hbm:powder_steel, Steel Powder
hbm:powder_steel_tiny, Tiny Pile of Steel Powder
hbm:powder_lithium, Lithium Powder
hbm:powder_lithium_tiny, Tiny Pile of Lithium Powder
hbm:redstone_depleted, Desaturated Redstone Dust
hbm:powder_quartz, Quartz Powder
hbm:powder_borax, Borax
hbm:powder_dura_steel, High-Speed Steel Powder
hbm:powder_polymer, Polymer Powder
hbm:powder_bakelite, Bakelite Powder
hbm:powder_lanthanium, Lanthanium Powder
hbm:powder_lanthanium_tiny, Tiny Pile of Lanthanium Powder
hbm:powder_actinium, Actinium Powder
hbm:powder_actinium_tiny, Tiny Pile of Actinium Powder
hbm:powder_boron, Boron Powder
hbm:powder_boron_tiny, Tiny Pile of Boron Powder
hbm:powder_semtex_mix, Semtex Blend
hbm:powder_desh, Desh Powder
hbm:powder_zirconium, Zirconium Powder
hbm:powder_lignite, Lignite Powder
hbm:powder_asbestos, Asbestos Powder
hbm:powder_cadmium, Cadmium Powder
hbm:powder_bismuth, Bismuth Powder
hbm:powder_coal, Coal Powder
hbm:powder_coal_tiny, Tiny Pile of Coal Powder
hbm:powder_yellowcake, Yellowcake
hbm:powder_thorium, Thorium Powder
hbm:powder_uranium, Uranium Powder
hbm:powder_plutonium, Plutonium Powder
hbm:powder_neptunium, Neptunium Powder
hbm:powder_polonium, Polonium-210 Powder
hbm:powder_schrabidium, Schrabidium Powder
hbm:powder_schrabidate, Ferric Schrabidate Powder
hbm:powder_euphemium, Euphemium Powder
hbm:powder_dineutronium, Dineutronium Powder
hbm:powder_iodine, Iodine Powder
hbm:powder_iodine_tiny, Tiny Pile of Iodine Powder
hbm:powder_astatine, Astatine Powder
hbm:powder_neodymium, Neodymium Powder
hbm:powder_neodymium_tiny, Tiny Pile of Neodymium Powder
hbm:powder_caesium, Caesium Powder
hbm:powder_reiium, Reiium Powder
hbm:powder_weidanium, Weidanium Powder
hbm:powder_australium, Australium Powder
hbm:powder_verticium, Verticium Powder
hbm:powder_unobtainium, Unobtainium Powder
hbm:powder_daffergon, Daffergon Powder
hbm:powder_strontium, Strontium Powder
hbm:powder_cobalt, Cobalt Powder
hbm:powder_cobalt_tiny, Tiny Pile of Cobalt Powder
hbm:powder_bromine, Bromine Powder
hbm:powder_niobium, Niobium Powder
hbm:powder_niobium_tiny, Tiny Pile of Niobium Powder
hbm:powder_tantalium, Tantalium Powder
hbm:powder_tennessine, Tennessine Powder
hbm:powder_cerium, Cerium Powder
hbm:powder_cerium_tiny, Tiny Pile of Cerium Powder
hbm:powder_calcium, Calcium Powder
hbm:powder_ice, Cryo Powder
hbm:powder_limestone, Limestone Powder
hbm:powder_desh_mix, Desh Blend
hbm:powder_desh_ready, DeshReady™ Blend
hbm:powder_nitan_mix, Nitanium Blend
hbm:powder_spark_mix, Spark Blend
hbm:powder_fire, Red Phosphorus
hbm:powder_meteorite, Meteorite Powder
hbm:powder_meteorite_tiny, Tiny Pile of Meteorite Powder
hbm:powder_flux, Flux
hbm:powder_fertilizer, Industrial Fertilizer
hbm:powder_tektite, Tektite Powder
hbm:powder_paleogenite_tiny, Tiny Pile of Paleogenite Powder
hbm:powder_paleogenite, Paleogenite Powder
hbm:powder_impure_osmiridium, Impure Osmiridium Powder
hbm:powder_osmiridium, Osmiridium Powder
hbm:powder_magic, Pulverized Enchantment
hbm:powder_cloud, Cloud Residue
hbm:powder_balefire, Thermonuclear Ashes
hbm:powder_sawdust, Sawdust
hbm:powder_coltan_ore, Crushed Coltan
hbm:powder_coltan, Purified Tantalite
hbm:powder_poison, Poison Powder
hbm:powder_thermite, Thermite
hbm:powder_power, Energy Powder
hbm:powder_co60, Cobalt-60 Powder
hbm:powder_co60_tiny, Tiny Pile of Cobalt-60 Powder
hbm:powder_sr90, Strontium-90 Powder
hbm:powder_sr90_tiny, Tiny Pile of Strontium-90 Powder
hbm:powder_at209, Astatine-209 Powder
hbm:powder_at209_tiny, Tiny Pile of Astatine-209 Powder
hbm:powder_pb209, Lead-209 Powder
hbm:powder_pb209_tiny, Tiny Pile of Lead-209 Powder
hbm:powder_i131, Iodine-131 Powder
hbm:powder_i131_tiny, Tiny Pile of Iodine-131 Powder
hbm:powder_cs137, Caesium-137 Powder
hbm:powder_cs137_tiny, Tiny Pile of Caesium-137 Powder
hbm:powder_xe135, Xenon-135 Powder
hbm:powder_xe135_tiny, Tiny Pile of Xenon-135 Powder
hbm:powder_au198, Gold-198 Powder
hbm:powder_au198_tiny, Tiny Pile of Gold-198 Powder
hbm:powder_ra226, Radium-226 Powder
hbm:sulfur, Sulfur
hbm:nitra, Nitra
hbm:nitra_small, Small Pile of Nitra
hbm:niter, Niter
hbm:fluorite, Fluorite
hbm:lithium, Lithium Cube
hbm:ingot_semtex, Bar of Semtex
hbm:ingot_c4, Bar of Composition C-4
hbm:trinitite, Trinitite
hbm:nuclear_waste_long:0, Long-Lived Nuclear Waste
hbm:nuclear_waste_long:1, Long-Lived Nuclear Waste
hbm:nuclear_waste_long:2, Long-Lived Nuclear Waste
hbm:nuclear_waste_long:3, Long-Lived Nuclear Waste
hbm:nuclear_waste_long:4, Long-Lived Nuclear Waste
hbm:nuclear_waste_long_tiny:0, Tiny Pile of Long-Lived Nuclear Waste
hbm:nuclear_waste_long_tiny:1, Tiny Pile of Long-Lived Nuclear Waste
hbm:nuclear_waste_long_tiny:2, Tiny Pile of Long-Lived Nuclear Waste
hbm:nuclear_waste_long_tiny:3, Tiny Pile of Long-Lived Nuclear Waste
hbm:nuclear_waste_long_tiny:4, Tiny Pile of Long-Lived Nuclear Waste
hbm:nuclear_waste_short:0, Short-Lived Nuclear Waste
hbm:nuclear_waste_short:1, Short-Lived Nuclear Waste
hbm:nuclear_waste_short:2, Short-Lived Nuclear Waste
hbm:nuclear_waste_short:3, Short-Lived Nuclear Waste
hbm:nuclear_waste_short:4, Short-Lived Nuclear Waste
hbm:nuclear_waste_short:5, Short-Lived Nuclear Waste
hbm:nuclear_waste_short:6, Short-Lived Nuclear Waste
hbm:nuclear_waste_short:7, Short-Lived Nuclear Waste
hbm:nuclear_waste_short_tiny:0, Tiny Pile of Short-Lived Nuclear Waste
hbm:nuclear_waste_short_tiny:1, Tiny Pile of Short-Lived Nuclear Waste
hbm:nuclear_waste_short_tiny:2, Tiny Pile of Short-Lived Nuclear Waste
hbm:nuclear_waste_short_tiny:3, Tiny Pile of Short-Lived Nuclear Waste
hbm:nuclear_waste_short_tiny:4, Tiny Pile of Short-Lived Nuclear Waste
hbm:nuclear_waste_short_tiny:5, Tiny Pile of Short-Lived Nuclear Waste
hbm:nuclear_waste_short_tiny:6, Tiny Pile of Short-Lived Nuclear Waste
hbm:nuclear_waste_short_tiny:7, Tiny Pile of Short-Lived Nuclear Waste
hbm:nuclear_waste_long_depleted:0, Decayed Long-Lived Nuclear Waste
hbm:nuclear_waste_long_depleted:1, Decayed Long-Lived Nuclear Waste
hbm:nuclear_waste_long_depleted:2, Decayed Long-Lived Nuclear Waste
hbm:nuclear_waste_long_depleted:3, Decayed Long-Lived Nuclear Waste
hbm:nuclear_waste_long_depleted:4, Decayed Long-Lived Nuclear Waste
hbm:nuclear_waste_long_depleted_tiny:0, Tiny Pile of Decayed Long-Lived Nuclear Waste
hbm:nuclear_waste_long_depleted_tiny:1, Tiny Pile of Decayed Long-Lived Nuclear Waste
hbm:nuclear_waste_long_depleted_tiny:2, Tiny Pile of Decayed Long-Lived Nuclear Waste
hbm:nuclear_waste_long_depleted_tiny:3, Tiny Pile of Decayed Long-Lived Nuclear Waste
hbm:nuclear_waste_long_depleted_tiny:4, Tiny Pile of Decayed Long-Lived Nuclear Waste
hbm:nuclear_waste_short_depleted:0, Decayed Short-Lived Nuclear Waste
hbm:nuclear_waste_short_depleted:1, Decayed Short-Lived Nuclear Waste
hbm:nuclear_waste_short_depleted:2, Decayed Short-Lived Nuclear Waste
hbm:nuclear_waste_short_depleted:3, Decayed Short-Lived Nuclear Waste
hbm:nuclear_waste_short_depleted:4, Decayed Short-Lived Nuclear Waste
hbm:nuclear_waste_short_depleted:5, Decayed Short-Lived Nuclear Waste
hbm:nuclear_waste_short_depleted:6, Decayed Short-Lived Nuclear Waste
hbm:nuclear_waste_short_depleted:7, Decayed Short-Lived Nuclear Waste
hbm:nuclear_waste_short_depleted_tiny:0, Tiny Pile of Decayed Short-Lived Nuclear Waste
hbm:nuclear_waste_short_depleted_tiny:1, Tiny Pile of Decayed Short-Lived Nuclear Waste
hbm:nuclear_waste_short_depleted_tiny:2, Tiny Pile of Decayed Short-Lived Nuclear Waste
hbm:nuclear_waste_short_depleted_tiny:3, Tiny Pile of Decayed Short-Lived Nuclear Waste
hbm:nuclear_waste_short_depleted_tiny:4, Tiny Pile of Decayed Short-Lived Nuclear Waste
hbm:nuclear_waste_short_depleted_tiny:5, Tiny Pile of Decayed Short-Lived Nuclear Waste
hbm:nuclear_waste_short_depleted_tiny:6, Tiny Pile of Decayed Short-Lived Nuclear Waste
hbm:nuclear_waste_short_depleted_tiny:7, Tiny Pile of Decayed Short-Lived Nuclear Waste
hbm:nuclear_waste, Nuclear Waste
hbm:nuclear_waste_tiny, Tiny Pile of Nuclear Waste
hbm:nuclear_waste_vitrified, Vitrified Nuclear Waste
hbm:nuclear_waste_vitrified_tiny, Tiny Pile of Vitrified Nuclear Waste
hbm:scrap_plastic, Plastic Scraps
hbm:scrap, Scrap
hbm:scrap_oil, Oily Scraps
hbm:scrap_nuclear, Radioactive Scraps
hbm:dust, Dust
hbm:dust_tiny, Tiny Pile of Dust
hbm:falloutitem, Pile of Fallout
hbm:containment_box, Containment Box
hbm:plastic_bag, Plastic Bag
hbm:ammo_bag, Ammo Bag
hbm:ammo_bag_infinite, Infinite Ammo Bag
hbm:casing_bag, Bullet Casing Bag
hbm:tritium_deuterium_cake, Tritium-Deuterium-Cake
hbm:pile_rod_uranium, Chicago Pile Uranium Rod
hbm:pile_rod_pu239, Chicago Pile Bred Uranium Rod
hbm:pile_rod_plutonium, Chicago Pile Plutonium Rod
hbm:pile_rod_source, Chicago Pile Ra226Be Neutron Source
hbm:pile_rod_boron, Chicago Pile Control Rod
hbm:pile_rod_lithium, Chicago Pile Lithium Cell
hbm:pile_rod_detector, Chicago Pile Control & Detector Rod
hbm:rod_empty, Empty Rod
hbm:rod_dual_empty, Empty Dual Rod
hbm:rod_quad_empty, Empty Quad Rod
hbm:rod_zirnox_empty, Empty ZIRNOX Rod
hbm:rod_zirnox_tritium, ZIRNOX Tritium Rod
hbm:rod_zirnox:0, ZIRNOX Natural Uranium Fuel Rod
hbm:rod_zirnox:1, ZIRNOX Uranium Fuel Rod
hbm:rod_zirnox:2, ZIRNOX Thorium-232 Rod
hbm:rod_zirnox:3, ZIRNOX Thorium Fuel Rod
hbm:rod_zirnox:4, ZIRNOX MOX Fuel Rod
hbm:rod_zirnox:5, ZIRNOX Plutonium Fuel Rod
hbm:rod_zirnox:6, ZIRNOX Uranium-233 Fuel Rod
hbm:rod_zirnox:7, ZIRNOX Uranium-235 Fuel Rod
hbm:rod_zirnox:8, ZIRNOX LES Fuel Rod
hbm:rod_zirnox:9, ZIRNOX Lithium Rod
hbm:rod_zirnox:10, ZIRNOX ZFB MOX Fuel Rod
hbm:rod_zirnox_depleted:0, Depleted ZIRNOX Natural Uranium Fuel Rod
hbm:rod_zirnox_depleted:1, Depleted ZIRNOX Uranium Fuel Rod
hbm:rod_zirnox_depleted:2, Depleted ZIRNOX Thorium Fuel Rod
hbm:rod_zirnox_depleted:3, Depleted ZIRNOX MOX Fuel Rod
hbm:rod_zirnox_depleted:4, Depleted ZIRNOX Plutonium Fuel Rod
hbm:rod_zirnox_depleted:5, Depleted ZIRNOX Uranium-233 Fuel Rod
hbm:rod_zirnox_depleted:6, Depleted ZIRNOX Uranium-235 Fuel Rod
hbm:rod_zirnox_depleted:7, Depleted ZIRNOX LES Fuel Rod
hbm:rod_zirnox_depleted:8, Depleted ZIRNOX ZFB MOX Fuel Rod
hbm:waste_natural_uranium:0, Depleted Natural Uranium Fuel
hbm:waste_natural_uranium:1, Depleted Natural Uranium Fuel
hbm:waste_uranium:0, Depleted Uranium Fuel
hbm:waste_uranium:1, Depleted Uranium Fuel
hbm:waste_thorium:0, Depleted Thorium Fuel
hbm:waste_thorium:1, Depleted Thorium Fuel
hbm:waste_mox:0, Depleted MOX Fuel
hbm:waste_mox:1, Depleted MOX Fuel
hbm:waste_plutonium:0, Depleted Plutonium Fuel
hbm:waste_plutonium:1, Depleted Plutonium Fuel
hbm:waste_u233:0, Depleted Uranium-233 Fuel
hbm:waste_u233:1, Depleted Uranium-233 Fuel
hbm:waste_u235:0, Depleted Uranium-235 Fuel
hbm:waste_u235:1, Depleted Uranium-235 Fuel
hbm:waste_schrabidium:0, Depleted Schrabidium Fuel
hbm:waste_schrabidium:1, Depleted Schrabidium Fuel
hbm:waste_zfb_mox:0, Depleted ZFB MOX Fuel
hbm:waste_zfb_mox:1, Depleted ZFB MOX Fuel
hbm:waste_plate_u233:0, Depleted HEU-233 Plate Fuel
hbm:waste_plate_u233:1, Depleted HEU-233 Plate Fuel
hbm:waste_plate_u235:0, Depleted HEU-235 Plate Fuel
hbm:waste_plate_u235:1, Depleted HEU-235 Plate Fuel
hbm:waste_plate_mox:0, Depleted MOX Plate Fuel
hbm:waste_plate_mox:1, Depleted MOX Plate Fuel
hbm:waste_plate_pu239:0, Depleted HEP-239 Plate Fuel
hbm:waste_plate_pu239:1, Depleted HEP-239 Plate Fuel
hbm:waste_plate_sa326:0, Depleted HES-326 Plate Fuel
hbm:waste_plate_sa326:1, Depleted HES-326 Plate Fuel
hbm:waste_plate_ra226be:0, Depleted Ra226Be Plate Fuel
hbm:waste_plate_ra226be:1, Depleted Ra226Be Plate Fuel
hbm:waste_plate_pu238be:0, Depleted Pu238Be Plate Fuel
hbm:waste_plate_pu238be:1, Depleted Pu238Be Plate Fuel
hbm:plate_fuel_u233, HEU-233 Plate Fuel
hbm:plate_fuel_u235, HEU-235 Plate Fuel
hbm:plate_fuel_mox, MOX Plate Fuel
hbm:plate_fuel_pu239, HEP-239 Plate Fuel
hbm:plate_fuel_sa326, HES-326 Plate Fuel
hbm:plate_fuel_ra226be, Ra226Be Plate Fuel
hbm:plate_fuel_pu238be, Pu238Be Plate Fuel
hbm:pwr_fuel:0, MEU PWR Fuel Rod
hbm:pwr_fuel:1, HEU-233 PWR Fuel Rod
hbm:pwr_fuel:2, HEU-235 PWR Fuel Rod
hbm:pwr_fuel:3, MEN PWR Fuel Rod
hbm:pwr_fuel:4, HEN-237 PWR Fuel Rod
hbm:pwr_fuel:5, MOX PWR Fuel Rod
hbm:pwr_fuel:6, MEP PWR Fuel Rod
hbm:pwr_fuel:7, HEP-239 PWR Fuel Rod
hbm:pwr_fuel:8, HEP-241 PWR Fuel Rod
hbm:pwr_fuel:9, MEA PWR Fuel Rod
hbm:pwr_fuel:10, HEA-242 PWR Fuel Rod
hbm:pwr_fuel:11, HES-326 PWR Fuel Rod
hbm:pwr_fuel:12, HES-327 PWR Fuel Rod
hbm:pwr_fuel:13, Fuel Grade Americium PWR BFB Rod
hbm:pwr_fuel:14, Plutonium-241 PWR BFB Rod
hbm:pwr_fuel_hot:0, Hot MEU PWR Fuel Rod
hbm:pwr_fuel_hot:1, Hot HEU-233 PWR Fuel Rod
hbm:pwr_fuel_hot:2, Hot HEU-235 PWR Fuel Rod
hbm:pwr_fuel_hot:3, Hot MEN PWR Fuel Rod
hbm:pwr_fuel_hot:4, Hot HEN-237 PWR Fuel Rod
hbm:pwr_fuel_hot:5, Hot MOX PWR Fuel Rod
hbm:pwr_fuel_hot:6, Hot MEP PWR Fuel Rod
hbm:pwr_fuel_hot:7, Hot HEP-239 PWR Fuel Rod
hbm:pwr_fuel_hot:8, Hot HEP-241 PWR Fuel Rod
hbm:pwr_fuel_hot:9, Hot MEA PWR Fuel Rod
hbm:pwr_fuel_hot:10, Hot HEA-242 PWR Fuel Rod
hbm:pwr_fuel_hot:11, Hot HES-326 PWR Fuel Rod
hbm:pwr_fuel_hot:12, Hot HES-327 PWR Fuel Rod
hbm:pwr_fuel_hot:13, Hot Fuel Grade Americium PWR BFB Rod
hbm:pwr_fuel_hot:14, Hot Plutonium-241 PWR BFB Rod
hbm:pwr_fuel_depleted:0, Depleted MEU PWR Fuel Rod
hbm:pwr_fuel_depleted:1, Depleted HEU-233 PWR Fuel Rod
hbm:pwr_fuel_depleted:2, Depleted HEU-235 PWR Fuel Rod
hbm:pwr_fuel_depleted:3, Depleted MEN PWR Fuel Rod
hbm:pwr_fuel_depleted:4, Depleted HEN-237 PWR Fuel Rod
hbm:pwr_fuel_depleted:5, Depleted MOX PWR Fuel Rod
hbm:pwr_fuel_depleted:6, Depleted MEP PWR Fuel Rod
hbm:pwr_fuel_depleted:7, Depleted HEP-239 PWR Fuel Rod
hbm:pwr_fuel_depleted:8, Depleted HEP-241 PWR Fuel Rod
hbm:pwr_fuel_depleted:9, Depleted MEA PWR Fuel Rod
hbm:pwr_fuel_depleted:10, Depleted HEA-242 PWR Fuel Rod
hbm:pwr_fuel_depleted:11, Depleted HES-326 PWR Fuel Rod
hbm:pwr_fuel_depleted:12, Depleted HES-327 PWR Fuel Rod
hbm:pwr_fuel_depleted:13, Depleted Fuel Grade Americium PWR BFB Rod
hbm:pwr_fuel_depleted:14, Depleted Plutonium-241 PWR BFB Rod
hbm:rod:0, Lithium Rod
hbm:rod:1, Tritium Rod
hbm:rod:2, Cobalt Rod
hbm:rod:3, Cobalt-60 Rod
hbm:rod:4, Thorium-232 Rod
hbm:rod:5, Thorium Fuel Rod
hbm:rod:6, Uranium-235 Rod
hbm:rod:7, Neptunium-237 Rod
hbm:rod:8, Uranium-238 Rod
hbm:rod:9, Plutonium-238 Rod
hbm:rod:10, Plutonium-239 Rod
hbm:rod:11, Reactor-Grade Plutonium Rod
hbm:rod:12, Nuclear Waste Rod
hbm:rod:13, Lead Rod
hbm:rod:14, Uranium Rod
hbm:rod:15, Radium-226 Rod
hbm:rod:16, Actinium-227 Rod
hbm:rod_dual:0, Lithium Dual Rod
hbm:rod_dual:1, Tritium Dual Rod
hbm:rod_dual:2, Cobalt Dual Rod
hbm:rod_dual:3, Cobalt-60 Dual Rod
hbm:rod_dual:4, Thorium-232 Dual Rod
hbm:rod_dual:5, Thorium Fuel Dual Rod
hbm:rod_dual:6, Uranium-235 Dual Rod
hbm:rod_dual:7, Neptunium-237 Dual Rod
hbm:rod_dual:8, Uranium-238 Dual Rod
hbm:rod_dual:9, Plutonium-238 Dual Rod
hbm:rod_dual:10, Plutonium-239 Dual Rod
hbm:rod_dual:11, Reactor-Grade Plutonium Dual Rod
hbm:rod_dual:12, Nuclear Waste Dual Rod
hbm:rod_dual:13, Lead Dual Rod
hbm:rod_dual:14, Uranium Dual Rod
hbm:rod_dual:15, Radium-226 Dual Rod
hbm:rod_dual:16, Actinium-227 Dual Rod
hbm:rod_quad:0, Lithium Quad Rod
hbm:rod_quad:1, Tritium Quad Rod
hbm:rod_quad:2, Cobalt Quad Rod
hbm:rod_quad:3, Cobalt-60 Quad Rod
hbm:rod_quad:4, Thorium-232 Quad Rod
hbm:rod_quad:5, Thorium Fuel Quad Rod
hbm:rod_quad:6, Uranium-235 Quad Rod
hbm:rod_quad:7, Neptunium-237 Quad Rod
hbm:rod_quad:8, Uranium-238 Quad Rod
hbm:rod_quad:9, Plutonium-238 Quad Rod
hbm:rod_quad:10, Plutonium-239 Quad Rod
hbm:rod_quad:11, Reactor-Grade Plutonium Quad Rod
hbm:rod_quad:12, Nuclear Waste Quad Rod
hbm:rod_quad:13, Lead Quad Rod
hbm:rod_quad:14, Uranium Quad Rod
hbm:rod_quad:15, Radium-226 Quad Rod
hbm:rod_quad:16, Actinium-227 Quad Rod
hbm:pellet_rtg_depleted:0, Decayed Bismuth RTG Pellet
hbm:pellet_rtg_depleted:1, Decayed Mercury RTG Pellet
hbm:pellet_rtg_depleted:2, Decayed Neptunium RTG Pellet
hbm:pellet_rtg_depleted:3, Decayed Lead RTG Pellet
hbm:pellet_rtg_depleted:4, Decayed Zirconium RTG Pellet
hbm:pellet_rtg_depleted:5, Decayed Nickel RTG Pellet
hbm:pellet_rtg_radium, Radium-226 RTG Pellet
hbm:pellet_rtg_weak, Weak Uranium RTG Pellet
hbm:pellet_rtg, Plutonium-238 RTG Pellet
hbm:pellet_rtg_strontium, Strontium-90 RTG Pellet
hbm:pellet_rtg_cobalt, Cobalt-60 RTG Pellet
hbm:pellet_rtg_actinium, Actinium-227 RTG Pellet
hbm:pellet_rtg_americium, Americium-241 RTG Pellet
hbm:pellet_rtg_polonium, Polonium-210 RTG Pellet
hbm:pellet_rtg_gold, Gold-198 RTG Pellet
hbm:pellet_rtg_lead, Lead-209 RTG Pellet
hbm:pellet_rtg_balefire, Balefire-XXX RTG Pellet
hbm:pellet_coal, Dense Coal Cluster
hbm:chlorine_pinwheel, Chlorine Pinwheel
hbm:ring_starmetal, §9Starmetal Ring§r
hbm:flywheel_beryllium, Beryllium Flywheel
hbm:biomass, Biomass
hbm:biomass_compressed, Compressed Biomass
hbm:ball_resin, Latex
hbm:cordite, Cordite
hbm:ballistite, Ballistite
hbm:ball_dynamite, Dynamite
hbm:ball_tnt, TNT
hbm:ball_tatb, TATB
hbm:ball_fireclay, Fireclay
hbm:plant_item:0, Tobacco
hbm:plant_item:1, Rope
hbm:plant_item:2, Mustard Willow Leaf
hbm:mold_base, Blank Foundry Mold
hbm:mold:0, Foundry Mold
hbm:mold:1, Foundry Mold
hbm:mold:2, Foundry Mold
hbm:mold:3, Foundry Mold
hbm:mold:4, Foundry Mold
hbm:mold:5, Foundry Mold
hbm:mold:6, Foundry Mold
hbm:mold:7, Foundry Mold
hbm:mold:8, Foundry Mold
hbm:mold:9, Foundry Mold
hbm:mold:10, Foundry Mold
hbm:mold:11, Foundry Mold
hbm:mold:12, Foundry Mold
hbm:mold:13, Foundry Mold
hbm:mold:15, Foundry Mold
hbm:mold:16, Foundry Mold
hbm:mold:17, Foundry Mold
hbm:mold:19, Foundry Mold
hbm:mold:20, Foundry Mold
hbm:mold:21, Foundry Mold
hbm:mold:22, Foundry Mold
hbm:mold:23, Foundry Mold
hbm:mold:24, Foundry Mold
hbm:mold:25, Foundry Mold
hbm:mold:26, Foundry Mold
hbm:mold:27, Foundry Mold
hbm:mold:28, Foundry Mold
hbm:scraps:0, Stone Scraps
hbm:scraps:699, Carbon Scraps
hbm:scraps:2600, Iron Scraps
hbm:scraps:7900, Gold Scraps
hbm:scraps:1, Redstone Scraps
hbm:scraps:2, Obsidian Scraps
hbm:scraps:2601, Hematite Scraps
hbm:scraps:2602, Wrought Iron Scraps
hbm:scraps:2603, Pig Iron Scraps
hbm:scraps:2604, Meteoric Iron Scraps
hbm:scraps:2901, Malachite Scraps
hbm:scraps:9200, Uranium Scraps
hbm:scraps:9233, Uranium-233 Scraps
hbm:scraps:9235, Uranium-235 Scraps
hbm:scraps:9238, Uranium-238 Scraps
hbm:scraps:9032, Thorium-232 Scraps
hbm:scraps:9400, Plutonium Scraps
hbm:scraps:9401, Reactor-Grade Plutonium Scraps
hbm:scraps:9438, Plutonium-238 Scraps
hbm:scraps:9439, Plutonium-239 Scraps
hbm:scraps:9440, Plutonium-240 Scraps
hbm:scraps:9441, Plutonium-241 Scraps
hbm:scraps:9501, Reactor-Grade Americium Scraps
hbm:scraps:9541, Americium-241 Scraps
hbm:scraps:9542, Americium-242 Scraps
hbm:scraps:9337, Neptunium-237 Scraps
hbm:scraps:8410, Polonium-210 Scraps
hbm:scraps:4399, Technetium-99 Scraps
hbm:scraps:8826, Radium-226 Scraps
hbm:scraps:8927, Actinium-227 Scraps
hbm:scraps:2760, Cobalt-60 Scraps
hbm:scraps:7998, Gold-198 Scraps
hbm:scraps:8209, Lead-209 Scraps
hbm:scraps:12626, Schrabidium Scraps
hbm:scraps:12627, Solinium Scraps
hbm:scraps:12600, Ferric Schrabidate Scraps
hbm:scraps:12601, Schraranium Scraps
hbm:scraps:12836, Ghiorsium-336 Scraps
hbm:scraps:2200, Titanium Scraps
hbm:scraps:2900, Copper Scraps
hbm:scraps:7400, Tungsten Scraps
hbm:scraps:1300, Aluminium Scraps
hbm:scraps:8200, Lead Scraps
hbm:scraps:8300, Bismuth Scraps
hbm:scraps:3300, Arsenic Scraps
hbm:scraps:7300, Tantalum Scraps
hbm:scraps:6000, Neodymium Scraps
hbm:scraps:4100, Niobium Scraps
hbm:scraps:400, Beryllium Scraps
hbm:scraps:2700, Cobalt Scraps
hbm:scraps:500, Boron Scraps
hbm:scraps:501, Borax Scraps
hbm:scraps:5700, Lanthanium Scraps
hbm:scraps:4000, Zirconium Scraps
hbm:scraps:1100, Sodium Scraps
hbm:scraps:3800, Strontium Scraps
hbm:scraps:2000, Calcium Scraps
hbm:scraps:300, Lithium Scraps
hbm:scraps:4800, Cadmium Scraps
hbm:scraps:1400, Silicon Scraps
hbm:scraps:1401, Asbestos Scraps
hbm:scraps:7699, Osmiridium Scraps
hbm:scraps:30, Steel Scraps
hbm:scraps:31, Minecraft Grade Copper Scraps
hbm:scraps:32, Advanced Alloy Scraps
hbm:scraps:33, High-Speed Steel Scraps
hbm:scraps:42, Desh Scraps
hbm:scraps:35, Starmetal Scraps
hbm:scraps:37, Ferrouranium Scraps
hbm:scraps:36, Technetium Steel Scraps
hbm:scraps:43, Cadmium Steel Scraps
hbm:scraps:46, Bismuth Bronze Scraps
hbm:scraps:47, Arsenic Bronze Scraps
hbm:scraps:48, BSCCO Scraps
hbm:scraps:38, Magnetized Tungsten Scraps
hbm:scraps:39, Combine Steel Scraps
hbm:scraps:45, Dineutronium Scraps
hbm:scraps:40, Flux Scraps
hbm:scraps:41, Slag Scraps
hbm:scraps:44, Poisonous Mud Scraps
hbm:scraps:49, Gunmetal Scraps
hbm:scraps:50, Weapon Steel Scraps
hbm:scraps:34, Saturnite Scraps
hbm:shell:2200, Titanium Shell
hbm:shell:2900, Copper Shell
hbm:shell:1300, Aluminium Shell
hbm:shell:30, Steel Shell
hbm:shell:50, Weapon Steel Shell
hbm:shell:34, Saturnite Shell
hbm:pipe:2600, Iron Pipe
hbm:pipe:2900, Copper Pipe
hbm:pipe:1300, Aluminium Pipe
hbm:pipe:8200, Lead Pipe
hbm:pipe:30, Steel Pipe
hbm:pipe:33, High-Speed Steel Pipe
hbm:pipe:20003, Rubber Pipe
hbm:ingot_raw:1, Redstone Ingot
hbm:ingot_raw:6000, Neodymium Ingot
hbm:ingot_raw:501, Borax Ingot
hbm:ingot_raw:1100, Sodium Ingot
hbm:ingot_raw:3800, Strontium Ingot
hbm:ingot_raw:41, Slag Ingot
hbm:plate_cast:2600, Cast Iron Plate
hbm:plate_cast:7900, Cast Gold Plate
hbm:plate_cast:12626, Cast Schrabidium Plate
hbm:plate_cast:12600, Cast Ferric Schrabidate Plate
hbm:plate_cast:2200, Cast Titanium Plate
hbm:plate_cast:2900, Cast Copper Plate
hbm:plate_cast:7400, Cast Tungsten Plate
hbm:plate_cast:1300, Cast Aluminium Plate
hbm:plate_cast:8200, Cast Lead Plate
hbm:plate_cast:4000, Cast Zirconium Plate
hbm:plate_cast:7699, Cast Osmiridium Plate
hbm:plate_cast:30, Cast Steel Plate
hbm:plate_cast:32, Cast Advanced Alloy Plate
hbm:plate_cast:33, Cast High-Speed Steel Plate
hbm:plate_cast:42, Cast Desh Plate
hbm:plate_cast:35, Cast Starmetal Plate
hbm:plate_cast:37, Cast Ferrouranium Plate
hbm:plate_cast:36, Cast Technetium Steel Plate
hbm:plate_cast:43, Cast Cadmium Steel Plate
hbm:plate_cast:46, Cast Bismuth Bronze Plate
hbm:plate_cast:47, Cast Arsenic Bronze Plate
hbm:plate_cast:39, Cast Combine Steel Plate
hbm:plate_cast:50, Cast Weapon Steel Plate
hbm:plate_cast:34, Cast Saturnite Plate
hbm:plate_welded:2600, Welded Iron Plate
hbm:plate_welded:2200, Welded Titanium Plate
hbm:plate_welded:2900, Welded Copper Plate
hbm:plate_welded:7400, Welded Tungsten Plate
hbm:plate_welded:1300, Welded Aluminium Plate
hbm:plate_welded:4000, Welded Zirconium Plate
hbm:plate_welded:7699, Welded Osmiridium Plate
hbm:plate_welded:30, Welded Steel Plate
hbm:plate_welded:36, Welded Technetium Steel Plate
hbm:plate_welded:43, Welded Cadmium Steel Plate
hbm:plate_welded:39, Welded Combine Steel Plate
hbm:wire_fine:699, Carbon Wire
hbm:wire_fine:7900, Gold Wire
hbm:wire_fine:12626, Schrabidium Wire
hbm:wire_fine:2900, Copper Wire
hbm:wire_fine:7400, Tungsten Wire
hbm:wire_fine:1300, Aluminium Wire
hbm:wire_fine:8200, Lead Wire
hbm:wire_fine:4000, Zirconium Wire
hbm:wire_fine:30, Steel Wire
hbm:wire_fine:31, Minecraft Grade Copper Wire
hbm:wire_fine:32, Advanced Alloy Wire
hbm:wire_fine:38, Magnetized Tungsten Wire
hbm:wire_dense:7900, Dense Gold Wire
hbm:wire_dense:12626, Dense Schrabidium Wire
hbm:wire_dense:12600, Dense Ferric Schrabidate Wire
hbm:wire_dense:2200, Dense Titanium Wire
hbm:wire_dense:2900, Dense Copper Wire
hbm:wire_dense:7400, Dense Tungsten Wire
hbm:wire_dense:6000, Dense Neodymium Wire
hbm:wire_dense:4100, Dense Niobium Wire
hbm:wire_dense:31, Dense Minecraft Grade Copper Wire
hbm:wire_dense:32, Dense Advanced Alloy Wire
hbm:wire_dense:35, Dense Starmetal Wire
hbm:wire_dense:48, Dense BSCCO Wire
hbm:wire_dense:38, Dense Magnetized Tungsten Wire
hbm:wire_dense:45, Dense Dineutronium Wire
hbm:bolt:7400, Tungsten Bolt
hbm:bolt:8200, Lead Bolt
hbm:bolt:30, Steel Bolt
hbm:bolt:33, High-Speed Steel Bolt
hbm:bolt_spike, Railroad Spike
hbm:part_barrel_light:30, Light Steel Barrel
hbm:part_barrel_light:33, Light High-Speed Steel Barrel
hbm:part_barrel_light:42, Light Desh Barrel
hbm:part_barrel_light:36, Light Technetium Steel Barrel
hbm:part_barrel_light:43, Light Cadmium Steel Barrel
hbm:part_barrel_light:46, Light Bismuth Bronze Barrel
hbm:part_barrel_light:47, Light Arsenic Bronze Barrel
hbm:part_barrel_light:49, Light Gunmetal Barrel
hbm:part_barrel_light:50, Light Weapon Steel Barrel
hbm:part_barrel_light:34, Light Saturnite Barrel
hbm:part_barrel_heavy:30, Heavy Steel Barrel
hbm:part_barrel_heavy:33, Heavy High-Speed Steel Barrel
hbm:part_barrel_heavy:42, Heavy Desh Barrel
hbm:part_barrel_heavy:37, Heavy Ferrouranium Barrel
hbm:part_barrel_heavy:36, Heavy Technetium Steel Barrel
hbm:part_barrel_heavy:43, Heavy Cadmium Steel Barrel
hbm:part_barrel_heavy:49, Heavy Gunmetal Barrel
hbm:part_barrel_heavy:50, Heavy Weapon Steel Barrel
hbm:part_barrel_heavy:34, Heavy Saturnite Barrel
hbm:part_receiver_light:30, Light Steel Receiver
hbm:part_receiver_light:33, Light High-Speed Steel Receiver
hbm:part_receiver_light:42, Light Desh Receiver
hbm:part_receiver_light:36, Light Technetium Steel Receiver
hbm:part_receiver_light:43, Light Cadmium Steel Receiver
hbm:part_receiver_light:46, Light Bismuth Bronze Receiver
hbm:part_receiver_light:47, Light Arsenic Bronze Receiver
hbm:part_receiver_light:49, Light Gunmetal Receiver
hbm:part_receiver_light:50, Light Weapon Steel Receiver
hbm:part_receiver_light:34, Light Saturnite Receiver
hbm:part_receiver_heavy:33, Heavy High-Speed Steel Receiver
hbm:part_receiver_heavy:37, Heavy Ferrouranium Receiver
hbm:part_receiver_heavy:36, Heavy Technetium Steel Receiver
hbm:part_receiver_heavy:43, Heavy Cadmium Steel Receiver
hbm:part_receiver_heavy:46, Heavy Bismuth Bronze Receiver
hbm:part_receiver_heavy:47, Heavy Arsenic Bronze Receiver
hbm:part_receiver_heavy:49, Heavy Gunmetal Receiver
hbm:part_receiver_heavy:50, Heavy Weapon Steel Receiver
hbm:part_receiver_heavy:34, Heavy Saturnite Receiver
hbm:part_mechanism:49, Gunmetal Mechanism
hbm:part_mechanism:50, Weapon Steel Mechanism
hbm:part_mechanism:34, Saturnite Mechanism
hbm:part_stock:3, Wood Stock
hbm:part_stock:42, Desh Stock
hbm:part_stock:49, Gunmetal Stock
hbm:part_stock:50, Weapon Steel Stock
hbm:part_stock:34, Saturnite Stock
hbm:part_stock:20001, Polymer Stock
hbm:part_stock:20002, Bakelite Stock
hbm:part_stock:20004, Hard Plastic Stock
hbm:part_stock:20005, PVC Stock
hbm:part_grip:3, Wood Grip
hbm:part_grip:4, Ivory Grip
hbm:part_grip:30, Steel Grip
hbm:part_grip:33, High-Speed Steel Grip
hbm:part_grip:42, Desh Grip
hbm:part_grip:49, Gunmetal Grip
hbm:part_grip:50, Weapon Steel Grip
hbm:part_grip:34, Saturnite Grip
hbm:part_grip:20001, Polymer Grip
hbm:part_grip:20002, Bakelite Grip
hbm:part_grip:20003, Rubber Grip
hbm:part_grip:20004, Hard Plastic Grip
hbm:part_grip:20005, PVC Grip
hbm:casing:0, Small Gunmetal Casing
hbm:casing:1, Large Gunmetal Casing
hbm:casing:2, Small Weapon Steel Casing
hbm:casing:3, Large Weapon Steel Casing
hbm:casing:4, Black Powder Shotshell Casing
hbm:casing:5, Plastic Shotshell Casing
hbm:casing:6, Advanced Shotshell Casing
hbm:bedrock_ore_new:0, Light Metal Bedrock Ore
hbm:bedrock_ore_new:16, Roasted Light Metal Bedrock Ore
hbm:bedrock_ore_new:32, Washed Light Metal Bedrock Ore
hbm:bedrock_ore_new:48, Light Metal Bedrock Ore, Primary Fraction
hbm:bedrock_ore_new:64, Light Metal Bedrock Ore, Roasted Primary Fraction
hbm:bedrock_ore_new:80, Light Metal Bedrock Ore, Sulfuric Primary Fraction
hbm:bedrock_ore_new:96, Light Metal Bedrock Ore, Separated Sulfuric Primary Fraction
hbm:bedrock_ore_new:112, Light Metal Bedrock Ore, Dissolved Primary Fraction
hbm:bedrock_ore_new:128, Light Metal Bedrock Ore, Separated Dissolved Primary Fraction
hbm:bedrock_ore_new:144, Light Metal Bedrock Ore, Cleaned Primary Fraction
hbm:bedrock_ore_new:160, Light Metal Bedrock Ore, Separated Cleaned Primary Fraction
hbm:bedrock_ore_new:176, Light Metal Bedrock Ore, Primary Fraction, Higher Weight
hbm:bedrock_ore_new:192, Light Metal Bedrock Ore, Primary Fraction, Lower Weight
hbm:bedrock_ore_new:208, Light Metal Bedrock Ore Crumbs
hbm:bedrock_ore_new:224, Light Metal Bedrock Ore, Sulfuric Byproduct
hbm:bedrock_ore_new:240, Light Metal Bedrock Ore, Roasted Sulfuric Byproduct
hbm:bedrock_ore_new:256, Light Metal Bedrock Ore, Seared Sulfuric Byproduct
hbm:bedrock_ore_new:272, Light Metal Bedrock Ore, Washed Sulfuric Byproduct
hbm:bedrock_ore_new:288, Light Metal Bedrock Ore, Dissolved Byproduct
hbm:bedrock_ore_new:304, Light Metal Bedrock Ore, Roasted Dissolved Byproduct
hbm:bedrock_ore_new:320, Light Metal Bedrock Ore, Seared Dissolved Byproduct
hbm:bedrock_ore_new:336, Light Metal Bedrock Ore, Washed Dissolved Byproduct
hbm:bedrock_ore_new:352, Light Metal Bedrock Ore, Cleaned Byproduct
hbm:bedrock_ore_new:368, Light Metal Bedrock Ore, Roasted Cleaned Byproduct
hbm:bedrock_ore_new:384, Light Metal Bedrock Ore, Seared Cleaned Byproduct
hbm:bedrock_ore_new:400, Light Metal Bedrock Ore, Washed Cleaned Byproduct
hbm:bedrock_ore_new:1, Heavy Metal Bedrock Ore
hbm:bedrock_ore_new:17, Roasted Heavy Metal Bedrock Ore
hbm:bedrock_ore_new:33, Washed Heavy Metal Bedrock Ore
hbm:bedrock_ore_new:49, Heavy Metal Bedrock Ore, Primary Fraction
hbm:bedrock_ore_new:65, Heavy Metal Bedrock Ore, Roasted Primary Fraction
hbm:bedrock_ore_new:81, Heavy Metal Bedrock Ore, Sulfuric Primary Fraction
hbm:bedrock_ore_new:97, Heavy Metal Bedrock Ore, Separated Sulfuric Primary Fraction
hbm:bedrock_ore_new:113, Heavy Metal Bedrock Ore, Dissolved Primary Fraction
hbm:bedrock_ore_new:129, Heavy Metal Bedrock Ore, Separated Dissolved Primary Fraction
hbm:bedrock_ore_new:145, Heavy Metal Bedrock Ore, Cleaned Primary Fraction
hbm:bedrock_ore_new:161, Heavy Metal Bedrock Ore, Separated Cleaned Primary Fraction
hbm:bedrock_ore_new:177, Heavy Metal Bedrock Ore, Primary Fraction, Higher Weight
hbm:bedrock_ore_new:193, Heavy Metal Bedrock Ore, Primary Fraction, Lower Weight
hbm:bedrock_ore_new:209, Heavy Metal Bedrock Ore Crumbs
hbm:bedrock_ore_new:225, Heavy Metal Bedrock Ore, Sulfuric Byproduct
hbm:bedrock_ore_new:241, Heavy Metal Bedrock Ore, Roasted Sulfuric Byproduct
hbm:bedrock_ore_new:257, Heavy Metal Bedrock Ore, Seared Sulfuric Byproduct
hbm:bedrock_ore_new:273, Heavy Metal Bedrock Ore, Washed Sulfuric Byproduct
hbm:bedrock_ore_new:289, Heavy Metal Bedrock Ore, Dissolved Byproduct
hbm:bedrock_ore_new:305, Heavy Metal Bedrock Ore, Roasted Dissolved Byproduct
hbm:bedrock_ore_new:321, Heavy Metal Bedrock Ore, Seared Dissolved Byproduct
hbm:bedrock_ore_new:337, Heavy Metal Bedrock Ore, Washed Dissolved Byproduct
hbm:bedrock_ore_new:353, Heavy Metal Bedrock Ore, Cleaned Byproduct
hbm:bedrock_ore_new:369, Heavy Metal Bedrock Ore, Roasted Cleaned Byproduct
hbm:bedrock_ore_new:385, Heavy Metal Bedrock Ore, Seared Cleaned Byproduct
hbm:bedrock_ore_new:401, Heavy Metal Bedrock Ore, Washed Cleaned Byproduct
hbm:bedrock_ore_new:2, Rare Earth Bedrock Ore
hbm:bedrock_ore_new:18, Roasted Rare Earth Bedrock Ore
hbm:bedrock_ore_new:34, Washed Rare Earth Bedrock Ore
hbm:bedrock_ore_new:50, Rare Earth Bedrock Ore, Primary Fraction
hbm:bedrock_ore_new:66, Rare Earth Bedrock Ore, Roasted Primary Fraction
hbm:bedrock_ore_new:82, Rare Earth Bedrock Ore, Sulfuric Primary Fraction
hbm:bedrock_ore_new:98, Rare Earth Bedrock Ore, Separated Sulfuric Primary Fraction
hbm:bedrock_ore_new:114, Rare Earth Bedrock Ore, Dissolved Primary Fraction
hbm:bedrock_ore_new:130, Rare Earth Bedrock Ore, Separated Dissolved Primary Fraction
hbm:bedrock_ore_new:146, Rare Earth Bedrock Ore, Cleaned Primary Fraction
hbm:bedrock_ore_new:162, Rare Earth Bedrock Ore, Separated Cleaned Primary Fraction
hbm:bedrock_ore_new:178, Rare Earth Bedrock Ore, Primary Fraction, Higher Weight
hbm:bedrock_ore_new:194, Rare Earth Bedrock Ore, Primary Fraction, Lower Weight
hbm:bedrock_ore_new:210, Rare Earth Bedrock Ore Crumbs
hbm:bedrock_ore_new:226, Rare Earth Bedrock Ore, Sulfuric Byproduct
hbm:bedrock_ore_new:242, Rare Earth Bedrock Ore, Roasted Sulfuric Byproduct
hbm:bedrock_ore_new:258, Rare Earth Bedrock Ore, Seared Sulfuric Byproduct
hbm:bedrock_ore_new:274, Rare Earth Bedrock Ore, Washed Sulfuric Byproduct
hbm:bedrock_ore_new:290, Rare Earth Bedrock Ore, Dissolved Byproduct
hbm:bedrock_ore_new:306, Rare Earth Bedrock Ore, Roasted Dissolved Byproduct
hbm:bedrock_ore_new:322, Rare Earth Bedrock Ore, Seared Dissolved Byproduct
hbm:bedrock_ore_new:338, Rare Earth Bedrock Ore, Washed Dissolved Byproduct
hbm:bedrock_ore_new:354, Rare Earth Bedrock Ore, Cleaned Byproduct
hbm:bedrock_ore_new:370, Rare Earth Bedrock Ore, Roasted Cleaned Byproduct
hbm:bedrock_ore_new:386, Rare Earth Bedrock Ore, Seared Cleaned Byproduct
hbm:bedrock_ore_new:402, Rare Earth Bedrock Ore, Washed Cleaned Byproduct
hbm:bedrock_ore_new:3, Actinide Bedrock Ore
hbm:bedrock_ore_new:19, Roasted Actinide Bedrock Ore
hbm:bedrock_ore_new:35, Washed Actinide Bedrock Ore
hbm:bedrock_ore_new:51, Actinide Bedrock Ore, Primary Fraction
hbm:bedrock_ore_new:67, Actinide Bedrock Ore, Roasted Primary Fraction
hbm:bedrock_ore_new:83, Actinide Bedrock Ore, Sulfuric Primary Fraction
hbm:bedrock_ore_new:99, Actinide Bedrock Ore, Separated Sulfuric Primary Fraction
hbm:bedrock_ore_new:115, Actinide Bedrock Ore, Dissolved Primary Fraction
hbm:bedrock_ore_new:131, Actinide Bedrock Ore, Separated Dissolved Primary Fraction
hbm:bedrock_ore_new:147, Actinide Bedrock Ore, Cleaned Primary Fraction
hbm:bedrock_ore_new:163, Actinide Bedrock Ore, Separated Cleaned Primary Fraction
hbm:bedrock_ore_new:179, Actinide Bedrock Ore, Primary Fraction, Higher Weight
hbm:bedrock_ore_new:195, Actinide Bedrock Ore, Primary Fraction, Lower Weight
hbm:bedrock_ore_new:211, Actinide Bedrock Ore Crumbs
hbm:bedrock_ore_new:227, Actinide Bedrock Ore, Sulfuric Byproduct
hbm:bedrock_ore_new:243, Actinide Bedrock Ore, Roasted Sulfuric Byproduct
hbm:bedrock_ore_new:259, Actinide Bedrock Ore, Seared Sulfuric Byproduct
hbm:bedrock_ore_new:275, Actinide Bedrock Ore, Washed Sulfuric Byproduct
hbm:bedrock_ore_new:291, Actinide Bedrock Ore, Dissolved Byproduct
hbm:bedrock_ore_new:307, Actinide Bedrock Ore, Roasted Dissolved Byproduct
hbm:bedrock_ore_new:323, Actinide Bedrock Ore, Seared Dissolved Byproduct
hbm:bedrock_ore_new:339, Actinide Bedrock Ore, Washed Dissolved Byproduct
hbm:bedrock_ore_new:355, Actinide Bedrock Ore, Cleaned Byproduct
hbm:bedrock_ore_new:371, Actinide Bedrock Ore, Roasted Cleaned Byproduct
hbm:bedrock_ore_new:387, Actinide Bedrock Ore, Seared Cleaned Byproduct
hbm:bedrock_ore_new:403, Actinide Bedrock Ore, Washed Cleaned Byproduct
hbm:bedrock_ore_new:4, Non-Metal Bedrock Ore
hbm:bedrock_ore_new:20, Roasted Non-Metal Bedrock Ore
hbm:bedrock_ore_new:36, Washed Non-Metal Bedrock Ore
hbm:bedrock_ore_new:52, Non-Metal Bedrock Ore, Primary Fraction
hbm:bedrock_ore_new:68, Non-Metal Bedrock Ore, Roasted Primary Fraction
hbm:bedrock_ore_new:84, Non-Metal Bedrock Ore, Sulfuric Primary Fraction
hbm:bedrock_ore_new:100, Non-Metal Bedrock Ore, Separated Sulfuric Primary Fraction
hbm:bedrock_ore_new:116, Non-Metal Bedrock Ore, Dissolved Primary Fraction
hbm:bedrock_ore_new:132, Non-Metal Bedrock Ore, Separated Dissolved Primary Fraction
hbm:bedrock_ore_new:148, Non-Metal Bedrock Ore, Cleaned Primary Fraction
hbm:bedrock_ore_new:164, Non-Metal Bedrock Ore, Separated Cleaned Primary Fraction
hbm:bedrock_ore_new:180, Non-Metal Bedrock Ore, Primary Fraction, Higher Weight
hbm:bedrock_ore_new:196, Non-Metal Bedrock Ore, Primary Fraction, Lower Weight
hbm:bedrock_ore_new:212, Non-Metal Bedrock Ore Crumbs
hbm:bedrock_ore_new:228, Non-Metal Bedrock Ore, Sulfuric Byproduct
hbm:bedrock_ore_new:244, Non-Metal Bedrock Ore, Roasted Sulfuric Byproduct
hbm:bedrock_ore_new:260, Non-Metal Bedrock Ore, Seared Sulfuric Byproduct
hbm:bedrock_ore_new:276, Non-Metal Bedrock Ore, Washed Sulfuric Byproduct
hbm:bedrock_ore_new:292, Non-Metal Bedrock Ore, Dissolved Byproduct
hbm:bedrock_ore_new:308, Non-Metal Bedrock Ore, Roasted Dissolved Byproduct
hbm:bedrock_ore_new:324, Non-Metal Bedrock Ore, Seared Dissolved Byproduct
hbm:bedrock_ore_new:340, Non-Metal Bedrock Ore, Washed Dissolved Byproduct
hbm:bedrock_ore_new:356, Non-Metal Bedrock Ore, Cleaned Byproduct
hbm:bedrock_ore_new:372, Non-Metal Bedrock Ore, Roasted Cleaned Byproduct
hbm:bedrock_ore_new:388, Non-Metal Bedrock Ore, Seared Cleaned Byproduct
hbm:bedrock_ore_new:404, Non-Metal Bedrock Ore, Washed Cleaned Byproduct
hbm:bedrock_ore_new:5, Crystalline Bedrock Ore
hbm:bedrock_ore_new:21, Roasted Crystalline Bedrock Ore
hbm:bedrock_ore_new:37, Washed Crystalline Bedrock Ore
hbm:bedrock_ore_new:53, Crystalline Bedrock Ore, Primary Fraction
hbm:bedrock_ore_new:69, Crystalline Bedrock Ore, Roasted Primary Fraction
hbm:bedrock_ore_new:85, Crystalline Bedrock Ore, Sulfuric Primary Fraction
hbm:bedrock_ore_new:101, Crystalline Bedrock Ore, Separated Sulfuric Primary Fraction
hbm:bedrock_ore_new:117, Crystalline Bedrock Ore, Dissolved Primary Fraction
hbm:bedrock_ore_new:133, Crystalline Bedrock Ore, Separated Dissolved Primary Fraction
hbm:bedrock_ore_new:149, Crystalline Bedrock Ore, Cleaned Primary Fraction
hbm:bedrock_ore_new:165, Crystalline Bedrock Ore, Separated Cleaned Primary Fraction
hbm:bedrock_ore_new:181, Crystalline Bedrock Ore, Primary Fraction, Higher Weight
hbm:bedrock_ore_new:197, Crystalline Bedrock Ore, Primary Fraction, Lower Weight
hbm:bedrock_ore_new:213, Crystalline Bedrock Ore Crumbs
hbm:bedrock_ore_new:229, Crystalline Bedrock Ore, Sulfuric Byproduct
hbm:bedrock_ore_new:245, Crystalline Bedrock Ore, Roasted Sulfuric Byproduct
hbm:bedrock_ore_new:261, Crystalline Bedrock Ore, Seared Sulfuric Byproduct
hbm:bedrock_ore_new:277, Crystalline Bedrock Ore, Washed Sulfuric Byproduct
hbm:bedrock_ore_new:293, Crystalline Bedrock Ore, Dissolved Byproduct
hbm:bedrock_ore_new:309, Crystalline Bedrock Ore, Roasted Dissolved Byproduct
hbm:bedrock_ore_new:325, Crystalline Bedrock Ore, Seared Dissolved Byproduct
hbm:bedrock_ore_new:341, Crystalline Bedrock Ore, Washed Dissolved Byproduct
hbm:bedrock_ore_new:357, Crystalline Bedrock Ore, Cleaned Byproduct
hbm:bedrock_ore_new:373, Crystalline Bedrock Ore, Roasted Cleaned Byproduct
hbm:bedrock_ore_new:389, Crystalline Bedrock Ore, Seared Cleaned Byproduct
hbm:bedrock_ore_new:405, Crystalline Bedrock Ore, Washed Cleaned Byproduct
hbm:bedrock_ore_base, Raw Bedrock Ore
hbm:bedrock_ore_fragment:600, Coal Bedrock Ore Fragment
hbm:bedrock_ore_fragment:601, Lignite Bedrock Ore Fragment
hbm:bedrock_ore_fragment:1430, Diamond Bedrock Ore Fragment
hbm:bedrock_ore_fragment:2600, Iron Bedrock Ore Fragment
hbm:bedrock_ore_fragment:7900, Gold Bedrock Ore Fragment
hbm:bedrock_ore_fragment:1, Redstone Bedrock Ore Fragment
hbm:bedrock_ore_fragment:2902, Bauxite Bedrock Ore Fragment
hbm:bedrock_ore_fragment:2903, Cryolite Bedrock Ore Fragment
hbm:bedrock_ore_fragment:9200, Uranium Bedrock Ore Fragment
hbm:bedrock_ore_fragment:9238, Uranium-238 Bedrock Ore Fragment
hbm:bedrock_ore_fragment:9032, Thorium-232 Bedrock Ore Fragment
hbm:bedrock_ore_fragment:8410, Polonium-210 Bedrock Ore Fragment
hbm:bedrock_ore_fragment:4399, Technetium-99 Bedrock Ore Fragment
hbm:bedrock_ore_fragment:8826, Radium-226 Bedrock Ore Fragment
hbm:bedrock_ore_fragment:2200, Titanium Bedrock Ore Fragment
hbm:bedrock_ore_fragment:2900, Copper Bedrock Ore Fragment
hbm:bedrock_ore_fragment:7400, Tungsten Bedrock Ore Fragment
hbm:bedrock_ore_fragment:1300, Aluminium Bedrock Ore Fragment
hbm:bedrock_ore_fragment:8200, Lead Bedrock Ore Fragment
hbm:bedrock_ore_fragment:8300, Bismuth Bedrock Ore Fragment
hbm:bedrock_ore_fragment:7300, Tantalum Bedrock Ore Fragment
hbm:bedrock_ore_fragment:6000, Neodymium Bedrock Ore Fragment
hbm:bedrock_ore_fragment:4100, Niobium Bedrock Ore Fragment
hbm:bedrock_ore_fragment:400, Beryllium Bedrock Ore Fragment
hbm:bedrock_ore_fragment:401, Emerald Bedrock Ore Fragment
hbm:bedrock_ore_fragment:2700, Cobalt Bedrock Ore Fragment
hbm:bedrock_ore_fragment:500, Boron Bedrock Ore Fragment
hbm:bedrock_ore_fragment:501, Borax Bedrock Ore Fragment
hbm:bedrock_ore_fragment:5700, Lanthanium Bedrock Ore Fragment
hbm:bedrock_ore_fragment:4000, Zirconium Bedrock Ore Fragment
hbm:bedrock_ore_fragment:1100, Sodium Bedrock Ore Fragment
hbm:bedrock_ore_fragment:1101, Sodalite Bedrock Ore Fragment
hbm:bedrock_ore_fragment:3800, Strontium Bedrock Ore Fragment
hbm:bedrock_ore_fragment:300, Lithium Bedrock Ore Fragment
hbm:bedrock_ore_fragment:1600, Sulfur Bedrock Ore Fragment
hbm:bedrock_ore_fragment:700, Niter Bedrock Ore Fragment
hbm:bedrock_ore_fragment:900, Fluorite Bedrock Ore Fragment
hbm:bedrock_ore_fragment:1500, Red Phosphorus Bedrock Ore Fragment
hbm:bedrock_ore_fragment:1701, Chlorocalcite Bedrock Ore Fragment
hbm:bedrock_ore_fragment:1702, Molysite Bedrock Ore Fragment
hbm:bedrock_ore_fragment:8001, Cinnabar Bedrock Ore Fragment
hbm:bedrock_ore_fragment:1400, Silicon Bedrock Ore Fragment
hbm:bedrock_ore_fragment:1401, Asbestos Bedrock Ore Fragment
hbm:bedrock_ore_fragment:20000, Rare Earth Bedrock Ore Fragment
hbm:chunk_ore:0, Rare Earth Ore Chunk
hbm:chunk_ore:1, Malachite Chunk
hbm:chunk_ore:2, Cryolite Chunk
hbm:chunk_ore:3, Moonstone
hbm:neutron_reflector, Neutron Reflector
hbm:rtg_unit, RTG Unit
hbm:thermo_unit_empty, Thermic Distribution Unit
hbm:thermo_unit_endo, Coldness Distribution Unit
hbm:thermo_unit_exo, Heat Distribution Unit
hbm:levitation_unit, Gravity Manipulator
hbm:magnetron, Magnetron
hbm:pellet_buckshot, Lead Pellets
hbm:pellet_flechette, Flechettes
hbm:pellet_chlorophyte, Chlorophyte Rounds
hbm:pellet_meteorite, Meteorite Rounds
hbm:pellet_canister, Canister Shot
hbm:pellet_claws, Sharp Metal Claws
hbm:pellet_charged, Ionized Particles
hbm:pellet_cluster, Explosive Pellets
hbm:pellet_gas, Poison Gas Cartridge
hbm:coal_infernal, Infernal Coal
hbm:cinnabar, Cinnabar
hbm:powder_ash:0, Wood Ash
hbm:powder_ash:1, Coal Ash
hbm:powder_ash:2, Ash
hbm:powder_ash:3, Fly Ash
hbm:powder_ash:4, Fine Soot
hbm:powder_ash:5, Fullerene
hbm:powder_cement, Cement
hbm:toothpicks, Toothpicks
hbm:ducttape, Duct Tape
hbm:catalyst_clay, Clay Catalyst
hbm:motor, Motor
hbm:motor_desh, Desh Motor
hbm:motor_bismuth, Bismuth Motor
hbm:photo_panel, Photovoltaic Panel
hbm:sat_base, Satellite Base
hbm:thruster_nuclear, LV-N Nuclear Rocket Engine
hbm:safety_fuse, Safety Fuse
hbm:blade_titanium, Titanium Blade
hbm:turbine_titanium, Titanium Steam Turbine
hbm:blade_tungsten, Tungsten Reinforced Blade
hbm:turbine_tungsten, Reinforced Turbofan Blades
hbm:board_copper, Copper Panel
hbm:pipes_steel, Steel Pipes
hbm:drill_titanium, Titanium Drill
hbm:bolt_compound, Reinforced Turbine Shaft
hbm:hazmat_cloth, Hazmat Cloth
hbm:hazmat_cloth_red, Advanced Hazmat Cloth
hbm:hazmat_cloth_grey, Lead-Reinforced Hazmat Cloth
hbm:asbestos_cloth, Fire Proximity Cloth
hbm:rag, Cloth
hbm:rag_damp, Damp Cloth
hbm:rag_piss, Piss-Soaked Rag
hbm:filter_coal, Activated Carbon Filter
hbm:magnet_circular, Flat Magnet
hbm:centrifuge_element, Centrifuge Element
hbm:reactor_core, Breeding Reactor Core
hbm:oil_tar:0, Oil Tar
hbm:oil_tar:1, Crack Oil Tar
hbm:oil_tar:2, Coal Tar
hbm:oil_tar:3, Wood Tar
hbm:oil_tar:4, Chlorinated Petroleum Wax
hbm:oil_tar:5, Paraffin Wax
hbm:solid_fuel, Solid Fuel
hbm:solid_fuel_presto, Presto Log
hbm:solid_fuel_presto_triplet, Boosted Presto Logs
hbm:solid_fuel_bf, Solid Fuel (Balefire)
hbm:solid_fuel_presto_bf, Presto Log (Balefire)
hbm:solid_fuel_presto_triplet_bf, Boosted Presto Logs (Balefire)
hbm:rocket_fuel, Solid Fuel (Rocket Propellant)
hbm:briquette:0, Coal Briquette
hbm:briquette:1, Lignite Briquette
hbm:briquette:2, Sawdust Briquette
hbm:coke:0, Coal Coke
hbm:coke:1, Lignite Coke
hbm:coke:2, Petroleum Coke
hbm:lignite, Lignite
hbm:circuit:0, Vacuum Tube
hbm:circuit:1, Capacitor
hbm:circuit:2, Tantalium Capacitor
hbm:circuit:3, Printed Circuit Board
hbm:circuit:4, Printed Silicon Wafer
hbm:circuit:5, Microchip
hbm:circuit:6, Versatile Integrated Circuit
hbm:circuit:7, Analog Circuit Board
hbm:circuit:8, Integrated Circuit Board
hbm:circuit:9, Military Grade Circuit Board
hbm:circuit:10, Capacitor Board
hbm:circuit:11, Versatile Circuit Board
hbm:circuit:12, Control Unit Casing
hbm:circuit:13, Control Unit
hbm:circuit:14, Advanced Control Unit
hbm:circuit:15, Quantum Processing Unit
hbm:circuit:16, Solid State Quantum Processor
hbm:circuit:17, Quantum Computer
hbm:circuit:18, Atomic Clock
hbm:circuit:19, Incandescent Seven Segment Display
hbm:fragment_neodymium, Neodymium Fragment
hbm:fragment_cobalt, Cobalt Fragment
hbm:fragment_niobium, Niobium Fragment
hbm:fragment_cerium, Cerium Fragment
hbm:fragment_lanthanium, Lanthanium Fragment
hbm:fragment_actinium, Actinium-227 Fragment
hbm:fragment_meteorite, Meteorite Fragment
hbm:fragment_boron, Boron Fragment
hbm:fragment_coltan, Coltan
hbm:demon_core_open, Suspended Demon Core
hbm:demon_core_closed, Closed Demon Core
hbm:bottle_opener, Hbm's Own Self-Made Bottle Opener
hbm:bottle_empty, Empty Bomb-Shaped Bottle
hbm:bottle_nuka, Bottle of Nuka Cola
hbm:bottle_cherry, Bottle of Nuka Cherry
hbm:bottle_quantum, Bottle of Nuka Cola Quantum
hbm:bottle_sparkle, Bottle of S~Cola
hbm:bottle_rad, Bottle of S~Cola RAD
hbm:bottle2_empty, Empty Bottle
hbm:bottle2_korl, Korl
hbm:bottle2_fritz, Fritz Cola
hbm:bottle2_korl_special, The First Korl
hbm:bottle2_fritz_special, The First Fritz Cola
hbm:bottle2_sunset, Sunset Sarsaparilla
hbm:flask_infusion:0, Shield Infusion
hbm:chocolate_milk, Chocolate Milk
hbm:coffee, Coffee
hbm:coffee_radium, Radium Coffee
hbm:chocolate, Ithis-Brand Radium Chocolate
hbm:cap_nuka, Nuka Cola Bottle Cap
hbm:cap_quantum, Nuka Cola Quantum Bottle Cap
hbm:cap_sparkle, S~Cola Bottle Cap
hbm:cap_rad, S~Cola RAD Bottle Cap
hbm:cap_korl, Korl Bottle Cap
hbm:cap_fritz, Fritz Cola Bottle Cap
hbm:cap_sunset, Sunset Sarsaparilla Bottle Cap
hbm:cap_star, Sunset Sarsaparilla Star Cap
hbm:ring_pull, Ring Pull
hbm:bomb_waffle, Waffle of Mass Destruction
hbm:schnitzel_vegan, Vegan Schnitzel
hbm:cotton_candy, Radioactive Cotton Candy
hbm:apple_lead:0, Lead Apple
hbm:apple_lead:1, Lead Apple
hbm:apple_lead:2, Lead Apple
hbm:apple_schrabidium:0, Schrabidium Apple
hbm:apple_schrabidium:1, Schrabidium Apple
hbm:apple_schrabidium:2, Schrabidium Apple
hbm:tem_flakes:0, Tem Flakes
hbm:glowing_stew, Glowing Mushroom Stew
hbm:balefire_scrambled, Scrambled Balefire Egg
hbm:balefire_and_ham, Ham and Balefire Eggs
hbm:lemon, "Lemon"
hbm:definitelyfood, MRE
hbm:med_ipecac, Ipecac Syrup
hbm:med_ptsd, PTSD Medication
hbm:med_schizophrenia, Schizophrenia Medication
hbm:loops, Lööps
hbm:loop_stew, IT Breakfast
hbm:fooditem, food item
hbm:twinkie, Twinkie
hbm:static_sandwich, Sandwich Garnished with TV Static
hbm:canteen_13, Vault 13 Canteen
hbm:canteen_vodka, Stylish Flask
hbm:canteen_fab, Fabulous Vodka
hbm:pancake, Pancake made from Scrap Metal, Nails and Gem Dust
hbm:nugget, Chicken Nugget
hbm:peas, Peas
hbm:marshmallow, Marshmallow on a Stick
hbm:cheese, Cheese
hbm:cheese_quesadilla, Cheese Quesadilla
hbm:mucho_mango, AriZona Mucho Mango
hbm:marshmallow_roasted, Marshmallow on a Stick
hbm:glyphid_meat, Glyphid Meat
hbm:glyphid_meat_grilled, Grilled Glyphid Meat
hbm:egg_glyphid, Glyphid Egg
hbm:spongebob_macaroni, Spongebob Macaroni
hbm:canned_conserve:0, Canned Beef
hbm:canned_conserve:1, Canned Tuna
hbm:canned_conserve:2, Canned Mystery Meat
hbm:canned_conserve:3, Паштет
hbm:canned_conserve:4, Canned Melted Cheese
hbm:canned_conserve:5, FlimFlam Industries Canned Stallion Milk™
hbm:canned_conserve:6, Canned Evaporated Milk
hbm:canned_conserve:7, Canned Ass
hbm:canned_conserve:8, Canned Pepperoni Pizza
hbm:canned_conserve:9, Astronaut Food Tube
hbm:canned_conserve:10, Canned Tomato Soup
hbm:canned_conserve:11, Canned Asbestos
hbm:canned_conserve:12, Canned Black Hole
hbm:canned_conserve:13, Canned Hotdogs
hbm:canned_conserve:14, Leftover Conserve
hbm:canned_conserve:15, Canned Yogurt
hbm:canned_conserve:16, Canned "Mushroom Stew"
hbm:canned_conserve:17, Canned Chinese Food
hbm:canned_conserve:18, Canned Engine Oil
hbm:canned_conserve:19, Canned Fist
hbm:canned_conserve:20, Canned Spam
hbm:canned_conserve:21, Canned Fried Chicken
hbm:canned_conserve:22, Canned Napalm
hbm:canned_conserve:23, Canned Diesel
hbm:canned_conserve:24, Canned Kerosene
hbm:canned_conserve:25, Canned Recursion
hbm:canned_conserve:26, Canned Pine Bark Jerky
hbm:can_key, Winding Key
hbm:coin_maskman, Maskman Coin
hbm:coin_creeper, Nuclear Creeper Coin
hbm:coin_radiation, Radiation Coin
hbm:coin_worm, Balls-O-Tron Coin
hbm:coin_ufo, UFO Coin
hbm:coin_siege:0, Siege Coin
hbm:coin_siege:1, Siege Coin
hbm:coin_siege:2, Siege Coin
hbm:coin_siege:3, Siege Coin
hbm:coin_siege:4, Siege Coin
hbm:coin_siege:5, Siege Coin
hbm:coin_siege:6, Siege Coin
hbm:coin_siege:7, Siege Coin
hbm:coin_siege:8, Siege Coin
hbm:pudding, Pudding
hbm:can_empty, Empty Can
hbm:can_smart, 'Smart' Energy Drink
hbm:can_creature, 'Creature' Energy Drink
hbm:can_redbomb, 'Red Bomb' Energy Drink
hbm:can_mrsugar, 'Dr. Sugar' Soft Drink
hbm:can_overcharge, Overcharge Delirium XT
hbm:can_luna, Black Mesa Luna - Dark Cola
hbm:can_bepis, Bepis
hbm:can_breen, Dr>Breens Private Reserve
hbm:can_mug, MUG Root Beer
hbm:drone:0, Transport Drone
hbm:drone:1, Chunkloading Transport Drone
hbm:drone:2, Express Transport Drone
hbm:drone:3, Chunkloading Express Transport Drone
hbm:drone:4, Logistics Drone
hbm:titanium_sword, Titanium Sword
hbm:titanium_pickaxe, Titanium Pickaxe
hbm:titanium_axe, Titanium Axe
hbm:titanium_shovel, Titanium Shovel
hbm:titanium_hoe, Titanium Hoe
hbm:steel_sword, Steel Sword
hbm:steel_pickaxe, Steel Pickaxe
hbm:steel_axe, Steel Axe
hbm:steel_shovel, Steel Shovel
hbm:steel_hoe, Steel Hoe
hbm:alloy_sword, Advanced Alloy Sword
hbm:alloy_pickaxe, Advanced Alloy Pickaxe
hbm:alloy_axe, Advanced Alloy Axe
hbm:alloy_shovel, Advanced Alloy Shovel
hbm:alloy_hoe, Advanced Alloy Hoe
hbm:elec_sword, Stunstick
hbm:elec_pickaxe, Impact Drill
hbm:elec_axe, Electric Chainsaw
hbm:elec_shovel, Spiral Drill
hbm:desh_sword, Worker's Alloy Sword
hbm:desh_pickaxe, Worker's Alloy Pickaxe
hbm:desh_axe, Worker's Alloy Axe
hbm:desh_shovel, Worker's Alloy Shovel
hbm:desh_hoe, Worker's Alloy Hoe
hbm:cobalt_sword, Cobalt Sword
hbm:cobalt_pickaxe, Cobalt Pickaxe
hbm:cobalt_axe, Cobalt Axe
hbm:cobalt_shovel, Cobalt Shovel
hbm:cobalt_hoe, Cobalt Hoe
hbm:centri_stick, Centrifuge on a Stick
hbm:smashing_hammer, Smashing Hammer
hbm:cobalt_decorated_sword, Decorated Cobalt Sword
hbm:cobalt_decorated_pickaxe, Decorated Cobalt Pickaxe
hbm:cobalt_decorated_axe, Decorated Cobalt Axe
hbm:cobalt_decorated_shovel, Decorated Cobalt Shovel
hbm:cobalt_decorated_hoe, Decorated Cobalt Hoe
hbm:starmetal_sword, Starmetal Sword
hbm:starmetal_pickaxe, Starmetal Pickaxe
hbm:starmetal_axe, Starmetal Axe
hbm:starmetal_shovel, Starmetal Shovel
hbm:starmetal_hoe, Starmetal Hoe
hbm:cmb_sword, CMB Steel Sword
hbm:cmb_pickaxe, CMB Steel Pickaxe
hbm:cmb_axe, CMB Steel Axe
hbm:cmb_shovel, CMB Steel Shovel
hbm:cmb_hoe, CMB Steel Hoe
hbm:bismuth_axe, Bismuth Axe
hbm:bismuth_pickaxe, Bismuth Pickaxe
hbm:volcanic_axe, Molten Axe
hbm:volcanic_pickaxe, Molten Pickaxe
hbm:chlorophyte_axe, Chlorophyte Axe
hbm:chlorophyte_pickaxe, Chlorophyte Pickaxe
hbm:schrabidium_hoe, Schrabidium Hoe
hbm:schrabidium_sword, Schrabidium Sword
hbm:schrabidium_pickaxe, Schrabidium Pickaxe
hbm:schrabidium_axe, Schrabidium Axe
hbm:schrabidium_shovel, Schrabidium Shovel
hbm:crowbar, Mk.V Crate Opening Device "Crowbar"
hbm:weapon_saw, Doctor Assisted Homicide
hbm:weapon_bat, Richard's Default
hbm:weapon_bat_nail, The Cliché
hbm:weapon_golf_club, Russian Mobster's Club
hbm:weapon_pipe_rusty, The Attitude Adjuster
hbm:weapon_pipe_lead, The Manual Override
hbm:reer_graar, The Reer Graar
hbm:stopsign, Stop Sign Battle Axe
hbm:sopsign, Sop Sign Battle Axe
hbm:chernobylsign, Chernobyl Warning Sign Battle Axe
hbm:mask_of_infamy, Mask of Infamy
hbm:meteorite_sword, Meteorite Sword
hbm:meteorite_sword_seared, Meteorite Sword (Seared)
hbm:meteorite_sword_reforged, Meteorite Sword (Reforged)
hbm:meteorite_sword_hardened, Meteorite Sword (Hardened)
hbm:meteorite_sword_alloyed, Meteorite Sword (Alloyed)
hbm:meteorite_sword_machined, Meteorite Sword (Machined)
hbm:meteorite_sword_treated, Meteorite Sword (Treated)
hbm:meteorite_sword_etched, Meteorite Sword (Etched)
hbm:meteorite_sword_bred, Meteorite Sword (Bred)
hbm:meteorite_sword_irradiated, Meteorite Sword (Irradiated)
hbm:meteorite_sword_fused, Meteorite Sword (Fused)
hbm:meteorite_sword_baleful, Meteorite Sword (Baleful)
hbm:plate_iron, Iron Plate
hbm:plate_copper, Copper Plate
hbm:plate_titanium, Titanium Plate
hbm:plate_aluminium, Aluminium Plate
hbm:plate_gold, Gold Plate
hbm:plate_lead, Lead Plate
hbm:plate_steel, Steel Plate
hbm:plate_advanced_alloy, Advanced Alloy Plate
hbm:plate_combine_steel, CMB Steel Plate
hbm:plate_paa, PaA Alloy Plate
hbm:plate_saturnite, Saturnite Plate
hbm:plate_schrabidium, Schrabidium Plate
hbm:plate_dalekanium, Angry Metal
hbm:plate_mixed, Mixed Plate
hbm:plate_kevlar, Kevlar Sheet
hbm:plate_polymer, Insulator
hbm:plate_desh, Desh Compound Plate
hbm:plate_bismuth, Bismuth Compound Plate
hbm:plate_euphemium, Euphemium Compound Plate
hbm:plate_dineutronium, Dineutronium Compound Plate
hbm:plate_armor_titanium, Titanium Armor Plate
hbm:plate_armor_ajr, Iron-Shod Armor Plating
hbm:plate_armor_hev, Reactive Armor Plating
hbm:plate_armor_lunar, Lunar Plating
hbm:plate_armor_fau, Fau Armor Plating
hbm:plate_armor_dnt, DNT Armor Plating
hbm:plate_dura_steel, High-Speed Steel Plate
hbm:plate_gunmetal, Gunmetal Plate
hbm:plate_weaponsteel, Weapon Steel Plate
hbm:blueprint_folder:0, Blueprint Booklet
hbm:blueprint_folder:1, Blueprint Booklet
hbm:template_folder, Machine Template Folder
hbm:journal_pip, Survivalist's Journal
hbm:journal_bj, Whiskey Drenched Notebook
hbm:journal_silver, Contractor's Notes
hbm:bobmazon, Bobmazon
hbm:bobmazon_hidden, Hidden Catalog
hbm:siren_track:1, Siren Track
hbm:siren_track:2, Siren Track
hbm:siren_track:3, Siren Track
hbm:siren_track:4, Siren Track
hbm:siren_track:5, Siren Track
hbm:siren_track:6, Siren Track
hbm:siren_track:7, Siren Track
hbm:siren_track:8, Siren Track
hbm:siren_track:9, Siren Track
hbm:siren_track:10, Siren Track
hbm:siren_track:11, Siren Track
hbm:siren_track:12, Siren Track
hbm:siren_track:13, Siren Track
hbm:siren_track:14, Siren Track
hbm:siren_track:15, Siren Track
hbm:siren_track:16, Siren Track
hbm:siren_track:17, Siren Track
hbm:siren_track:18, Siren Track
hbm:siren_track:19, Siren Track
hbm:siren_track:20, Siren Track
hbm:fluid_identifier_multi, Multi Fluid Identifier
hbm:ff_fluid_duct:152, Fluid Duct: Compressed Air
hbm:ff_fluid_duct:1, Fluid Duct: Water
hbm:ff_fluid_duct:60, Fluid Duct: Heavy Water
hbm:ff_fluid_duct:125, Fluid Duct: Hot Heavy Water
hbm:ff_fluid_duct:7, Fluid Duct: Lava
hbm:ff_fluid_duct:2, Fluid Duct: Steam
hbm:ff_fluid_duct:3, Fluid Duct: Dense Steam
hbm:ff_fluid_duct:4, Fluid Duct: Super Dense Steam
hbm:ff_fluid_duct:5, Fluid Duct: Ultra Dense Steam
hbm:ff_fluid_duct:48, Fluid Duct: Low-Pressure Steam
hbm:ff_fluid_duct:55, Fluid Duct: Carbon Dioxide
hbm:ff_fluid_duct:6, Fluid Duct: Coolant
hbm:ff_fluid_duct:76, Fluid Duct: Hot Coolant
hbm:ff_fluid_duct:145, Fluid Duct: Perfluoromethyl
hbm:ff_fluid_duct:146, Fluid Duct: Cold Perfluoromethyl
hbm:ff_fluid_duct:147, Fluid Duct: Hot Perfluoromethyl
hbm:ff_fluid_duct:37, Fluid Duct: Cryogel
hbm:ff_fluid_duct:77, Fluid Duct: Mug Root Beer
hbm:ff_fluid_duct:78, Fluid Duct: Hot Mug Root Beer
hbm:ff_fluid_duct:84, Fluid Duct: Blood
hbm:ff_fluid_duct:85, Fluid Duct: Hot Blood
hbm:ff_fluid_duct:126, Fluid Duct: Liquid Sodium
hbm:ff_fluid_duct:127, Fluid Duct: Hot Liquid Sodium
hbm:ff_fluid_duct:143, Fluid Duct: Liquid Lead
hbm:ff_fluid_duct:144, Fluid Duct: Hot Liquid Lead
hbm:ff_fluid_duct:128, Fluid Duct: Liquid Thorium Salt
hbm:ff_fluid_duct:129, Fluid Duct: Hot Liquid Thorium Salt
hbm:ff_fluid_duct:130, Fluid Duct: Depleted Liquid Thorium Salt
hbm:ff_fluid_duct:38, Fluid Duct: Liquid Hydrogen
hbm:ff_fluid_duct:8, Fluid Duct: Deuterium
hbm:ff_fluid_duct:9, Fluid Duct: Tritium
hbm:ff_fluid_duct:57, Fluid Duct: Helium-3
hbm:ff_fluid_duct:124, Fluid Duct: Helium-4
hbm:ff_fluid_duct:39, Fluid Duct: Liquid Oxygen
hbm:ff_fluid_duct:40, Fluid Duct: Xenon Gas
hbm:ff_fluid_duct:90, Fluid Duct: Chlorine Gas
hbm:ff_fluid_duct:42, Fluid Duct: Mercury
hbm:ff_fluid_duct:10, Fluid Duct: Crude Oil
hbm:ff_fluid_duct:134, Fluid Duct: Desulfurized Crude Oil
hbm:ff_fluid_duct:61, Fluid Duct: Cracked Oil
hbm:ff_fluid_duct:136, Fluid Duct: Desulfurized Cracked Oil
hbm:ff_fluid_duct:62, Fluid Duct: Coal Oil
hbm:ff_fluid_duct:105, Fluid Duct: Coker Oil
hbm:ff_fluid_duct:11, Fluid Duct: Hot Crude Oil
hbm:ff_fluid_duct:135, Fluid Duct: Desulfurized Hot Crude Oil
hbm:ff_fluid_duct:63, Fluid Duct: Hot Cracked Oil
hbm:ff_fluid_duct:137, Fluid Duct: Desulfurized Hot Cracked Oil
hbm:ff_fluid_duct:12, Fluid Duct: Heavy Oil
hbm:ff_fluid_duct:91, Fluid Duct: Vacuum Heavy Oil
hbm:ff_fluid_duct:19, Fluid Duct: Naphtha
hbm:ff_fluid_duct:138, Fluid Duct: Desulfurized Naphtha
hbm:ff_fluid_duct:64, Fluid Duct: Cracked Naphtha
hbm:ff_fluid_duct:106, Fluid Duct: Coker Naphtha
hbm:ff_fluid_duct:92, Fluid Duct: Reformate
hbm:ff_fluid_duct:21, Fluid Duct: Light Oil
hbm:ff_fluid_duct:139, Fluid Duct: Desulfurized Light Oil
hbm:ff_fluid_duct:65, Fluid Duct: Cracked Light Oil
hbm:ff_fluid_duct:93, Fluid Duct: Vacuum Light Oil
hbm:ff_fluid_duct:13, Fluid Duct: Bitumen
hbm:ff_fluid_duct:14, Fluid Duct: Industrial Oil
hbm:ff_fluid_duct:15, Fluid Duct: Heating Oil
hbm:ff_fluid_duct:96, Fluid Duct: Heavy Heating Oil
hbm:ff_fluid_duct:16, Fluid Duct: Reclaimed Industrial Oil
hbm:ff_fluid_duct:18, Fluid Duct: Engine Lubricant
hbm:ff_fluid_duct:23, Fluid Duct: Natural Gas
hbm:ff_fluid_duct:107, Fluid Duct: Coker Gas
hbm:ff_fluid_duct:24, Fluid Duct: Petroleum Gas
hbm:ff_fluid_duct:94, Fluid Duct: Sour Gas
hbm:ff_fluid_duct:25, Fluid Duct: LPG
hbm:ff_fluid_duct:86, Fluid Duct: Syngas
hbm:ff_fluid_duct:87, Fluid Duct: Oxyhydrogen
hbm:ff_fluid_duct:67, Fluid Duct: Aromatic Hydrocarbons
hbm:ff_fluid_duct:68, Fluid Duct: Unsaturated Hydrocarbons
hbm:ff_fluid_duct:95, Fluid Duct: BTX
hbm:ff_fluid_duct:100, Fluid Duct: Reformate Gas
hbm:ff_fluid_duct:20, Fluid Duct: Diesel
hbm:ff_fluid_duct:97, Fluid Duct: High-Cetane Diesel
hbm:ff_fluid_duct:66, Fluid Duct: Cracked Diesel
hbm:ff_fluid_duct:98, Fluid Duct: High-Cetane Cracked Diesel
hbm:ff_fluid_duct:22, Fluid Duct: Kerosene
hbm:ff_fluid_duct:99, Fluid Duct: Jet Fuel
hbm:ff_fluid_duct:17, Fluid Duct: Petroil
hbm:ff_fluid_duct:72, Fluid Duct: Leaded Petroil
hbm:ff_fluid_duct:46, Fluid Duct: Gasoline
hbm:ff_fluid_duct:73, Fluid Duct: Leaded Gasoline
hbm:ff_fluid_duct:47, Fluid Duct: Coal Gasoline
hbm:ff_fluid_duct:74, Fluid Duct: Leaded Coal Gasoline
hbm:ff_fluid_duct:80, Fluid Duct: Coal Tar Creosote
hbm:ff_fluid_duct:79, Fluid Duct: Wood Oil
hbm:ff_fluid_duct:26, Fluid Duct: Biogas
hbm:ff_fluid_duct:27, Fluid Duct: Biofuel
hbm:ff_fluid_duct:59, Fluid Duct: Ethanol
hbm:ff_fluid_duct:111, Fluid Duct: Fish Oil
hbm:ff_fluid_duct:112, Fluid Duct: Sunflower Seed Oil
hbm:ff_fluid_duct:28, Fluid Duct: NITAN© 100 Octane Super Fuel
hbm:ff_fluid_duct:154, Fluid Duct: Deuterated Hydrocarbon
hbm:ff_fluid_duct:41, Fluid Duct: BF Rocket Fuel
hbm:ff_fluid_duct:69, Fluid Duct: Salient Green
hbm:ff_fluid_duct:81, Fluid Duct: Seeding Slurry
hbm:ff_fluid_duct:101, Fluid Duct: Colloid
hbm:ff_fluid_duct:141, Fluid Duct: Vitriol
hbm:ff_fluid_duct:142, Fluid Duct: Ore Slop
hbm:ff_fluid_duct:104, Fluid Duct: Ionic Gel
hbm:ff_fluid_duct:35, Fluid Duct: Hydrogen Peroxide
hbm:ff_fluid_duct:75, Fluid Duct: Sulfuric Acid
hbm:ff_fluid_duct:82, Fluid Duct: Nitric Acid
hbm:ff_fluid_duct:83, Fluid Duct: Solvent
hbm:ff_fluid_duct:88, Fluid Duct: High-Performance Solvent
hbm:ff_fluid_duct:32, Fluid Duct: Schrabidic Acid
hbm:ff_fluid_duct:29, Fluid Duct: Uranium Hexafluoride
hbm:ff_fluid_duct:30, Fluid Duct: Plutonium Hexafluoride
hbm:ff_fluid_duct:31, Fluid Duct: Schrabidium Trisulfide
hbm:ff_fluid_duct:43, Fluid Duct: Pandemonium(III)tantalite Solution
hbm:ff_fluid_duct:58, Fluid Duct: Osmiridic Solution
hbm:ff_fluid_duct:36, Fluid Duct: Poisonous Mud
hbm:ff_fluid_duct:114, Fluid Duct: Red Mud
hbm:ff_fluid_duct:131, Fluid Duct: Fullerene Solution
hbm:ff_fluid_duct:108, Fluid Duct: Dissolved Egg
hbm:ff_fluid_duct:109, Fluid Duct: Cholesterol Solution
hbm:ff_fluid_duct:115, Fluid Duct: Chlorocalcite Solution
hbm:ff_fluid_duct:116, Fluid Duct: Mixed Chlorocalcite Solution
hbm:ff_fluid_duct:117, Fluid Duct: Cleaned Chlorocalcite Solution
hbm:ff_fluid_duct:118, Fluid Duct: Potassiumchloride Solution
hbm:ff_fluid_duct:119, Fluid Duct: Calciumchloride Solution
hbm:ff_fluid_duct:120, Fluid Duct: Calcium Solution
hbm:ff_fluid_duct:149, Fluid Duct: Sodium Aluminate
hbm:ff_fluid_duct:150, Fluid Duct: Bauxite Solution
hbm:ff_fluid_duct:151, Fluid Duct: Alumina
hbm:ff_fluid_duct:153, Fluid Duct: Liquid Concrete
hbm:ff_fluid_duct:49, Fluid Duct: Fracking Solution
hbm:ff_fluid_duct:148, Fluid Duct: Lye
hbm:ff_fluid_duct:102, Fluid Duct: Phosgene
hbm:ff_fluid_duct:103, Fluid Duct: Mustard Gas
hbm:ff_fluid_duct:110, Fluid Duct: Estradiol Solution
hbm:ff_fluid_duct:113, Fluid Duct: Nitroglycerin
hbm:ff_fluid_duct:33, Fluid Duct: Antimatter
hbm:ff_fluid_duct:34, Fluid Duct: Antischrabidium
hbm:ff_fluid_duct:44, Fluid Duct: Liquid Nuclear Waste
hbm:ff_fluid_duct:45, Fluid Duct: Gaseous Nuclear Waste
hbm:ff_fluid_duct:70, Fluid Duct: Experience Juice
hbm:ff_fluid_duct:71, Fluid Duct: Ender Juice
hbm:ff_fluid_duct:140, Fluid Duct: Stellar Flux
hbm:ff_fluid_duct:132, Fluid Duct: Booster Pheromone
hbm:ff_fluid_duct:133, Fluid Duct: Modified Booster Pheromone
hbm:ff_fluid_duct:89, Fluid Duct: Hydrazine
hbm:ff_fluid_duct:1000, Fluid Duct: Custom Fluid Demo
hbm:mese_gavel, Mese Gavel
hbm:mese_pickaxe, Mese Pickaxe
hbm:mese_axe, Mese Axe
hbm:dnt_sword, dinuatureum sword
hbm:dwarven_pickaxe, Dwarven Pickaxe
hbm:crystal_coal, Coal Crystals
hbm:crystal_iron, Iron Crystals
hbm:crystal_gold, Gold Crystals
hbm:crystal_redstone, Redstone Crystals
hbm:crystal_lapis, Lapis Crystals
hbm:crystal_diamond, Diamond Crystals
hbm:crystal_uranium, Uranium Crystals
hbm:crystal_thorium, Thorium Crystals
hbm:crystal_plutonium, Plutonium Crystals
hbm:crystal_titanium, Titanium Crystals
hbm:crystal_sulfur, Sulfur Crystals
hbm:crystal_niter, Niter Crystals
hbm:crystal_copper, Copper Crystals
hbm:crystal_tungsten, Tungsten Crystals
hbm:crystal_aluminium, Aluminium Crystals
hbm:crystal_fluorite, Fluorite Crystals
hbm:crystal_beryllium, Beryllium Crystals
hbm:crystal_lead, Lead Crystals
hbm:crystal_asbestos, Asbestos Crystals
hbm:crystal_schraranium, Schraranium Crystals
hbm:crystal_schrabidium, Schrabidium Crystals
hbm:crystal_rare, Rare Earth Crystals
hbm:crystal_phosphorus, Phosphorus Crystals
hbm:crystal_lithium, Lithium Crystals
hbm:crystal_cinnabar, Cinnabar Crystals
hbm:crystal_cobalt, Cobalt Crystals
hbm:crystal_starmetal, Starmetal Crystals
hbm:crystal_trixite, Trixite Crystals
hbm:crystal_osmiridium, Osmiridium Crystals
hbm:gem_tantalium, Tantalium Polycrystal
hbm:gem_volcanic, Volcanic Gem
hbm:gem_sodalite, Sodalite
hbm:gem_rad, Radioactive Gem
hbm:gem_alexandrite, Alexandrite
hbm:upgrade_muffler, Muffler
hbm:upgrade_template, Machine Upgrade Template
hbm:deuterium_filter, Deuterium Filter
hbm:parts_legendary:0, Legendary Parts
hbm:parts_legendary:1, Legendary Parts
hbm:parts_legendary:2, Legendary Parts
hbm:sawblade, Sawblade
hbm:gear_large:0, Large Gear
hbm:gear_large:1, Large Steel Gear
hbm:crt_display,  Cathode Ray Tube
hbm:circuit_star_piece:0, SC - Printed Circuit Board
hbm:circuit_star_piece:1, SC - Transistors
hbm:circuit_star_piece:2, SC - Voltage Converter
hbm:circuit_star_piece:3, SC - North Bridge
hbm:circuit_star_piece:4, SC - South Bridge
hbm:circuit_star_piece:5, SC - IO Chip
hbm:circuit_star_piece:6, SC - BUS
hbm:circuit_star_piece:7, SC - Chipset
hbm:circuit_star_piece:8, SC - CMOS RAM
hbm:circuit_star_piece:9, SC- BIOS Chip
hbm:circuit_star_piece:10, SC - CPU Register
hbm:circuit_star_piece:11, SC - CPU Clock
hbm:circuit_star_piece:12, SC - Arithmetic Logic Unit
hbm:circuit_star_piece:13, SC - CPU Cache
hbm:circuit_star_piece:14, SC - Arsenic Semi Conductor Extension
hbm:circuit_star_piece:15, SC - CPU Socket
hbm:circuit_star_piece:16, SC - Memory Socket
hbm:circuit_star_piece:17, SC - 16k Memory Stick Slot A
hbm:circuit_star_piece:18, SC - 16k Memory Stick Slot B
hbm:circuit_star_piece:19, SC - 16k Memory Stick Slot C
hbm:circuit_star_piece:20, SC - 16k Memory Stick Slot D
hbm:circuit_star_piece:21, SC - Extension Card Board
hbm:circuit_star_piece:22, SC - Extension Card Processor
hbm:circuit_star_component:0, StarControl Chipset
hbm:circuit_star_component:1, StarControl CPU
hbm:circuit_star_component:2, StarControl RAM
hbm:circuit_star_component:3, StarControl Extension Card
hbm:circuit_star, StarControl Circuit Board
hbm:mechanism_revolver_1, Revolver Mechanism
hbm:mechanism_revolver_2, Advanced Revolver Mechanism
hbm:mechanism_rifle_1, Rifle Mechanism
hbm:mechanism_rifle_2, Advanced Rifle Mechanism
hbm:mechanism_launcher_1, Launcher Mechanism
hbm:mechanism_launcher_2, Advanced Launcher Mechanism
hbm:mechanism_special, High-Tech Weapon Mechanism
hbm:primer_357, .357 Magnum Primer (x24)
hbm:primer_44, .44 Magnum Primer (x24)
hbm:primer_9, Small Caliber Primer (x32)
hbm:primer_50, Large Caliber Primer (x12)
hbm:primer_buckshot, Buckshot Primer (x12)
hbm:casing_357, .357 Magnum Casings
hbm:casing_44, .44 Magnum Casings
hbm:casing_9, Small Caliber Casings
hbm:casing_50, Large Caliber Casings
hbm:casing_buckshot, Buckshot Casing
hbm:coil_advanced_alloy, Super Conducting Coil
hbm:coil_advanced_torus, Super Conducting Ring Coil
hbm:coil_gold, Gold Coil
hbm:coil_gold_torus, Golden Ring Coil
hbm:coil_tungsten, Heating Coil
hbm:coil_copper, Copper Coil
hbm:coil_copper_torus, Ring Coil
hbm:coil_magnetized_tungsten, 4000K High Temperature Super Conducting Coil
hbm:assembly_nuke, Mini Nuke Shell
hbm:ammo_shell:0, 240mm Shell
hbm:ammo_shell:1, 240mm HE Shell
hbm:ammo_shell:2, 240mm APFSDS-T
hbm:ammo_shell:3, 240mm APFSDS-DU
hbm:ammo_shell:4, 240mm W9 Nuclear Shell
hbm:ammo_dgk, Goalkeeper Twin CIWS 200 Round Belt
hbm:ammo_fireext:0, Fire Extinguisher Water Tank
hbm:ammo_fireext:1, Fire Extinguisher Foam Tank
hbm:ammo_fireext:2, Fire Extinguisher Sand Tank
hbm:ammo_misc:0, Goalkeeper Twin CIWS 200 Round Belt
hbm:ammo_arty:0, 16" Artillery Shell
hbm:ammo_arty:1, 16" Artillery Shell (The Factorio Special)
hbm:ammo_arty:2, 16" High Explosive Artillery Shell
hbm:ammo_arty:3, 16" Micro Nuclear Artillery Shell
hbm:ammo_arty:4, 16" Nuclear Artillery Shell
hbm:ammo_arty:5, 16" Phosphorus Shell
hbm:ammo_arty:6, 16" Multi Micro Nuclear Artillery Shell
hbm:ammo_arty:7, 16" Multi Phosphorus Shell
hbm:ammo_arty:8, 16" Express Delivery Artillery Shell
hbm:ammo_arty:9, 16" Chlorine Gas Artillery Shell
hbm:ammo_arty:10, 16" Phosgene Artillery Shell
hbm:ammo_arty:11, 16" Mustard Gas Artillery Shell
hbm:ammo_himars:0, 227mm Guided Artillery Rocket Pod
hbm:ammo_himars:1, 227mm Guided Artillery Rocket Pod (HE)
hbm:ammo_himars:2, 227mm Guided Artillery Rocket Pod (WP)
hbm:ammo_himars:3, 227mm Guided Artillery Rocket Pod (Thermobaric)
hbm:ammo_himars:4, 227mm Guided Artillery Rocket Pod (Lava)
hbm:ammo_himars:5, 227mm Guided Artillery Rocket Pod (Mini Nuke)
hbm:ammo_himars:6, 610mm Guided Artillery Rocket Pod
hbm:ammo_himars:7, 610mm Guided Artillery Rocket Pod (Thermobaric)
hbm:gun_b92_ammo, §9B92 Energy Cell§r
hbm:charge_railgun, Deuterium Plasma Capsule
hbm:ammo_container:0, Ammo Container
hbm:ammo_container:1, Ammo Container
hbm:grenade_shell:0, Compact Grenade Shell
hbm:grenade_shell:1, Stick Grenade Shell
hbm:grenade_shell:2, High-Tech Grenade Shell
hbm:grenade_shell:3, Nuclear Grenade Shell
hbm:grenade_filling:0, Gunpowder Grenade Charge
hbm:grenade_filling:1, High-Explosive Grenade Charge
hbm:grenade_filling:2, Demolition Grenade Charge
hbm:grenade_filling:3, Incendiary Grenade Charge
hbm:grenade_filling:4, White Phosphorus Grenade Charge
hbm:grenade_filling:5, Cluster Grenade Charge
hbm:grenade_filling:6, EMP Grenade Charge
hbm:grenade_filling:7, Plasma Grenade Charge
hbm:grenade_filling:8, Laser Grenade Charge
hbm:grenade_filling:9, Heavy Cluster Grenade Charge
hbm:grenade_filling:10, Nuclear Grenade Charge
hbm:grenade_filling:11, Nuclear Demolition Grenade Charge
hbm:grenade_filling:12, Schrabidium Grenade Charge
hbm:grenade_fuze:0, Timed Grenade Fuze, 3s
hbm:grenade_fuze:1, Timed Grenade Fuze, 7s
hbm:grenade_fuze:2, Timed Grenade Fuze, 15s
hbm:grenade_fuze:3, Impact Grenade Fuze
hbm:grenade_fuze:4, Airburst Grenade Fuze
hbm:grenade_extra:0, Grenade Extra - Glue
hbm:grenade_extra:1, Grenade Extra - Proximity Fuze
hbm:grenade_extra:2, Grenade Extra - Fragmentation Sleeve
hbm:grenade_extra:3, Grenade Extra - Triplex
hbm:grenade_universal, Grenade
hbm:weaponized_starblaster_cell, §cRigged Star Blaster Energy Cell§r
hbm:turret_chip, Turret AI-Chip
hbm:turret_biometry, Turret Telemetry Card
hbm:designator_arty_range, Long Range Artillery Remote
hbm:book_guide_book:1, Guide Book
hbm:book_guide_book:2, Guide Book
hbm:book_guide_book:3, Guide Book
hbm:book_guide_book:4, Guide Book
hbm:book_lore, item.book_lore.name
hbm:rune_blank, Blank Catalyst Matrix
hbm:rune_isa, Cool Catalyst Matrix
hbm:rune_dagaz, Balanced Catalyst Matrix
hbm:rune_hagalaz, Rough Catalyst Matrix
hbm:rune_jera, Multiplicative Catalyst Matrix
hbm:rune_thurisaz, Additive Catalyst Matrix
hbm:rbmk_lid, RBMK Cover Panel
hbm:rbmk_lid_glass, RBMK Glass Cover Panel
hbm:debris_graphite, Hot Graphite Chunk
hbm:debris_metal, Broken Metal Bar
hbm:debris_fuel, RBMK Fuel Chunk
hbm:debris_concrete, Broken Concrete
hbm:debris_shrapnel, Walkway Shrapnel
hbm:debris_exchanger, Heat Exchanger Piece
hbm:debris_element, Broken ZIRNOX Fuel Element
hbm:rbmk_pellet_zfb_bismuth:0, Bismuth ZFB Pellet
hbm:rbmk_pellet_zfb_bismuth:1, Bismuth ZFB Pellet
hbm:rbmk_pellet_zfb_bismuth:2, Bismuth ZFB Pellet
hbm:rbmk_pellet_zfb_bismuth:3, Bismuth ZFB Pellet
hbm:rbmk_pellet_zfb_bismuth:4, Bismuth ZFB Pellet
hbm:rbmk_pellet_zfb_bismuth:5, Bismuth ZFB Pellet
hbm:rbmk_pellet_zfb_bismuth:6, Bismuth ZFB Pellet
hbm:rbmk_pellet_zfb_bismuth:7, Bismuth ZFB Pellet
hbm:rbmk_pellet_zfb_bismuth:8, Bismuth ZFB Pellet
hbm:rbmk_pellet_zfb_bismuth:9, Bismuth ZFB Pellet
hbm:rbmk_pellet_zfb_pu241:0, Pu-241 ZFB Pellet
hbm:rbmk_pellet_zfb_pu241:1, Pu-241 ZFB Pellet
hbm:rbmk_pellet_zfb_pu241:2, Pu-241 ZFB Pellet
hbm:rbmk_pellet_zfb_pu241:3, Pu-241 ZFB Pellet
hbm:rbmk_pellet_zfb_pu241:4, Pu-241 ZFB Pellet
hbm:rbmk_pellet_zfb_pu241:5, Pu-241 ZFB Pellet
hbm:rbmk_pellet_zfb_pu241:6, Pu-241 ZFB Pellet
hbm:rbmk_pellet_zfb_pu241:7, Pu-241 ZFB Pellet
hbm:rbmk_pellet_zfb_pu241:8, Pu-241 ZFB Pellet
hbm:rbmk_pellet_zfb_pu241:9, Pu-241 ZFB Pellet
hbm:rbmk_pellet_zfb_am_mix:0, Fuel Grade Americium ZFB Pellet
hbm:rbmk_pellet_zfb_am_mix:1, Fuel Grade Americium ZFB Pellet
hbm:rbmk_pellet_zfb_am_mix:2, Fuel Grade Americium ZFB Pellet
hbm:rbmk_pellet_zfb_am_mix:3, Fuel Grade Americium ZFB Pellet
hbm:rbmk_pellet_zfb_am_mix:4, Fuel Grade Americium ZFB Pellet
hbm:rbmk_pellet_zfb_am_mix:5, Fuel Grade Americium ZFB Pellet
hbm:rbmk_pellet_zfb_am_mix:6, Fuel Grade Americium ZFB Pellet
hbm:rbmk_pellet_zfb_am_mix:7, Fuel Grade Americium ZFB Pellet
hbm:rbmk_pellet_zfb_am_mix:8, Fuel Grade Americium ZFB Pellet
hbm:rbmk_pellet_zfb_am_mix:9, Fuel Grade Americium ZFB Pellet
hbm:rbmk_pellet_ueu:0, NU Fuel Pellet
hbm:rbmk_pellet_ueu:1, NU Fuel Pellet
hbm:rbmk_pellet_ueu:2, NU Fuel Pellet
hbm:rbmk_pellet_ueu:3, NU Fuel Pellet
hbm:rbmk_pellet_ueu:4, NU Fuel Pellet
hbm:rbmk_pellet_ueu:5, NU Fuel Pellet
hbm:rbmk_pellet_ueu:6, NU Fuel Pellet
hbm:rbmk_pellet_ueu:7, NU Fuel Pellet
hbm:rbmk_pellet_ueu:8, NU Fuel Pellet
hbm:rbmk_pellet_ueu:9, NU Fuel Pellet
hbm:rbmk_pellet_meu:0, MEU Fuel Pellet
hbm:rbmk_pellet_meu:1, MEU Fuel Pellet
hbm:rbmk_pellet_meu:2, MEU Fuel Pellet
hbm:rbmk_pellet_meu:3, MEU Fuel Pellet
hbm:rbmk_pellet_meu:4, MEU Fuel Pellet
hbm:rbmk_pellet_meu:5, MEU Fuel Pellet
hbm:rbmk_pellet_meu:6, MEU Fuel Pellet
hbm:rbmk_pellet_meu:7, MEU Fuel Pellet
hbm:rbmk_pellet_meu:8, MEU Fuel Pellet
hbm:rbmk_pellet_meu:9, MEU Fuel Pellet
hbm:rbmk_pellet_heu233:0, HEU-233 Fuel Pellet
hbm:rbmk_pellet_heu233:1, HEU-233 Fuel Pellet
hbm:rbmk_pellet_heu233:2, HEU-233 Fuel Pellet
hbm:rbmk_pellet_heu233:3, HEU-233 Fuel Pellet
hbm:rbmk_pellet_heu233:4, HEU-233 Fuel Pellet
hbm:rbmk_pellet_heu233:5, HEU-233 Fuel Pellet
hbm:rbmk_pellet_heu233:6, HEU-233 Fuel Pellet
hbm:rbmk_pellet_heu233:7, HEU-233 Fuel Pellet
hbm:rbmk_pellet_heu233:8, HEU-233 Fuel Pellet
hbm:rbmk_pellet_heu233:9, HEU-233 Fuel Pellet
hbm:rbmk_pellet_heu235:0, HEU-235 Fuel Pellet
hbm:rbmk_pellet_heu235:1, HEU-235 Fuel Pellet
hbm:rbmk_pellet_heu235:2, HEU-235 Fuel Pellet
hbm:rbmk_pellet_heu235:3, HEU-235 Fuel Pellet
hbm:rbmk_pellet_heu235:4, HEU-235 Fuel Pellet
hbm:rbmk_pellet_heu235:5, HEU-235 Fuel Pellet
hbm:rbmk_pellet_heu235:6, HEU-235 Fuel Pellet
hbm:rbmk_pellet_heu235:7, HEU-235 Fuel Pellet
hbm:rbmk_pellet_heu235:8, HEU-235 Fuel Pellet
hbm:rbmk_pellet_heu235:9, HEU-235 Fuel Pellet
hbm:rbmk_pellet_uzh:0, UZrH Fuel Pellet
hbm:rbmk_pellet_uzh:1, UZrH Fuel Pellet
hbm:rbmk_pellet_uzh:2, UZrH Fuel Pellet
hbm:rbmk_pellet_uzh:3, UZrH Fuel Pellet
hbm:rbmk_pellet_uzh:4, UZrH Fuel Pellet
hbm:rbmk_pellet_uzh:5, UZrH Fuel Pellet
hbm:rbmk_pellet_uzh:6, UZrH Fuel Pellet
hbm:rbmk_pellet_uzh:7, UZrH Fuel Pellet
hbm:rbmk_pellet_uzh:8, UZrH Fuel Pellet
hbm:rbmk_pellet_uzh:9, UZrH Fuel Pellet
hbm:rbmk_pellet_thmeu:0, ThMEU Fuel Pellet
hbm:rbmk_pellet_thmeu:1, ThMEU Fuel Pellet
hbm:rbmk_pellet_thmeu:2, ThMEU Fuel Pellet
hbm:rbmk_pellet_thmeu:3, ThMEU Fuel Pellet
hbm:rbmk_pellet_thmeu:4, ThMEU Fuel Pellet
hbm:rbmk_pellet_thmeu:5, ThMEU Fuel Pellet
hbm:rbmk_pellet_thmeu:6, ThMEU Fuel Pellet
hbm:rbmk_pellet_thmeu:7, ThMEU Fuel Pellet
hbm:rbmk_pellet_thmeu:8, ThMEU Fuel Pellet
hbm:rbmk_pellet_thmeu:9, ThMEU Fuel Pellet
hbm:rbmk_pellet_lep:0, LEP Fuel Pellet
hbm:rbmk_pellet_lep:1, LEP Fuel Pellet
hbm:rbmk_pellet_lep:2, LEP Fuel Pellet
hbm:rbmk_pellet_lep:3, LEP Fuel Pellet
hbm:rbmk_pellet_lep:4, LEP Fuel Pellet
hbm:rbmk_pellet_lep:5, LEP Fuel Pellet
hbm:rbmk_pellet_lep:6, LEP Fuel Pellet
hbm:rbmk_pellet_lep:7, LEP Fuel Pellet
hbm:rbmk_pellet_lep:8, LEP Fuel Pellet
hbm:rbmk_pellet_lep:9, LEP Fuel Pellet
hbm:rbmk_pellet_mep:0, MEP Fuel Pellet
hbm:rbmk_pellet_mep:1, MEP Fuel Pellet
hbm:rbmk_pellet_mep:2, MEP Fuel Pellet
hbm:rbmk_pellet_mep:3, MEP Fuel Pellet
hbm:rbmk_pellet_mep:4, MEP Fuel Pellet
hbm:rbmk_pellet_mep:5, MEP Fuel Pellet
hbm:rbmk_pellet_mep:6, MEP Fuel Pellet
hbm:rbmk_pellet_mep:7, MEP Fuel Pellet
hbm:rbmk_pellet_mep:8, MEP Fuel Pellet
hbm:rbmk_pellet_mep:9, MEP Fuel Pellet
hbm:rbmk_pellet_hep239:0, HEP-239 Fuel Pellet
hbm:rbmk_pellet_hep239:1, HEP-239 Fuel Pellet
hbm:rbmk_pellet_hep239:2, HEP-239 Fuel Pellet
hbm:rbmk_pellet_hep239:3, HEP-239 Fuel Pellet
hbm:rbmk_pellet_hep239:4, HEP-239 Fuel Pellet
hbm:rbmk_pellet_hep239:5, HEP-239 Fuel Pellet
hbm:rbmk_pellet_hep239:6, HEP-239 Fuel Pellet
hbm:rbmk_pellet_hep239:7, HEP-239 Fuel Pellet
hbm:rbmk_pellet_hep239:8, HEP-239 Fuel Pellet
hbm:rbmk_pellet_hep239:9, HEP-239 Fuel Pellet
hbm:rbmk_pellet_hep241:0, HEP-241 Fuel Pellet
hbm:rbmk_pellet_hep241:1, HEP-241 Fuel Pellet
hbm:rbmk_pellet_hep241:2, HEP-241 Fuel Pellet
hbm:rbmk_pellet_hep241:3, HEP-241 Fuel Pellet
hbm:rbmk_pellet_hep241:4, HEP-241 Fuel Pellet
hbm:rbmk_pellet_hep241:5, HEP-241 Fuel Pellet
hbm:rbmk_pellet_hep241:6, HEP-241 Fuel Pellet
hbm:rbmk_pellet_hep241:7, HEP-241 Fuel Pellet
hbm:rbmk_pellet_hep241:8, HEP-241 Fuel Pellet
hbm:rbmk_pellet_hep241:9, HEP-241 Fuel Pellet
hbm:rbmk_pellet_lea:0, LEA Fuel Pellet
hbm:rbmk_pellet_lea:1, LEA Fuel Pellet
hbm:rbmk_pellet_lea:2, LEA Fuel Pellet
hbm:rbmk_pellet_lea:3, LEA Fuel Pellet
hbm:rbmk_pellet_lea:4, LEA Fuel Pellet
hbm:rbmk_pellet_lea:5, LEA Fuel Pellet
hbm:rbmk_pellet_lea:6, LEA Fuel Pellet
hbm:rbmk_pellet_lea:7, LEA Fuel Pellet
hbm:rbmk_pellet_lea:8, LEA Fuel Pellet
hbm:rbmk_pellet_lea:9, LEA Fuel Pellet
hbm:rbmk_pellet_mea:0, MEA Fuel Pellet
hbm:rbmk_pellet_mea:1, MEA Fuel Pellet
hbm:rbmk_pellet_mea:2, MEA Fuel Pellet
hbm:rbmk_pellet_mea:3, MEA Fuel Pellet
hbm:rbmk_pellet_mea:4, MEA Fuel Pellet
hbm:rbmk_pellet_mea:5, MEA Fuel Pellet
hbm:rbmk_pellet_mea:6, MEA Fuel Pellet
hbm:rbmk_pellet_mea:7, MEA Fuel Pellet
hbm:rbmk_pellet_mea:8, MEA Fuel Pellet
hbm:rbmk_pellet_mea:9, MEA Fuel Pellet
hbm:rbmk_pellet_hea241:0, HEA-241 Fuel Pellet
hbm:rbmk_pellet_hea241:1, HEA-241 Fuel Pellet
hbm:rbmk_pellet_hea241:2, HEA-241 Fuel Pellet
hbm:rbmk_pellet_hea241:3, HEA-241 Fuel Pellet
hbm:rbmk_pellet_hea241:4, HEA-241 Fuel Pellet
hbm:rbmk_pellet_hea241:5, HEA-241 Fuel Pellet
hbm:rbmk_pellet_hea241:6, HEA-241 Fuel Pellet
hbm:rbmk_pellet_hea241:7, HEA-241 Fuel Pellet
hbm:rbmk_pellet_hea241:8, HEA-241 Fuel Pellet
hbm:rbmk_pellet_hea241:9, HEA-241 Fuel Pellet
hbm:rbmk_pellet_hea242:0, HEA-242 Fuel Pellet
hbm:rbmk_pellet_hea242:1, HEA-242 Fuel Pellet
hbm:rbmk_pellet_hea242:2, HEA-242 Fuel Pellet
hbm:rbmk_pellet_hea242:3, HEA-242 Fuel Pellet
hbm:rbmk_pellet_hea242:4, HEA-242 Fuel Pellet
hbm:rbmk_pellet_hea242:5, HEA-242 Fuel Pellet
hbm:rbmk_pellet_hea242:6, HEA-242 Fuel Pellet
hbm:rbmk_pellet_hea242:7, HEA-242 Fuel Pellet
hbm:rbmk_pellet_hea242:8, HEA-242 Fuel Pellet
hbm:rbmk_pellet_hea242:9, HEA-242 Fuel Pellet
hbm:rbmk_pellet_men:0, MEN Fuel Pellet
hbm:rbmk_pellet_men:1, MEN Fuel Pellet
hbm:rbmk_pellet_men:2, MEN Fuel Pellet
hbm:rbmk_pellet_men:3, MEN Fuel Pellet
hbm:rbmk_pellet_men:4, MEN Fuel Pellet
hbm:rbmk_pellet_men:5, MEN Fuel Pellet
hbm:rbmk_pellet_men:6, MEN Fuel Pellet
hbm:rbmk_pellet_men:7, MEN Fuel Pellet
hbm:rbmk_pellet_men:8, MEN Fuel Pellet
hbm:rbmk_pellet_men:9, MEN Fuel Pellet
hbm:rbmk_pellet_hen:0, HEN Fuel Pellet
hbm:rbmk_pellet_hen:1, HEN Fuel Pellet
hbm:rbmk_pellet_hen:2, HEN Fuel Pellet
hbm:rbmk_pellet_hen:3, HEN Fuel Pellet
hbm:rbmk_pellet_hen:4, HEN Fuel Pellet
hbm:rbmk_pellet_hen:5, HEN Fuel Pellet
hbm:rbmk_pellet_hen:6, HEN Fuel Pellet
hbm:rbmk_pellet_hen:7, HEN Fuel Pellet
hbm:rbmk_pellet_hen:8, HEN Fuel Pellet
hbm:rbmk_pellet_hen:9, HEN Fuel Pellet
hbm:rbmk_pellet_mox:0, MOX Fuel Pellet
hbm:rbmk_pellet_mox:1, MOX Fuel Pellet
hbm:rbmk_pellet_mox:2, MOX Fuel Pellet
hbm:rbmk_pellet_mox:3, MOX Fuel Pellet
hbm:rbmk_pellet_mox:4, MOX Fuel Pellet
hbm:rbmk_pellet_mox:5, MOX Fuel Pellet
hbm:rbmk_pellet_mox:6, MOX Fuel Pellet
hbm:rbmk_pellet_mox:7, MOX Fuel Pellet
hbm:rbmk_pellet_mox:8, MOX Fuel Pellet
hbm:rbmk_pellet_mox:9, MOX Fuel Pellet
hbm:rbmk_pellet_les:0, LES Fuel Pellet
hbm:rbmk_pellet_les:1, LES Fuel Pellet
hbm:rbmk_pellet_les:2, LES Fuel Pellet
hbm:rbmk_pellet_les:3, LES Fuel Pellet
hbm:rbmk_pellet_les:4, LES Fuel Pellet
hbm:rbmk_pellet_les:5, LES Fuel Pellet
hbm:rbmk_pellet_les:6, LES Fuel Pellet
hbm:rbmk_pellet_les:7, LES Fuel Pellet
hbm:rbmk_pellet_les:8, LES Fuel Pellet
hbm:rbmk_pellet_les:9, LES Fuel Pellet
hbm:rbmk_pellet_mes:0, MES Fuel Pellet
hbm:rbmk_pellet_mes:1, MES Fuel Pellet
hbm:rbmk_pellet_mes:2, MES Fuel Pellet
hbm:rbmk_pellet_mes:3, MES Fuel Pellet
hbm:rbmk_pellet_mes:4, MES Fuel Pellet
hbm:rbmk_pellet_mes:5, MES Fuel Pellet
hbm:rbmk_pellet_mes:6, MES Fuel Pellet
hbm:rbmk_pellet_mes:7, MES Fuel Pellet
hbm:rbmk_pellet_mes:8, MES Fuel Pellet
hbm:rbmk_pellet_mes:9, MES Fuel Pellet
hbm:rbmk_pellet_hes:0, HES Fuel Pellet
hbm:rbmk_pellet_hes:1, HES Fuel Pellet
hbm:rbmk_pellet_hes:2, HES Fuel Pellet
hbm:rbmk_pellet_hes:3, HES Fuel Pellet
hbm:rbmk_pellet_hes:4, HES Fuel Pellet
hbm:rbmk_pellet_hes:5, HES Fuel Pellet
hbm:rbmk_pellet_hes:6, HES Fuel Pellet
hbm:rbmk_pellet_hes:7, HES Fuel Pellet
hbm:rbmk_pellet_hes:8, HES Fuel Pellet
hbm:rbmk_pellet_hes:9, HES Fuel Pellet
hbm:rbmk_pellet_leaus:0, LEAus Fuel Pellet
hbm:rbmk_pellet_leaus:1, LEAus Fuel Pellet
hbm:rbmk_pellet_leaus:2, LEAus Fuel Pellet
hbm:rbmk_pellet_leaus:3, LEAus Fuel Pellet
hbm:rbmk_pellet_leaus:4, LEAus Fuel Pellet
hbm:rbmk_pellet_leaus:5, LEAus Fuel Pellet
hbm:rbmk_pellet_leaus:6, LEAus Fuel Pellet
hbm:rbmk_pellet_leaus:7, LEAus Fuel Pellet
hbm:rbmk_pellet_leaus:8, LEAus Fuel Pellet
hbm:rbmk_pellet_leaus:9, LEAus Fuel Pellet
hbm:rbmk_pellet_heaus:0, HEAus Fuel Pellet
hbm:rbmk_pellet_heaus:1, HEAus Fuel Pellet
hbm:rbmk_pellet_heaus:2, HEAus Fuel Pellet
hbm:rbmk_pellet_heaus:3, HEAus Fuel Pellet
hbm:rbmk_pellet_heaus:4, HEAus Fuel Pellet
hbm:rbmk_pellet_heaus:5, HEAus Fuel Pellet
hbm:rbmk_pellet_heaus:6, HEAus Fuel Pellet
hbm:rbmk_pellet_heaus:7, HEAus Fuel Pellet
hbm:rbmk_pellet_heaus:8, HEAus Fuel Pellet
hbm:rbmk_pellet_heaus:9, HEAus Fuel Pellet
hbm:rbmk_pellet_po210be:0, Po210Be Neutron Source Pellet
hbm:rbmk_pellet_po210be:1, Po210Be Neutron Source Pellet
hbm:rbmk_pellet_po210be:2, Po210Be Neutron Source Pellet
hbm:rbmk_pellet_po210be:3, Po210Be Neutron Source Pellet
hbm:rbmk_pellet_po210be:4, Po210Be Neutron Source Pellet
hbm:rbmk_pellet_po210be:5, Po210Be Neutron Source Pellet
hbm:rbmk_pellet_po210be:6, Po210Be Neutron Source Pellet
hbm:rbmk_pellet_po210be:7, Po210Be Neutron Source Pellet
hbm:rbmk_pellet_po210be:8, Po210Be Neutron Source Pellet
hbm:rbmk_pellet_po210be:9, Po210Be Neutron Source Pellet
hbm:rbmk_pellet_ra226be:0, Ra226Be Neutron Source Pellet
hbm:rbmk_pellet_ra226be:1, Ra226Be Neutron Source Pellet
hbm:rbmk_pellet_ra226be:2, Ra226Be Neutron Source Pellet
hbm:rbmk_pellet_ra226be:3, Ra226Be Neutron Source Pellet
hbm:rbmk_pellet_ra226be:4, Ra226Be Neutron Source Pellet
hbm:rbmk_pellet_ra226be:5, Ra226Be Neutron Source Pellet
hbm:rbmk_pellet_ra226be:6, Ra226Be Neutron Source Pellet
hbm:rbmk_pellet_ra226be:7, Ra226Be Neutron Source Pellet
hbm:rbmk_pellet_ra226be:8, Ra226Be Neutron Source Pellet
hbm:rbmk_pellet_ra226be:9, Ra226Be Neutron Source Pellet
hbm:rbmk_pellet_pu238be:0, Pu238Be Neutron Source Pellet
hbm:rbmk_pellet_pu238be:1, Pu238Be Neutron Source Pellet
hbm:rbmk_pellet_pu238be:2, Pu238Be Neutron Source Pellet
hbm:rbmk_pellet_pu238be:3, Pu238Be Neutron Source Pellet
hbm:rbmk_pellet_pu238be:4, Pu238Be Neutron Source Pellet
hbm:rbmk_pellet_pu238be:5, Pu238Be Neutron Source Pellet
hbm:rbmk_pellet_pu238be:6, Pu238Be Neutron Source Pellet
hbm:rbmk_pellet_pu238be:7, Pu238Be Neutron Source Pellet
hbm:rbmk_pellet_pu238be:8, Pu238Be Neutron Source Pellet
hbm:rbmk_pellet_pu238be:9, Pu238Be Neutron Source Pellet
hbm:rbmk_pellet_balefire_gold:0, Flashgold Fuel Pellet
hbm:rbmk_pellet_balefire_gold:1, Flashgold Fuel Pellet
hbm:rbmk_pellet_balefire_gold:2, Flashgold Fuel Pellet
hbm:rbmk_pellet_balefire_gold:3, Flashgold Fuel Pellet
hbm:rbmk_pellet_balefire_gold:4, Flashgold Fuel Pellet
hbm:rbmk_pellet_balefire_gold:5, Flashgold Fuel Pellet
hbm:rbmk_pellet_balefire_gold:6, Flashgold Fuel Pellet
hbm:rbmk_pellet_balefire_gold:7, Flashgold Fuel Pellet
hbm:rbmk_pellet_balefire_gold:8, Flashgold Fuel Pellet
hbm:rbmk_pellet_balefire_gold:9, Flashgold Fuel Pellet
hbm:rbmk_pellet_flashlead:0, Flashlead Fuel Pellet
hbm:rbmk_pellet_flashlead:1, Flashlead Fuel Pellet
hbm:rbmk_pellet_flashlead:2, Flashlead Fuel Pellet
hbm:rbmk_pellet_flashlead:3, Flashlead Fuel Pellet
hbm:rbmk_pellet_flashlead:4, Flashlead Fuel Pellet
hbm:rbmk_pellet_flashlead:5, Flashlead Fuel Pellet
hbm:rbmk_pellet_flashlead:6, Flashlead Fuel Pellet
hbm:rbmk_pellet_flashlead:7, Flashlead Fuel Pellet
hbm:rbmk_pellet_flashlead:8, Flashlead Fuel Pellet
hbm:rbmk_pellet_flashlead:9, Flashlead Fuel Pellet
hbm:rbmk_pellet_balefire:0, Balefire Fuel Pellet
hbm:rbmk_pellet_balefire:1, Balefire Fuel Pellet
hbm:rbmk_pellet_balefire:2, Balefire Fuel Pellet
hbm:rbmk_pellet_balefire:3, Balefire Fuel Pellet
hbm:rbmk_pellet_balefire:4, Balefire Fuel Pellet
hbm:rbmk_pellet_balefire:5, Balefire Fuel Pellet
hbm:rbmk_pellet_balefire:6, Balefire Fuel Pellet
hbm:rbmk_pellet_balefire:7, Balefire Fuel Pellet
hbm:rbmk_pellet_balefire:8, Balefire Fuel Pellet
hbm:rbmk_pellet_balefire:9, Balefire Fuel Pellet
hbm:rbmk_pellet_drx:0, §cDigamma Fuel Pellet§r
hbm:rbmk_pellet_drx:1, §cDigamma Fuel Pellet§r
hbm:rbmk_pellet_drx:2, §cDigamma Fuel Pellet§r
hbm:rbmk_pellet_drx:3, §cDigamma Fuel Pellet§r
hbm:rbmk_pellet_drx:4, §cDigamma Fuel Pellet§r
hbm:rbmk_pellet_drx:5, §cDigamma Fuel Pellet§r
hbm:rbmk_pellet_drx:6, §cDigamma Fuel Pellet§r
hbm:rbmk_pellet_drx:7, §cDigamma Fuel Pellet§r
hbm:rbmk_pellet_drx:8, §cDigamma Fuel Pellet§r
hbm:rbmk_pellet_drx:9, §cDigamma Fuel Pellet§r
hbm:rbmk_fuel_empty, Empty RBMK Fuel Rod
hbm:rbmk_fuel_ueu, NU RBMK Fuel Rod
hbm:rbmk_fuel_meu, MEU RBMK Fuel Rod
hbm:rbmk_fuel_heu233, HEU-233 RBMK Fuel Rod
hbm:rbmk_fuel_heu235, HEU-235 RBMK Fuel Rod
hbm:rbmk_fuel_uzh, UZrH RBMK Fuel Rod
hbm:rbmk_fuel_thmeu, ThMEU RBMK Fuel Rod
hbm:rbmk_fuel_lep, LEP-239 RBMK Fuel Rod
hbm:rbmk_fuel_mep, MEP-239 RBMK Fuel Rod
hbm:rbmk_fuel_hep, HEP-239 RBMK Fuel Rod
hbm:rbmk_fuel_hep241, HEP-241 RBMK Fuel Rod
hbm:rbmk_fuel_lea, LEA RBMK Fuel Rod
hbm:rbmk_fuel_mea, MEA RBMK Fuel Rod
hbm:rbmk_fuel_hea241, HEA-241 RBMK Fuel Rod
hbm:rbmk_fuel_hea242, HEA-242 RBMK Fuel Rod
hbm:rbmk_fuel_men, MEN RBMK Fuel Rod
hbm:rbmk_fuel_hen, HEN RBMK Fuel Rod
hbm:rbmk_fuel_mox, MOX RBMK Fuel Rod
hbm:rbmk_fuel_les, LES RBMK Fuel Rod
hbm:rbmk_fuel_mes, MES RBMK Fuel Rod
hbm:rbmk_fuel_hes, HES RBMK Fuel Rod
hbm:rbmk_fuel_leaus, LEAus RBMK Fuel Rod
hbm:rbmk_fuel_heaus, HEAus RBMK Fuel Rod
hbm:rbmk_fuel_ra226be, Ra226Be RBMK Neutron Source
hbm:rbmk_fuel_po210be, Po210Be RBMK Neutron Source
hbm:rbmk_fuel_pu238be, Pu238Be RBMK Neutron Source
hbm:rbmk_fuel_balefire_gold, Flashgold RBMK Fuel Rod
hbm:rbmk_fuel_flashlead, Flashlead RBMK Fuel Rod
hbm:rbmk_fuel_zfb_bismuth, Bismuth RBMK ZFB Rod
hbm:rbmk_fuel_zfb_pu241, Pu-241 RBMK ZFB Rod
hbm:rbmk_fuel_zfb_am_mix, Fuel Grade Americium RBMK ZFB Rod
hbm:rbmk_fuel_balefire, Balefire RBMK Fuel Rod
hbm:rbmk_fuel_drx, §cDigamma RBMK Fuel Rod§r
hbm:rbmk_fuel_test, item.rbmk_fuel_test.name
hbm:icf_pellet_empty, Empty ICF Fuel Pellet
hbm:icf_pellet:0, ICF Fuel Pellet
hbm:icf_pellet:0, ICF Fuel Pellet
hbm:icf_pellet:0, ICF Fuel Pellet
hbm:icf_pellet:0, ICF Fuel Pellet
hbm:icf_pellet:0, ICF Fuel Pellet
hbm:icf_pellet_depleted, Depleted ICF Fuel Pellet
hbm:watz_pellet:0, Schrabidium Watz Pellet
hbm:watz_pellet:1, HES Watz Pellet
hbm:watz_pellet:2, MES Watz Pellet
hbm:watz_pellet:3, LES Watz Pellet
hbm:watz_pellet:4, HEN Watz Pellet
hbm:watz_pellet:5, MEU Watz Pellet
hbm:watz_pellet:6, MEP Watz Pellet
hbm:watz_pellet:7, Lead Absorber Pellet
hbm:watz_pellet:8, Boron Absorber Pellet
hbm:watz_pellet:9, Depleted Uranium Absorber Pellet
hbm:watz_pellet:10, Enriched Naquadah Watz Pellet
hbm:watz_pellet:11, Naquadria Watz Pellet
hbm:watz_pellet_depleted:0, Schrabidium Watz Pellet (Depleted)
hbm:watz_pellet_depleted:1, HES Watz Pellet (Depleted)
hbm:watz_pellet_depleted:2, MES Watz Pellet (Depleted)
hbm:watz_pellet_depleted:3, LES Watz Pellet (Depleted)
hbm:watz_pellet_depleted:4, HEN Watz Pellet (Depleted)
hbm:watz_pellet_depleted:5, MEU Watz Pellet (Depleted)
hbm:watz_pellet_depleted:6, MEP Watz Pellet (Depleted)
hbm:watz_pellet_depleted:7, Lead Absorber Pellet (Depleted)
hbm:watz_pellet_depleted:8, Boron Absorber Pellet (Depleted)
hbm:watz_pellet_depleted:9, Depleted Uranium Absorber Pellet (Depleted)
hbm:watz_pellet_depleted:10, Enriched Naquadah Watz Pellet (Depleted)
hbm:watz_pellet_depleted:11, Naquadria Watz Pellet (Depleted)
hbm:pa_coil:0, Large Gold Coil
hbm:pa_coil:1, Large NbTi Coil
hbm:pa_coil:2, Large BSCCO Coil
hbm:pa_coil:3, Large Chlorophyte Coil
hbm:particle_empty, Empty Particle Capsule
hbm:particle_hydrogen, Hydrogen Ion Capsule
hbm:particle_copper, Copper Ion Capsule
hbm:particle_lead, Lead Ion Capsule
hbm:particle_aproton, Antiproton Capsule
hbm:particle_aelectron, Positron Capsule
hbm:particle_muon, Muon Capsule
hbm:particle_amat, Antimatter Capsule
hbm:particle_aschrab, Antischrabidium Capsule
hbm:particle_higgs, Higgs Boson Capsule
hbm:particle_tachyon, Tachyon Capsule
hbm:particle_dark, Dark Matter Capsule
hbm:particle_strange, Strange Quark Capsule
hbm:particle_sparkticle, Sparkticle Capsule
hbm:particle_digamma, §cThe Digamma Particle§r
hbm:capsule_xen, Xen Capsule
hbm:singularity, Singularity
hbm:singularity_counter_resonant, Contained Counter-Resonant Singularity
hbm:singularity_super_heated, Superheated Resonating Singularity
hbm:black_hole, Miniature Black Hole
hbm:singularity_spark, Spark Singularity
hbm:pellet_antimatter, Antimatter Cluster
hbm:crystal_xen, Artificial Xen Crystal
hbm:crystal_energy, Energy Crystal
hbm:pellet_coolant, Coolant Cluster
hbm:key, Key
hbm:key_red, Red Key
hbm:key_red_cracked, Cracked Key
hbm:key_kit, Key Imitation Kit
hbm:key_fake, Counterfeit Key
hbm:pin, Bobby Pin
hbm:padlock_rusty, Rusty Padlock
hbm:padlock, Padlock
hbm:padlock_reinforced, Reinforced Padlock
hbm:padlock_unbreakable, Unbreakable Padlock
hbm:mech_key, Large Silver Key
hbm:ams_catalyst_blank, Blank Reaction Catalyst
hbm:ams_catalyst_iron, Iron Reaction Catalyst
hbm:ams_catalyst_copper, Copper Reaction Catalyst
hbm:ams_catalyst_aluminium, Aluminium Reaction Catalyst
hbm:ams_catalyst_lithium, Lithium Reaction Catalyst
hbm:ams_catalyst_beryllium, Beryllium Reaction Catalyst
hbm:ams_catalyst_tungsten, Tungsten Reaction Catalyst
hbm:ams_catalyst_cobalt, Cobalt Reaction Catalyst
hbm:ams_catalyst_niobium, Niobium Reaction Catalyst
hbm:ams_catalyst_cerium, Cerium Reaction Catalyst
hbm:ams_catalyst_thorium, Thorium Reaction Catalyst
hbm:ams_catalyst_strontium, Strontium Reaction Catalyst
hbm:ams_catalyst_caesium, Caeseium Reaction Catalyst
hbm:ams_catalyst_schrabidium, Schrabidium Reaction Catalyst
hbm:ams_catalyst_euphemium, Euphemium Reaction Catalyst
hbm:ams_catalyst_dineutronium, Dineutronium Reaction Catalyst
hbm:ams_lens, Stabilizer Lens
hbm:ams_core_sing, Vibrant Singularity (AMS/DFC Core)
hbm:ams_core_wormhole, Tiny Wormhole (AMS/DFC Core)
hbm:ams_core_eyeofharmony, Eye of Harmony (AMS/DFC Core)
hbm:ams_core_thingy, Thingy (AMS/DFC Core)
hbm:ams_muzzle, Ray-Emission Muzzle
hbm:fluid_icon:152, Compressed Air
hbm:fluid_icon:1, Water
hbm:fluid_icon:60, Heavy Water
hbm:fluid_icon:125, Hot Heavy Water
hbm:fluid_icon:7, Lava
hbm:fluid_icon:2, Steam
hbm:fluid_icon:3, Dense Steam
hbm:fluid_icon:4, Super Dense Steam
hbm:fluid_icon:5, Ultra Dense Steam
hbm:fluid_icon:48, Low-Pressure Steam
hbm:fluid_icon:55, Carbon Dioxide
hbm:fluid_icon:6, Coolant
hbm:fluid_icon:76, Hot Coolant
hbm:fluid_icon:145, Perfluoromethyl
hbm:fluid_icon:146, Cold Perfluoromethyl
hbm:fluid_icon:147, Hot Perfluoromethyl
hbm:fluid_icon:37, Cryogel
hbm:fluid_icon:77, Mug Root Beer
hbm:fluid_icon:78, Hot Mug Root Beer
hbm:fluid_icon:84, Blood
hbm:fluid_icon:85, Hot Blood
hbm:fluid_icon:126, Liquid Sodium
hbm:fluid_icon:127, Hot Liquid Sodium
hbm:fluid_icon:143, Liquid Lead
hbm:fluid_icon:144, Hot Liquid Lead
hbm:fluid_icon:128, Liquid Thorium Salt
hbm:fluid_icon:129, Hot Liquid Thorium Salt
hbm:fluid_icon:130, Depleted Liquid Thorium Salt
hbm:fluid_icon:38, Liquid Hydrogen
hbm:fluid_icon:8, Deuterium
hbm:fluid_icon:9, Tritium
hbm:fluid_icon:57, Helium-3
hbm:fluid_icon:124, Helium-4
hbm:fluid_icon:39, Liquid Oxygen
hbm:fluid_icon:40, Xenon Gas
hbm:fluid_icon:90, Chlorine Gas
hbm:fluid_icon:42, Mercury
hbm:fluid_icon:10, Crude Oil
hbm:fluid_icon:134, Desulfurized Crude Oil
hbm:fluid_icon:61, Cracked Oil
hbm:fluid_icon:136, Desulfurized Cracked Oil
hbm:fluid_icon:62, Coal Oil
hbm:fluid_icon:105, Coker Oil
hbm:fluid_icon:11, Hot Crude Oil
hbm:fluid_icon:135, Desulfurized Hot Crude Oil
hbm:fluid_icon:63, Hot Cracked Oil
hbm:fluid_icon:137, Desulfurized Hot Cracked Oil
hbm:fluid_icon:12, Heavy Oil
hbm:fluid_icon:91, Vacuum Heavy Oil
hbm:fluid_icon:19, Naphtha
hbm:fluid_icon:138, Desulfurized Naphtha
hbm:fluid_icon:64, Cracked Naphtha
hbm:fluid_icon:106, Coker Naphtha
hbm:fluid_icon:92, Reformate
hbm:fluid_icon:21, Light Oil
hbm:fluid_icon:139, Desulfurized Light Oil
hbm:fluid_icon:65, Cracked Light Oil
hbm:fluid_icon:93, Vacuum Light Oil
hbm:fluid_icon:13, Bitumen
hbm:fluid_icon:14, Industrial Oil
hbm:fluid_icon:15, Heating Oil
hbm:fluid_icon:96, Heavy Heating Oil
hbm:fluid_icon:16, Reclaimed Industrial Oil
hbm:fluid_icon:18, Engine Lubricant
hbm:fluid_icon:23, Natural Gas
hbm:fluid_icon:107, Coker Gas
hbm:fluid_icon:24, Petroleum Gas
hbm:fluid_icon:94, Sour Gas
hbm:fluid_icon:25, LPG
hbm:fluid_icon:86, Syngas
hbm:fluid_icon:87, Oxyhydrogen
hbm:fluid_icon:67, Aromatic Hydrocarbons
hbm:fluid_icon:68, Unsaturated Hydrocarbons
hbm:fluid_icon:95, BTX
hbm:fluid_icon:100, Reformate Gas
hbm:fluid_icon:20, Diesel
hbm:fluid_icon:97, High-Cetane Diesel
hbm:fluid_icon:66, Cracked Diesel
hbm:fluid_icon:98, High-Cetane Cracked Diesel
hbm:fluid_icon:22, Kerosene
hbm:fluid_icon:99, Jet Fuel
hbm:fluid_icon:17, Petroil
hbm:fluid_icon:72, Leaded Petroil
hbm:fluid_icon:46, Gasoline
hbm:fluid_icon:73, Leaded Gasoline
hbm:fluid_icon:47, Coal Gasoline
hbm:fluid_icon:74, Leaded Coal Gasoline
hbm:fluid_icon:80, Coal Tar Creosote
hbm:fluid_icon:79, Wood Oil
hbm:fluid_icon:26, Biogas
hbm:fluid_icon:27, Biofuel
hbm:fluid_icon:59, Ethanol
hbm:fluid_icon:111, Fish Oil
hbm:fluid_icon:112, Sunflower Seed Oil
hbm:fluid_icon:28, NITAN© 100 Octane Super Fuel
hbm:fluid_icon:154, Deuterated Hydrocarbon
hbm:fluid_icon:41, BF Rocket Fuel
hbm:fluid_icon:69, Salient Green
hbm:fluid_icon:81, Seeding Slurry
hbm:fluid_icon:101, Colloid
hbm:fluid_icon:141, Vitriol
hbm:fluid_icon:142, Ore Slop
hbm:fluid_icon:104, Ionic Gel
hbm:fluid_icon:35, Hydrogen Peroxide
hbm:fluid_icon:75, Sulfuric Acid
hbm:fluid_icon:82, Nitric Acid
hbm:fluid_icon:83, Solvent
hbm:fluid_icon:88, High-Performance Solvent
hbm:fluid_icon:32, Schrabidic Acid
hbm:fluid_icon:29, Uranium Hexafluoride
hbm:fluid_icon:30, Plutonium Hexafluoride
hbm:fluid_icon:31, Schrabidium Trisulfide
hbm:fluid_icon:43, Pandemonium(III)tantalite Solution
hbm:fluid_icon:58, Osmiridic Solution
hbm:fluid_icon:36, Poisonous Mud
hbm:fluid_icon:114, Red Mud
hbm:fluid_icon:131, Fullerene Solution
hbm:fluid_icon:108, Dissolved Egg
hbm:fluid_icon:109, Cholesterol Solution
hbm:fluid_icon:115, Chlorocalcite Solution
hbm:fluid_icon:116, Mixed Chlorocalcite Solution
hbm:fluid_icon:117, Cleaned Chlorocalcite Solution
hbm:fluid_icon:118, Potassiumchloride Solution
hbm:fluid_icon:119, Calciumchloride Solution
hbm:fluid_icon:120, Calcium Solution
hbm:fluid_icon:149, Sodium Aluminate
hbm:fluid_icon:150, Bauxite Solution
hbm:fluid_icon:151, Alumina
hbm:fluid_icon:153, Liquid Concrete
hbm:fluid_icon:49, Fracking Solution
hbm:fluid_icon:148, Lye
hbm:fluid_icon:102, Phosgene
hbm:fluid_icon:103, Mustard Gas
hbm:fluid_icon:110, Estradiol Solution
hbm:fluid_icon:113, Nitroglycerin
hbm:fluid_icon:33, Antimatter
hbm:fluid_icon:34, Antischrabidium
hbm:fluid_icon:44, Liquid Nuclear Waste
hbm:fluid_icon:45, Gaseous Nuclear Waste
hbm:fluid_icon:70, Experience Juice
hbm:fluid_icon:71, Ender Juice
hbm:fluid_icon:140, Stellar Flux
hbm:fluid_icon:50, Deuterium-Tritium Plasma
hbm:fluid_icon:51, Hydrogen-Deuterium Plasma
hbm:fluid_icon:52, Hydrogen-Tritium Plasma
hbm:fluid_icon:56, Deuterium-Helium-3 Plasma
hbm:fluid_icon:53, Helium-4-Oxygen Plasma
hbm:fluid_icon:54, Balefire Plasma
hbm:fluid_icon:121, Smoke
hbm:fluid_icon:122, Leaded Smoke
hbm:fluid_icon:123, Poison Smoke
hbm:fluid_icon:132, Booster Pheromone
hbm:fluid_icon:133, Modified Booster Pheromone
hbm:fluid_icon:89, Hydrazine
hbm:fluid_icon:1000, hbmfluid.custom_demo
hbm:gadget_explosive, First Generation Explosive Lens
hbm:gadget_explosive8, Bundle of First Generation Implosion Propellant
hbm:gadget_wireing, Wiring
hbm:gadget_core, Large Plutonium Core
hbm:boy_shielding, Neutron Shielding
hbm:boy_target, Subcritical U235 Target
hbm:boy_bullet, U235 Projectile
hbm:boy_propellant, Propellant
hbm:boy_igniter, Bomb Igniter
hbm:man_core, Plutonium Core
hbm:man_explosive, Explosive Lens
hbm:man_explosive8, Bundle of Implosion Propellant
hbm:man_igniter, Bomb Firing Unit
hbm:mike_core, Uranium Coated Deuterium Tank
hbm:mike_cooling_unit, Deuterium Cooling Unit
hbm:tsar_core, Tsar Bomba Core
hbm:fleija_igniter, Pulse Igniter
hbm:fleija_propellant, Schrabidium Propellant
hbm:fleija_core, F.L.E.I.J.A. Uranium 235 Charge
hbm:solinium_core, Semi-Stable Solinium Core
hbm:solinium_igniter, SOL Pulse Igniter
hbm:solinium_propellant, SOL Compression Charge
hbm:n2_charge, Large Explosive Charge
hbm:egg_balefire_shard, Balefire Shard
hbm:egg_balefire, Balefire Egg
hbm:custom_tnt, Custom Nuke Explosive Charge
hbm:custom_nuke, Custom Nuke Nuclear Rod
hbm:custom_hydro, Custom Nuke Hydrogen Rod
hbm:custom_amat, Custom Nuke Antimatter Rod
hbm:custom_dirty, Custom Nuke Dirty Rod
hbm:custom_schrab, Custom Nuke Schrabidium Rod
hbm:custom_sol, Custom Nuke Solinium Rod
hbm:custom_euph, Custom Nuke Anti-Mass Rod
hbm:custom_fall, Custom Nuke Drop Upgrade
hbm:grenade_kit, Grenade Kit
hbm:gadget_kit, The Gadget Kit
hbm:boy_kit, Little Boy Kit
hbm:man_kit, Fat Man Kit
hbm:mike_kit, Ivy Mike Kit
hbm:tsar_kit, Tsar Bomba Kit
hbm:prototype_kit, Prototype Kit
hbm:fleija_kit, F.L.E.I.J.A. Kit
hbm:solinium_kit, Solinium Kit
hbm:balefire_kit, Balefire Bomb Kit
hbm:multi_kit, Multi Purpose Bomb Kit
hbm:custom_kit, Custom Nuke Kit
hbm:missile_kit, Missile Kit
hbm:t45_kit, T45 Power Armor Kit
hbm:hazmat_kit, Hazmat Kit
hbm:hazmat_red_kit, Advanced Hazmat Kit
hbm:hazmat_grey_kit, High-Performance Hazmat Kit
hbm:nuke_starter_kit, Atomic Science Starter Kit
hbm:nuke_advanced_kit, Atomic Science Advanced Kit
hbm:nuke_commercially_kit, Atomic Science Kit for Commercial Uses
hbm:kit_custom, item.kit_custom.name
hbm:toolbox, Toolbox
hbm:loot_10, Size 10 Missile Loot Crate
hbm:loot_15, Size 15 Missile Loot Crate
hbm:loot_misc, General Missile Loot Crate
hbm:sat_mapper, Surface Mapping Satellite
hbm:sat_scanner, Satellite with Depth-Resource Scanning Module
hbm:sat_radar, Radar Survey Satellite
hbm:sat_laser, Orbital Death Ray
hbm:sat_foeq, PEAF - Mk.I FOEQ Duna Probe with experimental Nuclear Propulsion
hbm:sat_resonator, Xenium Resonator Satellite
hbm:sat_miner, Asteroid Mining Ship
hbm:sat_lunar_miner, Lunar Mining Ship
hbm:sat_gerald, Gerald The Construction Android
hbm:sat_chip, Satellite ID-Chip
hbm:sat_interface, Satellite Control Interface
hbm:sat_coord, Satellite Designator
hbm:sat_designator, Satellite Laser Designator
hbm:sat_relay, Satellite Radar Relay
hbm:rangefinder, Rangefinder
hbm:designator, Short Range Target Designator
hbm:designator_range, Long Range Target Designator
hbm:designator_manual, Manual Target Designator
hbm:launch_code_piece, Silo Launch Code Piece
hbm:launch_code, Silo Launch Code
hbm:launch_key, Silo Launch Key
hbm:missile_assembly, Small Missile Assembly
hbm:missile_generic, High Explosive Missile
hbm:missile_strong, Strong HE Missile
hbm:missile_burst, Spare Missile
hbm:missile_incendiary, Incendiary Missile
hbm:missile_incendiary_strong, Strong Incendiary Missile
hbm:missile_inferno, Inferno Missile G.R.N. Mk.II
hbm:missile_cluster, Cluster Missile
hbm:missile_cluster_strong, Strong Cluster Missile
hbm:missile_rain, Bomblet Rain
hbm:missile_buster, Bunker Buster
hbm:missile_buster_strong, Enhanced Bunker Buster
hbm:missile_drill, The Concrete Cracker
hbm:missile_n2, N² Missile
hbm:missile_nuclear, Nuclear Missile
hbm:missile_nuclear_cluster, Thermonuclear Missile
hbm:missile_volcano, Tectonic Missile
hbm:missile_endo, Endothermic Missile
hbm:missile_exo, Exothermic Missile
hbm:missile_shuttle, Reliant Robin Space Shuttle
hbm:missile_doomsday, Doomsday Missile
hbm:missile_doomsday_rusted, Damaged Doomsday Missile
hbm:missile_taint, Taint-Tipped Missile
hbm:missile_micro, Micro-Nuclear Missile
hbm:missile_bhole, Black Hole Missile
hbm:missile_schrabidium, Schrabidium Missile
hbm:missile_emp, EMP Missile
hbm:missile_emp_strong, Strong EMP Missile
hbm:missile_anti_ballistic, Anti-Ballistic Missile
hbm:missile_carrier, HTR-01 Carrier Rocket
hbm:missile_decoy, Decoy Missile
hbm:missile_stealth, Stealth Missile
hbm:missile_soyuz_lander, Orbital Module
hbm:missile_soyuz:0, Soyuz-FG
hbm:missile_soyuz:1, Soyuz-FG
hbm:missile_soyuz:2, Soyuz-FG
hbm:warhead_generic_small, Small Warhead
hbm:warhead_incendiary_small, Small Incendiary Warhead
hbm:warhead_cluster_small, Small Cluster Warhead
hbm:warhead_buster_small, Small Bunker Buster Warhead
hbm:warhead_generic_medium, Medium Warhead
hbm:warhead_incendiary_medium, Medium Incendiary Warhead
hbm:warhead_cluster_medium, Medium Cluster Warhead
hbm:warhead_buster_medium, Medium Bunker Buster Warhead
hbm:warhead_generic_large, Large Warhead
hbm:warhead_incendiary_large, Large Incendiary Warhead
hbm:warhead_cluster_large, Large Cluster Warhead
hbm:warhead_buster_large, Large Bunker Buster Warhead
hbm:warhead_n2, N² Warhead
hbm:warhead_nuclear, Nuclear Warhead
hbm:warhead_mirvlet, MIRV
hbm:warhead_mirv, Thermonuclear Warhead
hbm:warhead_volcano, Tectonic Warhead
hbm:warhead_thermo_endo, Endothermic Warhead
hbm:warhead_thermo_exo, Exothermic Warhead
hbm:thruster_small, Small Thruster
hbm:thruster_medium, Medium Thruster
hbm:thruster_large, Large Thruster
hbm:cap_aluminium, Aluminium Cap
hbm:fins_flat, Flat Steel Casing
hbm:fins_small_steel, Small Steel Grid Fins
hbm:fins_big_steel, Big Steel Grid Fins
hbm:fins_tri_steel, Large Steel Fins
hbm:fins_quad_titanium, Small Titanium Fins
hbm:sphere_steel, Steel Sphere
hbm:pedestal_steel, Steel Pedestal
hbm:dysfunctional_reactor, Dysfunctional Nuclear Reactor
hbm:rotor_steel, Large Steel Rotor
hbm:generator_steel, Generator Body
hbm:sat_head_mapper, High-Gain Optical Camera
hbm:sat_head_scanner, M700 Survey Scanner
hbm:sat_head_radar, Radar Dish
hbm:sat_head_laser, Death Ray
hbm:sat_head_resonator, Xenium Resonator
hbm:seg_10, Size 10 Connector
hbm:seg_15, Size 15 Connector
hbm:seg_20, Size 20 Connector
hbm:fuel_tank_small, Small Fuel Tank
hbm:fuel_tank_medium, Medium Fuel Tank
hbm:fuel_tank_large, Large Fuel Tank
hbm:tank_steel, Steel Tank
hbm:mike_deut, Deuterium Tank
hbm:mp_thruster_10_kerosene, Size 10 Liquid Fuel Thruster
hbm:mp_thruster_10_solid, Size 10 Solid Fuel Thruster
hbm:mp_thruster_10_xenon, Size 10 Ion Thruster
hbm:mp_thruster_15_kerosene, Size 15 Liquid Fuel Thruster
hbm:mp_thruster_15_kerosene_dual, Size 15 Liquid Fuel Twin Thrusters
hbm:mp_thruster_15_kerosene_triple, Size 15 Liquid Fuel Triple Thrusters
hbm:mp_thruster_15_solid, Size 15 Solid Fuel Thruster
hbm:mp_thruster_15_solid_hexdecuple, Size 15 Solid Fuel Hexdecuple Thrusters
hbm:mp_thruster_15_hydrogen, Size 15 Hydrogen Thruster
hbm:mp_thruster_15_hydrogen_dual, Size 15 Hydrogen Twin Thrusters
hbm:mp_thruster_15_balefire_short, Size 15 BF Thruster with Nuclear Preheater (Shortened)
hbm:mp_thruster_15_balefire, Size 15 BF Thruster with Nuclear Preheater
hbm:mp_thruster_15_balefire_large, Size 15 BF Thruster with Nuclear Preheater (Heavy Duty Nozzle)
hbm:mp_thruster_15_balefire_large_rad, Size 15 BF Thruster with Nuclear Preheater (Heavy Duty Nozzle)
hbm:mp_thruster_20_kerosene, Size 20 Liquid Fuel Thruster
hbm:mp_thruster_20_kerosene_dual, Size 20 Liquid Fuel Twin Thrusters
hbm:mp_thruster_20_kerosene_triple, Size 20 Liquid Fuel Triple Thrusters
hbm:mp_thruster_20_solid, Size 20 Solid Fuel Thruster
hbm:mp_thruster_20_solid_multi, Size 20 Solid Fuel 30-Fold Thrusters
hbm:mp_thruster_20_solid_multier, Size 20 Solid Fuel 47-Fold Thrusters
hbm:mp_stability_10_flat, Size 10 Flat Fins
hbm:mp_stability_10_cruise, Size 10 Cruise Fins
hbm:mp_stability_10_space, Size 10 Space Fins
hbm:mp_stability_15_flat, Size 15 Flat Fins
hbm:mp_stability_15_thin, Size 15 Thin Fins
hbm:mp_stability_15_soyuz, Size 15 Pointy Fins
hbm:mp_fuselage_10_kerosene, Size 10 Kerosene Fuselage
hbm:mp_fuselage_10_kerosene_camo, Size 10 Kerosene Fuselage
hbm:mp_fuselage_10_kerosene_desert, Size 10 Kerosene Fuselage
hbm:mp_fuselage_10_kerosene_sky, Size 10 Kerosene Fuselage
hbm:mp_fuselage_10_kerosene_flames, Size 10 Kerosene Fuselage
hbm:mp_fuselage_10_kerosene_insulation, Size 10 Kerosene Fuselage
hbm:mp_fuselage_10_kerosene_sleek, Size 10 Kerosene Fuselage
hbm:mp_fuselage_10_kerosene_metal, Size 10 Kerosene Fuselage
hbm:mp_fuselage_10_kerosene_taint, Size 10 Kerosene Fuselage
hbm:mp_fuselage_10_solid, Size 10 Solid Fuel Fuselage
hbm:mp_fuselage_10_solid_flames, Size 10 Solid Fuel Fuselage
hbm:mp_fuselage_10_solid_insulation, Size 10 Solid Fuel Fuselage
hbm:mp_fuselage_10_solid_sleek, Size 10 Solid Fuel Fuselage
hbm:mp_fuselage_10_solid_soviet_glory, Size 10 Solid Fuel Fuselage
hbm:mp_fuselage_10_solid_cathedral, Size 10 Solid Fuel Fuselage
hbm:mp_fuselage_10_solid_moonlit, Size 10 Solid Fuel Fuselage
hbm:mp_fuselage_10_solid_battery, Size 10 Solid Fuel Fuselage
hbm:mp_fuselage_10_solid_duracell, Size 10 Solid Fuel Fuselage
hbm:mp_fuselage_10_xenon, Size 10 Xenon Fuselage
hbm:mp_fuselage_10_xenon_bhole, Size 10 Xenon Fuselage
hbm:mp_fuselage_10_long_kerosene, Size 10 Long Kerosene Fuselage
hbm:mp_fuselage_10_long_kerosene_camo, Size 10 Long Kerosene Fuselage
hbm:mp_fuselage_10_long_kerosene_desert, Size 10 Long Kerosene Fuselage
hbm:mp_fuselage_10_long_kerosene_sky, Size 10 Long Kerosene Fuselage
hbm:mp_fuselage_10_long_kerosene_flames, Size 10 Long Kerosene Fuselage
hbm:mp_fuselage_10_long_kerosene_insulation, Size 10 Long Kerosene Fuselage
hbm:mp_fuselage_10_long_kerosene_sleek, Size 10 Long Kerosene Fuselage
hbm:mp_fuselage_10_long_kerosene_metal, Size 10 Long Kerosene Fuselage
hbm:mp_fuselage_10_long_kerosene_dash, Size 10 Long Kerosene Fuselage
hbm:mp_fuselage_10_long_kerosene_taint, Size 10 Long Kerosene Fuselage
hbm:mp_fuselage_10_long_kerosene_vap, Size 10 Long Kerosene Fuselage
hbm:mp_fuselage_10_long_solid, Size 10 Long Solid Fuel Fuselage
hbm:mp_fuselage_10_long_solid_flames, Size 10 Long Solid Fuel Fuselage
hbm:mp_fuselage_10_long_solid_insulation, Size 10 Long Solid Fuel Fuselage
hbm:mp_fuselage_10_long_solid_sleek, Size 10 Long Solid Fuel Fuselage
hbm:mp_fuselage_10_long_solid_soviet_glory, Size 10 Long Solid Fuselage
hbm:mp_fuselage_10_long_solid_bullet, Size 10 Long Solid Fuselage
hbm:mp_fuselage_10_long_solid_silvermoonlight, Size 10 Long Solid Fuselage
hbm:mp_fuselage_10_15_kerosene, Size 10/15 Kerosene Fuselage
hbm:mp_fuselage_10_15_solid, Size 10/15 Solid Fuel Fuselage
hbm:mp_fuselage_10_15_hydrogen, Size 10/15 Hydrogen Fuselage
hbm:mp_fuselage_10_15_balefire, Size 10/15 BF Fuselage
hbm:mp_fuselage_15_kerosene, Size 15 Kerosene Fuselage
hbm:mp_fuselage_15_kerosene_camo, Size 15 Kerosene Fuselage
hbm:mp_fuselage_15_kerosene_desert, Size 15 Kerosene Fuselage
hbm:mp_fuselage_15_kerosene_sky, Size 15 Kerosene Fuselage
hbm:mp_fuselage_15_kerosene_insulation, Size 15 Kerosene Fuselage
hbm:mp_fuselage_15_kerosene_metal, Size 15 Kerosene Fuselage
hbm:mp_fuselage_15_kerosene_decorated, Size 15 Kerosene Fuselage
hbm:mp_fuselage_15_kerosene_steampunk, Size 15 Kerosene Fuselage
hbm:mp_fuselage_15_kerosene_polite, Size 15 Kerosene Fuselage
hbm:mp_fuselage_15_kerosene_blackjack, Size 15 Kerosene Fuselage
hbm:mp_fuselage_15_kerosene_lambda, Size 15 Kerosene Fuselage
hbm:mp_fuselage_15_kerosene_minuteman, Size 15 Kerosene Fuselage
hbm:mp_fuselage_15_kerosene_pip, Size 15 Kerosene Fuselage
hbm:mp_fuselage_15_kerosene_taint, Size 15 Kerosene Fuselage
hbm:mp_fuselage_15_kerosene_yuck, Size 15 Kerosene Fuselage
hbm:mp_fuselage_15_solid, Size 15 Solid Fuel Fuselage
hbm:mp_fuselage_15_solid_insulation, Size 15 Solid Fuel Fuselage
hbm:mp_fuselage_15_solid_desh, Size 15 Solid Fuel Fuselage
hbm:mp_fuselage_15_solid_soviet_glory, Size 15 Solid Fuel Fuselage
hbm:mp_fuselage_15_solid_soviet_stank, Size 15 Solid Fuel Fuselage
hbm:mp_fuselage_15_solid_faust, Size 15 Solid Fuel Fuselage
hbm:mp_fuselage_15_solid_silvermoonlight, Size 15 Solid Fuel Fuselage
hbm:mp_fuselage_15_solid_snowy, Size 15 Solid Fuel Fuselage
hbm:mp_fuselage_15_solid_panorama, Size 15 Solid Fuel Fuselage
hbm:mp_fuselage_15_solid_roses, Size 15 Solid Fuel Fuselage
hbm:mp_fuselage_15_solid_mimi, Size 15 Solid Fuel Mimi-chan's Body
hbm:mp_fuselage_15_hydrogen, Size 15 Hydrogen Fuselage
hbm:mp_fuselage_15_hydrogen_cathedral, Size 15 Hydrogen Fuselage
hbm:mp_fuselage_15_balefire, Size 15 BF Fuselage
hbm:mp_fuselage_15_20_kerosene, Size 15/20 Kerosene Fuselage
hbm:mp_fuselage_15_20_kerosene_magnusson, Size 15/20 Kerosene Fuselage
hbm:mp_fuselage_15_20_solid, Size 15/20 Solid Fuel Fuselage
hbm:mp_warhead_10_he, Size 10 HE Warhead
hbm:mp_warhead_10_incendiary, Size 10 Incendiary Warhead
hbm:mp_warhead_10_buster, Size 10 Bunker Buster Warhead
hbm:mp_warhead_10_nuclear, Size 10 Micro Nuclear Warhead
hbm:mp_warhead_10_nuclear_large, Size 10 Nuclear Warhead
hbm:mp_warhead_10_taint, Size 10 Tainted Warhead
hbm:mp_warhead_10_cloud, Size 10 Pink Cloud Warhead
hbm:mp_warhead_15_he, Size 15 HE Warhead
hbm:mp_warhead_15_incendiary, Size 15 Incendiary Warhead
hbm:mp_warhead_15_nuclear, Size 15 Nuclear Warhead
hbm:mp_warhead_15_nuclear_shark, Size 15 Nuclear Warhead
hbm:mp_warhead_15_thermo, Size 15 Thermonuclear Warhead
hbm:mp_warhead_15_mirv, Size 15 MIRV Warhead
hbm:mp_warhead_15_boxcar, Size 15 Boxcar?
hbm:mp_warhead_15_n2, Size 15 N² Mine
hbm:mp_warhead_15_balefire, Size 15 BF Warhead
hbm:mp_warhead_15_volcano, Size 15 Volcano Warhead
hbm:mp_warhead_15_turbine, Size 15 Jet Engine
hbm:mp_c_1, Tier 1 Missile Targeting Circuit
hbm:mp_c_2, Tier 2 Missile Targeting Circuit
hbm:mp_c_3, Tier 3 Missile Targeting Circuit
hbm:mp_c_4, Tier 4 Missile Targeting Circuit
hbm:mp_c_5, Tier 5 Missile Targeting Circuit
hbm:missile_skin_camo, Missile Skin: Camo
hbm:missile_skin_desert, Missile Skin: Desert Camo
hbm:missile_skin_flames, Missile Skin: Sick Flames
hbm:missile_skin_manly_pink, Missile Skin: Manly Pink
hbm:missile_skin_orange_insulation, Missile Skin: Orange Insulation
hbm:missile_skin_sleek, Missile Skin: IF-R&D
hbm:missile_skin_soviet_glory, Missile Skin: Soviet Glory
hbm:missile_skin_soviet_stank, Missile Skin: Soviet Stank
hbm:missile_skin_metal, Missile Skin: Metal
hbm:missile_custom, Custom Missile
hbm:sliding_blast_door_skin0, Sideways Sliding Blast Door Default Skin
hbm:sliding_blast_door_skin1, Sideways Sliding Blast Door Variant 1 Skin
hbm:sliding_blast_door_skin2, Sideways Sliding Blast Door Variant 2 Skin
hbm:door_metal, Metal Door
hbm:door_office, Office Door
hbm:door_bunker, Bunker Door
hbm:door_red, Red Door
hbm:record_lc, item.record_lc.name
hbm:record_ss, item.record_ss.name
hbm:record_vc, item.record_vc.name
hbm:record_glass, item.record_glass.name
hbm:flame_pony, Painting of a Cartoon Pony
hbm:flame_conspiracy, Conspiracy Theory
hbm:flame_politics, Political Topic
hbm:flame_opinion, Own Opinion
hbm:polaroid, The Polaroid
hbm:glitch, Glitch
hbm:burnt_bark, Burnt Bark
hbm:letter, Express Mail
hbm:book_secret, 3-596-50802-9
hbm:clay_tablet:0, Clay Tablet
hbm:book_of_, The Book of Boxcars
hbm:book_lemegeton, Lemegeton
hbm:page_of_:0, Page 1
hbm:page_of_:1, Page 2
hbm:page_of_:2, Page 3
hbm:page_of_:3, Page 4
hbm:page_of_:4, Page 5
hbm:page_of_:5, Page 6
hbm:page_of_:6, Page 7
hbm:page_of_:7, Page 8
hbm:crystal_horn, Crystal Horn
hbm:crystal_charred, Charred Crystal
hbm:watch, Broken Pocket Watch
hbm:apple_euphemium, Euphemium Apple
hbm:wand_k, Construction Wand
hbm:wand_s, Structure Wand
hbm:wand_d, Debug Wand
hbm:rod_of_discord, Rod of Discord
hbm:analyzer, Analyzer
hbm:defuser, High-Tech Bomb Defusing Device
hbm:defuser_desh, Desh High-Tech Bomb Defusing Device
hbm:meltdown_tool, Dyatlov Instant Meltdown Applicator
hbm:chopper_head, Hunter Chopper Cockpit
hbm:chopper_gun, Emplacement Gun
hbm:chopper_torso, Hunter Chopper Body
hbm:chopper_tail, Hunter Chopper Tail
hbm:chopper_wing, Hunter Chopper Wing
hbm:chopper_blades, Hunter Chopper Rotor Blades
hbm:combine_scrap, CMB Scrap Metal
hbm:shimmer_head, Heavy Hammer Head
hbm:shimmer_axe_head, Heavy Axe Head
hbm:shimmer_handle, Reinforced Polymer Handle
hbm:telepad, Telepad
hbm:entanglement_kit, Entanglement Kit
hbm:achievement_icon:0, item.achievement_icon.gofish.name
hbm:achievement_icon:1, item.achievement_icon.acid.name
hbm:achievement_icon:2, item.achievement_icon.balls.name
hbm:achievement_icon:3, item.achievement_icon.digammasee.name
hbm:achievement_icon:4, item.achievement_icon.digammafeel.name
hbm:achievement_icon:5, item.achievement_icon.digammaknow.name
hbm:achievement_icon:6, item.achievement_icon.digammakauaimoho.name
hbm:achievement_icon:7, item.achievement_icon.digammaupontop.name
hbm:achievement_icon:8, item.achievement_icon.digammaforourright.name
hbm:achievement_icon:9, item.achievement_icon.questionmark.name
hbm:cloud1, item.cloud1.name
hbm:cloud2, item.cloud2.name
hbm:cloud3, item.cloud3.name
hbm:cloud4, item.cloud4.name
hbm:cloud5, item.cloud5.name
hbm:cloud6, item.cloud6.name
hbm:cloud7, item.cloud7.name
hbm:cloud8, item.cloud8.name
hbm:flame_1, item.flame_1.name
hbm:flame_2, item.flame_2.name
hbm:flame_3, item.flame_3.name
hbm:flame_4, item.flame_4.name
hbm:flame_5, item.flame_5.name
hbm:flame_6, item.flame_6.name
hbm:flame_7, item.flame_7.name
hbm:flame_8, item.flame_8.name
hbm:flame_9, item.flame_9.name
hbm:flame_10, item.flame_10.name
hbm:orange1, item.orange1.name
hbm:orange2, item.orange2.name
hbm:orange3, item.orange3.name
hbm:orange4, item.orange4.name
hbm:orange5, item.orange5.name
hbm:orange6, item.orange6.name
hbm:orange7, item.orange7.name
hbm:orange8, item.orange8.name
hbm:pc1, item.pc1.name
hbm:pc2, item.pc2.name
hbm:pc3, item.pc3.name
hbm:pc4, item.pc4.name
hbm:pc5, item.pc5.name
hbm:pc6, item.pc6.name
hbm:pc7, item.pc7.name
hbm:pc8, item.pc8.name
hbm:chlorine1, item.chlorine1.name
hbm:chlorine2, item.chlorine2.name
hbm:chlorine3, item.chlorine3.name
hbm:chlorine4, item.chlorine4.name
hbm:chlorine5, item.chlorine5.name
hbm:chlorine6, item.chlorine6.name
hbm:chlorine7, item.chlorine7.name
hbm:chlorine8, item.chlorine8.name
hbm:ln2_1, item.ln2_1.name
hbm:ln2_2, item.ln2_2.name
hbm:ln2_3, item.ln2_3.name
hbm:ln2_4, item.ln2_4.name
hbm:ln2_5, item.ln2_5.name
hbm:ln2_6, item.ln2_6.name
hbm:ln2_7, item.ln2_7.name
hbm:ln2_8, item.ln2_8.name
hbm:ln2_9, item.ln2_9.name
hbm:ln2_10, item.ln2_10.name
hbm:nothing, Nothing
hbm:broken_item, item.broken_item.name
hbm:ducc, ducc
hbm:discharge, item.discharge.name
hbm:undefined, Undefined
hbm:mysteryshovel, Brittle Spade
hbm:memory, item.null.name
hbm:conveyor_wand:0, Conveyor Belt
hbm:conveyor_wand:1, Express Conveyor Belt
hbm:conveyor_wand:2, Double-Lane Conveyor Belt
hbm:conveyor_wand:3, Triple-Lane Conveyor Belt
hbm:part_generic:0, Pneumatic Piston
hbm:part_generic:1, Hydraulic Piston
hbm:part_generic:2, Electric Piston
hbm:part_generic:3, Low-Density Element
hbm:part_generic:4, Heavy Duty Element
hbm:part_generic:5, Polarized Lens
hbm:item_secret:0, Composition SB-26
hbm:item_secret:1, Proprietary Control Unit
hbm:item_secret:2, Selenium Steel
hbm:item_secret:3, Aberrator Part
hbm:item_secret:4, Folly Part
hbm:item_expensive:0, Bolted Steel Plating
hbm:item_expensive:1, Heavy Framework
hbm:item_expensive:2, Extensive Circuit Board
hbm:item_expensive:3, Radiation Resistant Plating
hbm:item_expensive:4, Reinforced Ferrouranium Panels
hbm:item_expensive:5, Mainframe
hbm:item_expensive:6, Bronze Structural Elements
hbm:item_expensive:7, Plastic Panels
hbm:item_expensive:8, item.item_expensive.gold_dust.name
hbm:item_expensive:9, item.item_expensive.degenerate_matter.name
hbm:chemical_dye:0, Chemical Dye (Black)
hbm:chemical_dye:1, Chemical Dye (Red)
hbm:chemical_dye:2, Chemical Dye (Green)
hbm:chemical_dye:3, Chemical Dye (Brown)
hbm:chemical_dye:4, Chemical Dye (Blue)
hbm:chemical_dye:5, Chemical Dye (Purple)
hbm:chemical_dye:6, Chemical Dye (Cyan)
hbm:chemical_dye:7, Chemical Dye (Light Gray)
hbm:chemical_dye:8, Chemical Dye (Gray)
hbm:chemical_dye:9, Chemical Dye (Pink)
hbm:chemical_dye:10, Chemical Dye (Lime)
hbm:chemical_dye:11, Chemical Dye (Yellow)
hbm:chemical_dye:12, Chemical Dye (Light Blue)
hbm:chemical_dye:13, Chemical Dye (Magenta)
hbm:chemical_dye:14, Chemical Dye (Orange)
hbm:chemical_dye:15, Chemical Dye (White)
hbm:crayon:0, Black Crayon
hbm:crayon:1, Red Crayon
hbm:crayon:2, Green Crayon
hbm:crayon:3, Brown Crayon
hbm:crayon:4, Blue Crayon
hbm:crayon:5, Purple Crayon
hbm:crayon:6, Cyan Crayon
hbm:crayon:7, Light Gray Crayon
hbm:crayon:8, Gray Crayon
hbm:crayon:9, Pink Crayon
hbm:crayon:10, Lime Crayon
hbm:crayon:11, Yellow Crayon
hbm:crayon:12, Light Blue Crayon
hbm:crayon:13, Magenta Crayon
hbm:crayon:14, Orange Crayon
hbm:crayon:15, White Crayon
hbm:drax, Terra Drill
hbm:drax_mk2, Hardened Terra Drill
hbm:drax_mk3, Schrabidic Terra Drill
hbm:ammo_debug, item.ammo_debug.name
hbm:ammo_standard:0, Ball and Powder
hbm:ammo_standard:1, Flint and Powder
hbm:ammo_standard:2, Iron Ball and Powder
hbm:ammo_standard:3, Shot and Powder
hbm:ammo_standard:4, .357 Magnum Round (Black Powder)
hbm:ammo_standard:5, .357 Magnum Round (Soft Point)
hbm:ammo_standard:6, .357 Magnum Round (Full Metal Jacket)
hbm:ammo_standard:7, .357 Magnum Round (Jacketed Hollow Point)
hbm:ammo_standard:8, .357 Magnum Round (Armor Piercing)
hbm:ammo_standard:9, .357 Magnum Round (FMJ Express)
hbm:ammo_standard:10, .44 Magnum Round (Black Powder)
hbm:ammo_standard:11, .44 Magnum Round (Soft Point)
hbm:ammo_standard:12, .44 Magnum Round (Full Metal Jacket)
hbm:ammo_standard:13, .44 Magnum Round (Jacketed Hollow Point)
hbm:ammo_standard:14, .44 Magnum Round (Armor Piercing)
hbm:ammo_standard:15, .44 Magnum Round (FMJ Express)
hbm:ammo_standard:16, .22 LR Round (Soft Point)
hbm:ammo_standard:17, .22 LR Round (Full Metal Jacket)
hbm:ammo_standard:18, .22 LR Round (Jacketed Hollow Point)
hbm:ammo_standard:19, .22 LR Round (Armor Piercing)
hbm:ammo_standard:20, 9mm Round (Soft Point)
hbm:ammo_standard:21, 9mm Round (Full Metal Jacket)
hbm:ammo_standard:22, 9mm Round (Jacketed Hollow Point)
hbm:ammo_standard:23, 9mm Round (Armor Piercing)
hbm:ammo_standard:24, 5.56mm Round (Soft Point)
hbm:ammo_standard:25, 5.56mm Round (Full Metal Jacket)
hbm:ammo_standard:26, 5.56mm Round (Jacketed Hollow Point)
hbm:ammo_standard:27, 5.56mm Round (Armor Piercing)
hbm:ammo_standard:28, 7.62mm Round (Soft Point)
hbm:ammo_standard:29, 7.62mm Round (Full Metal Jacket)
hbm:ammo_standard:30, 7.62mm Round (Jacketed Hollow Point)
hbm:ammo_standard:31, 7.62mm Round (Armor Piercing)
hbm:ammo_standard:32, 7.62mm Round (Depleted Uranium)
hbm:ammo_standard:33, .50 BMG Round (Soft Point)
hbm:ammo_standard:34, .50 BMG Round (Full Metal Jacket)
hbm:ammo_standard:35, .50 BMG Round (Jacketed Hollow Point)
hbm:ammo_standard:36, .50 BMG Round (Armor Piercing)
hbm:ammo_standard:37, .50 BMG Round (Depleted Uranium)
hbm:ammo_standard:38, .75 Bolt
hbm:ammo_standard:39, .75 Bolt (Incendiary)
hbm:ammo_standard:40, .75 Bolt (Explosive)
hbm:ammo_standard:41, 12 Gauge Black Powder Buckshot
hbm:ammo_standard:42, 12 Gauge Black Powder Magnum Shell
hbm:ammo_standard:43, 12 Gauge Black Powder Slug
hbm:ammo_standard:44, 12 Gauge Buckshot
hbm:ammo_standard:45, 12 Gauge Slug
hbm:ammo_standard:46, 12 Gauge Flechette Shell
hbm:ammo_standard:47, 12 Gauge Magnum Shell
hbm:ammo_standard:48, 12 Gauge Explosive Shell
hbm:ammo_standard:49, 12 Gauge Phosphorus Shell
hbm:ammo_standard:50, 26mm Signal Flare
hbm:ammo_standard:51, 26mm Signal Flare (Supply Airdrop)
hbm:ammo_standard:52, 26mm Signal Flare (Weapon Airdrop)
hbm:ammo_standard:53, 40mm Grenade, High-Explosive
hbm:ammo_standard:54, 40mm Grenade, Shaped Charge
hbm:ammo_standard:55, 40mm Grenade, Demolition
hbm:ammo_standard:56, 40mm Grenade, Incendiary
hbm:ammo_standard:57, 40mm Grenade, White Phosphorus
hbm:ammo_standard:58, Rocket, High-Explosive
hbm:ammo_standard:59, Rocket, Shaped Charge
hbm:ammo_standard:60, Rocket, Demolition
hbm:ammo_standard:61, Rocket, Incendiary
hbm:ammo_standard:62, Rocket, White Phosphorus
hbm:ammo_standard:63, Flamer Fuel, Diesel
hbm:ammo_standard:64, Flamer Fuel, Gas
hbm:ammo_standard:65, Flamer Fuel, Napalm
hbm:ammo_standard:66, Flamer Fuel, Balefire
hbm:ammo_standard:67, Capacitor (Standard)
hbm:ammo_standard:68, Capacitor (Overcharge)
hbm:ammo_standard:69, Capacitor (Low Wavelength)
hbm:ammo_standard:70, Depleted Uranium-235 Box
hbm:ammo_standard:71, Coilgun Tungsten Ball
hbm:ammo_standard:72, Coilgun Ferrouranium Ball
hbm:ammo_standard:73, Mini Nuke
hbm:ammo_standard:74, Mini Nuke, Demolition
hbm:ammo_standard:75, Mini Nuke, High Yield
hbm:ammo_standard:76, Mini Nuke, Tiny Tots
hbm:ammo_standard:77, Rocket Hive
hbm:ammo_standard:78, 10 Gauge Buckshot
hbm:ammo_standard:79, 10 Gauge Shrapnel Buckshot
hbm:ammo_standard:80, 10 Gauge Uranium Buckshot
hbm:ammo_standard:81, 10 Gauge Slug
hbm:ammo_standard:82, 7.62mm Round (High-Explosive)
hbm:ammo_standard:83, .50 BMG Round (High-Explosive)
hbm:ammo_standard:84, 10 Gauge Explosive Buckshot
hbm:ammo_standard:85, .45 Round (Soft Point)
hbm:ammo_standard:86, .45 Round (Full Metal Jacket)
hbm:ammo_standard:87, .45 Round (Jacketed Hollow Point)
hbm:ammo_standard:88, .45 Round (Armor Piercing)
hbm:ammo_standard:89, .45 Round (Depleted Uranium)
hbm:ammo_standard:90, Grappling Hook
hbm:ammo_standard:91, Demolition Charge
hbm:ammo_standard:92, Heavy Demolition Charge
hbm:ammo_standard:93, Mini Nuke, Balefire Egg
hbm:ammo_standard:94, .50 BMG Round (Starmetal)
hbm:ammo_secret:0, Silver Bullet
hbm:ammo_secret:1, Silver Bullet, Nuclear
hbm:ammo_secret:2, .44 Magnum Head-Exploder
hbm:ammo_secret:3, 12 Gauge Railway Spike Shot
hbm:ammo_secret:4, .50 BMG Demolisher
hbm:ammo_secret:5, .35-800 V9
hbm:ammo_secret:6, .50 BMG Bypass Round
hbm:ammo_secret:7, .35-800 V9 (Black Lightning)
hbm:gun_debug, item.gun_debug.name
hbm:gun_pepperbox, Pepperbox
hbm:gun_light_revolver, Break-Action Revolver
hbm:gun_light_revolver_atlas, Atlas
hbm:gun_light_revolver_dani, Day And Night
hbm:gun_henry, Lever Action Rifle
hbm:gun_henry_lincoln, Lincoln's Repeater
hbm:gun_heavy_revolver, Heavy Revolver
hbm:gun_heavy_revolver_lilmac, Little Macintosh
hbm:gun_heavy_revolver_protege, Protège
hbm:gun_hangman, Hangman
hbm:gun_greasegun, Grease Gun
hbm:gun_lag, Comically Long Pistol
hbm:gun_uzi, Uzi
hbm:gun_uzi_akimbo, Uzis
hbm:gun_maresleg, Lever Action Shotgun
hbm:gun_maresleg_akimbo, Lever Action Shotguns
hbm:gun_maresleg_broken, Broken
hbm:gun_liberator, Liberator
hbm:gun_spas12, SPAS-12
hbm:gun_autoshotgun, Auto Shotgun
hbm:gun_autoshotgun_shredder, Shredder
hbm:gun_autoshotgun_sexy, Sexy
hbm:gun_flaregun, Flare Gun
hbm:gun_congolake, Congo Lake
hbm:gun_carbine, Carbine
hbm:gun_minigun, Minigun
hbm:gun_minigun_lacunae, Lacunae
hbm:gun_minigun_dual, Dual Miniguns
hbm:gun_mas36, South Star
hbm:gun_am180, .22 Submachine Gun
hbm:gun_flamer, Flamethrower
hbm:gun_flamer_topaz, Mister Topaz
hbm:gun_flamer_daybreaker, Daybreaker
hbm:gun_chemthrower, Chemthrower
hbm:gun_panzerschreck, Panzerschreck
hbm:gun_stinger, FIM-92 Stinger
hbm:gun_quadro, Quad Rocket Launcher
hbm:gun_missile_launcher, Missile Launcher
hbm:gun_g3, Assault Rifle
hbm:gun_g3_zebra, Zebra Rifle
hbm:gun_stg77, StG 77
hbm:gun_amat, Anti-Materiel Rifle
hbm:gun_amat_subtlety, Subtlety
hbm:gun_amat_penance, Penance
hbm:gun_m2, Ma Deuce
hbm:gun_tesla_cannon, Tesla Cannon
hbm:gun_laser_pistol, Laser Pistol
hbm:gun_laser_pistol_pew_pew, Pew Pew
hbm:gun_laser_pistol_morning_glory, Morning Glory
hbm:gun_lasrifle, Laser Rifle
hbm:gun_tau, Tau Cannon
hbm:gun_coilgun, Coilgun
hbm:gun_n_i_4_n_i, N I 4 N I
hbm:gun_fatman, Fat Man
hbm:gun_bolter, Bolter
hbm:gun_folly, Folly
hbm:gun_fireext, Fire Extinguisher
hbm:gun_charge_thrower, Charge Thrower
hbm:gun_double_barrel, An Old Classic
hbm:gun_double_barrel_sacred_dragon, Sacred Dragon
hbm:gun_autoshotgun_heretic, The Heretic
hbm:gun_drill, Powered Drill
hbm:gun_pa_melee, Power Armor - Melee Controller
hbm:gun_pa_ranged, Power Armor - Ranged Controller
hbm:gun_aberrator, Aberrator
hbm:gun_aberrator_eott, Eyes Of The Tempest
hbm:weapon_mod_test:0, FIRE RATE UPGRADE
hbm:weapon_mod_test:1, DAMAGE UPGRADE
hbm:weapon_mod_test:2, MULTI SHOT UPGRADE
hbm:weapon_mod_test:3, DAMAGE OVERRIDE (2.5)
hbm:weapon_mod_test:4, DAMAGE OVERRIDE (5)
hbm:weapon_mod_test:5, DAMAGE OVERRIDE (7.5)
hbm:weapon_mod_test:6, DAMAGE OVERRIDE (10)
hbm:weapon_mod_test:7, DAMAGE OVERRIDE (12.5)
hbm:weapon_mod_test:8, DAMAGE OVERRIDE (15)
hbm:weapon_mod_test:9, DAMAGE OVERRIDE (20)
hbm:weapon_mod_generic:0, Optimized Iron Receiver
hbm:weapon_mod_generic:1, High-Durability Iron Parts
hbm:weapon_mod_generic:2, Optimized Steel Receiver
hbm:weapon_mod_generic:3, High-Durability Steel Parts
hbm:weapon_mod_generic:4, Optimized HSS Receiver
hbm:weapon_mod_generic:5, High-Durability HSS Parts
hbm:weapon_mod_generic:6, Optimized Desh Receiver
hbm:weapon_mod_generic:7, High-Durability Desh Parts
hbm:weapon_mod_generic:8, Optimized Weapon Steel Receiver
hbm:weapon_mod_generic:9, High-Durability Weapon Steel Parts
hbm:weapon_mod_generic:10, Optimized Ferrouranium Receiver
hbm:weapon_mod_generic:11, High-Durability Ferrouranium Parts
hbm:weapon_mod_generic:12, Optimized Resistant Alloy Receiver
hbm:weapon_mod_generic:13, High-Durability Resistant Alloy Parts
hbm:weapon_mod_generic:14, Optimized Saturnite Receiver
hbm:weapon_mod_generic:15, High-Durability Saturnite Parts
hbm:weapon_mod_generic:16, Optimized Bronze Receiver
hbm:weapon_mod_generic:17, High-Durability Bronze Parts
hbm:weapon_mod_special:0, Silencer
hbm:weapon_mod_special:1, Scope
hbm:weapon_mod_special:2, Hacksaw
hbm:weapon_mod_special:3, Grease Gun Modernization Kit
hbm:weapon_mod_special:4, Gear Train
hbm:weapon_mod_special:5, Auxiliary Electric Engine
hbm:weapon_mod_special:6, Choke
hbm:weapon_mod_special:7, Speedloader
hbm:weapon_mod_special:8, Polymer Furniture (Green)
hbm:weapon_mod_special:9, Polymer Furniture (Black)
hbm:weapon_mod_special:10, Bayonet
hbm:weapon_mod_special:11, Double-Stacked Magazine
hbm:weapon_mod_special:12, Saturnite Skin
hbm:weapon_mod_special:13, Laser Rifle Beam Splitter
hbm:weapon_mod_special:14, Laser Rifle Extended Capacitor
hbm:weapon_mod_special:15, Laser Rifle Automatic Receiver
hbm:weapon_mod_special:16, item.weapon_mod_special.nickel.name
hbm:weapon_mod_special:17, item.weapon_mod_special.doubloons.name
hbm:weapon_mod_special:18, Powered Drill - High-Speed Steel Drillbit
hbm:weapon_mod_special:19, Powered Drill - Weapon Steel Drillbit
hbm:weapon_mod_special:20, Powered Drill - Technetium Steel Drillbit
hbm:weapon_mod_special:21, Powered Drill - Saturnite Drillbit
hbm:weapon_mod_special:22, Powered Drill - Diesel Engine
hbm:weapon_mod_special:23, Powered Drill - Aircraft Engine
hbm:weapon_mod_special:24, Powered Drill - Electric Engine
hbm:weapon_mod_special:25, Powered Drill - Turbo Engine
hbm:weapon_mod_special:26, Powered Drill - Electromagnet
hbm:weapon_mod_special:27, Powered Drill - Sifter
hbm:weapon_mod_special:28, Powered Drill - Extension Canisters
hbm:weapon_mod_caliber:0, 9mm Conversion Kit
hbm:weapon_mod_caliber:1, .45 Conversion Kit
hbm:weapon_mod_caliber:2, .22 LR Conversion Kit
hbm:weapon_mod_caliber:3, .357 Magnum Conversion Kit
hbm:weapon_mod_caliber:4, .44 Magnum Conversion Kit
hbm:weapon_mod_caliber:5, 5.56mm Conversion Kit
hbm:weapon_mod_caliber:6, 7.62mm Conversion Kit
hbm:weapon_mod_caliber:7, .50 BMG Conversion Kit
theoneprobe:probe, The One Probe
theoneprobe:creativeprobe, The Creative Probe
theoneprobe:probenote, The One Probe Read Me
theoneprobe:diamond_helmet_probe:0, Diamond Helmet with Probe
theoneprobe:gold_helmet_probe:0, Gold Helmet with Probe
theoneprobe:iron_helmet_probe:0, Iron Helmet with Probe
simplemagnets:basicmagnet, simplemagnets.item.basicmagnet.name
simplemagnets:advancedmagnet, simplemagnets.item.advancedmagnet.name
simplemagnets:basic_demagnetization_coil, simplemagnets.block.basic_demagnetization_coil.name
simplemagnets:advanced_demagnetization_coil, simplemagnets.block.advanced_demagnetization_coil.name