[14:53:40] [main/INFO] [LaunchWrapper]: Loading tweak class name net.minecraftforge.fml.common.launcher.FMLTweaker
[14:53:40] [main/INFO] [LaunchWrapper]: Using primary tweak class name net.minecraftforge.fml.common.launcher.FMLTweaker
[14:53:40] [main/INFO] [LaunchWrapper]: Calling tweak class net.minecraftforge.fml.common.launcher.FMLTweaker
[14:53:40] [main/INFO] [FML]: Forge Mod Loader version 14.23.5.2864 for Minecraft 1.12.2 loading
[14:53:40] [main/INFO] [FML]: Java is Java HotSpot(TM) 64-Bit Server VM, version 1.8.0_51, running on Windows 8.1:amd64:6.3, installed at C:\Users\Eli\AppData\Roaming\PrismLauncher\java\jre-legacy
[14:53:40] [main/WARN] [FML]: The coremod FMLCorePlugin (net.minecraftforge.fml.relauncher.FMLCorePlugin) is not signed!
[14:53:40] [main/WARN] [FML]: The coremod FMLForgePlugin (net.minecraftforge.classloading.FMLForgePlugin) is not signed!
[14:53:40] [main/INFO] [FML]: Searching C:\Users\Eli\AppData\Roaming\PrismLauncher\instances\playable-srp\minecraft\mods for mods
[14:53:40] [main/WARN] [FML]: Found FMLCorePluginContainsFMLMod marker in !configanytime-3.0.jar. This is not recommended, @Mods should be in a separate jar from the coremod.
[14:53:40] [main/WARN] [FML]: The coremod com.cleanroommc.configanytime.ConfigAnytimePlugin does not have a MCVersion annotation, it may cause issues with this version of Minecraft
[14:53:40] [main/WARN] [FML]: The coremod ConfigAnytimePlugin (com.cleanroommc.configanytime.ConfigAnytimePlugin) is not signed!
[14:53:40] [main/INFO] [FML]: Loading tweaker org.spongepowered.asm.launch.MixinTweaker from !mixinbooter-10.7.jar
[14:53:40] [main/INFO] [FML]: Loading tweaker org.spongepowered.asm.launch.MixinTweaker from _MixinBootstrap-1.1.0.jar
[14:53:40] [main/INFO] [FML]: Loading tweaker org.spongepowered.asm.launch.MixinTweaker from _supermartijn642corelib-1.1.20-forge-mc1.12.jar
[14:53:40] [main/WARN] [FML]: Found FMLCorePluginContainsFMLMod marker in CTM-MC1.12.2-1.0.2.31.jar. This is not recommended, @Mods should be in a separate jar from the coremod.
[14:53:40] [main/WARN] [FML]: The coremod team.chisel.ctm.client.asm.CTMCorePlugin does not have a MCVersion annotation, it may cause issues with this version of Minecraft
[14:53:40] [main/WARN] [FML]: The coremod CTMCorePlugin (team.chisel.ctm.client.asm.CTMCorePlugin) is not signed!
[14:53:40] [main/WARN] [FML]: Found FMLCorePluginContainsFMLMod marker in entityculling-1.12.2-1.6.3.jar. This is not recommended, @Mods should be in a separate jar from the coremod.
[14:53:40] [main/WARN] [FML]: The coremod dev.tr7zw.entityculling.EntityCullingEarlyLoader does not have a MCVersion annotation, it may cause issues with this version of Minecraft
[14:53:40] [main/WARN] [FML]: The coremod EntityCullingEarlyLoader (dev.tr7zw.entityculling.EntityCullingEarlyLoader) is not signed!
[14:53:40] [main/WARN] [FML]: Found FMLCorePluginContainsFMLMod marker in groovyscript-1.3.4.jar. This is not recommended, @Mods should be in a separate jar from the coremod.
[14:53:40] [main/WARN] [FML]: The coremod GroovyScript-Core (com.cleanroommc.groovyscript.core.GroovyScriptCore) is not signed!
[14:53:40] [main/WARN] [FML]: Found FMLCorePluginContainsFMLMod marker in JEI-Utilities-1.12.2-0.2.13.jar. This is not recommended, @Mods should be in a separate jar from the coremod.
[14:53:40] [main/WARN] [FML]: The coremod com.github.vfyjxf.jeiutilities.asm.JeiUtilitiesLoadingPlugin does not have a MCVersion annotation, it may cause issues with this version of Minecraft
[14:53:40] [main/WARN] [FML]: The coremod JeiUtilitiesLoadingPlugin (com.github.vfyjxf.jeiutilities.asm.JeiUtilitiesLoadingPlugin) is not signed!
[14:53:40] [main/INFO] [FML]: Loading tweaker org.spongepowered.asm.launch.MixinTweaker from konkrete_forge_1.6.1_MC_1.12-1.12.2.jar
[14:53:40] [main/WARN] [FML]: Found FMLCorePluginContainsFMLMod marker in ntm-ce-2.5.0.3.jar. This is not recommended, @Mods should be in a separate jar from the coremod.
[14:53:40] [main/WARN] [FML]: The coremod HbmCorePlugin (com.hbm.core.HbmCorePlugin) is not signed!
[14:53:40] [main/WARN] [FML]: Found FMLCorePluginContainsFMLMod marker in UniversalTweaks-1.12.2-1.18.0.jar. This is not recommended, @Mods should be in a separate jar from the coremod.
[14:53:41] [main/WARN] [FML]: The coremod UniversalTweaksCore (mod.acgaming.universaltweaks.core.UTLoadingPlugin) is not signed!
[14:53:41] [main/WARN] [FML]: Found FMLCorePluginContainsFMLMod marker in vintagefix-0.6.2.jar. This is not recommended, @Mods should be in a separate jar from the coremod.
[14:53:41] [main/WARN] [FML]: The coremod VintageFix (org.embeddedt.vintagefix.core.VintageFixCore) is not signed!
[14:53:41] [main/WARN] [FML]: Found FMLCorePluginContainsFMLMod marker in xaerolib-forge-1.12.2-1.1.0.jar. This is not recommended, @Mods should be in a separate jar from the coremod.
[14:53:41] [main/WARN] [FML]: The coremod CorePlugin (xaero.lib.core.CorePlugin) is not signed!
[14:53:41] [main/WARN] [FML]: Found FMLCorePluginContainsFMLMod marker in xaerominimap-forge-1.12.2-25.3.10.jar. This is not recommended, @Mods should be in a separate jar from the coremod.
[14:53:41] [main/WARN] [FML]: The coremod XaeroMinimapPlugin (xaero.common.core.XaeroMinimapPlugin) is not signed!
[14:53:41] [main/WARN] [FML]: Found FMLCorePluginContainsFMLMod marker in xaeroworldmap-forge-1.12.2-1.40.11.jar. This is not recommended, @Mods should be in a separate jar from the coremod.
[14:53:41] [main/WARN] [FML]: The coremod XaeroWorldMapPlugin (xaero.map.core.XaeroWorldMapPlugin) is not signed!
[14:53:41] [main/WARN] [FML]: The coremod blusunrize.immersiveengineering.common.asm.IELoadingPlugin does not have a MCVersion annotation, it may cause issues with this version of Minecraft
[14:53:41] [main/WARN] [FML]: The coremod IELoadingPlugin (blusunrize.immersiveengineering.common.asm.IELoadingPlugin) is not signed!
[14:53:41] [main/INFO] [LaunchWrapper]: Loading tweak class name net.minecraftforge.fml.common.launcher.FMLInjectionAndSortingTweaker
[14:53:41] [main/INFO] [LaunchWrapper]: Loading tweak class name org.spongepowered.asm.launch.MixinTweaker
[14:53:41] [main/INFO] [mixin]: SpongePowered MIXIN Subsystem Version=0.8.7 Source=file:/C:/Users/Eli/AppData/Roaming/PrismLauncher/instances/playable-srp/minecraft/mods/!mixinbooter-10.7.jar Service=LaunchWrapper Env=CLIENT
[14:53:41] [main/WARN] [FML]: The coremod zone.rong.mixinbooter.MixinBooterPlugin does not have a MCVersion annotation, it may cause issues with this version of Minecraft
[14:53:41] [main/WARN] [FML]: The coremod MixinBooter (zone.rong.mixinbooter.MixinBooterPlugin) is not signed!
[14:53:41] [main/INFO] [MixinBooter]: Initializing Mixins...
[14:53:41] [main/INFO] [mixin]: Compatibility level set to JAVA_8
[14:53:41] [main/INFO] [MixinBooter]: Initializing MixinExtras...
[14:53:41] [main/INFO] [MixinBooter]: Gathering present mods...
[14:53:41] [main/INFO] [MixinBooter]: Finished gathering 14 coremods...
[14:53:41] [main/WARN] [FML]: The coremod SuperMartijn642's Core Lib Plugin (com.supermartijn642.core.coremod.CoreModPlugin) is not signed!
[14:53:41] [main/WARN] [FML]: The coremod de.keksuccino.konkrete.core.KonkreteCore does not have a MCVersion annotation, it may cause issues with this version of Minecraft
[14:53:41] [main/WARN] [FML]: The coremod KonkreteCore (de.keksuccino.konkrete.core.KonkreteCore) is not signed!
[14:53:41] [main/INFO] [de.keksuccino.konkrete.core.KonkreteCore]: [KONKRETE] LOADING CORE PLUGIN!
[14:53:41] [main/WARN] [LaunchWrapper]: Tweak class name org.spongepowered.asm.launch.MixinTweaker has already been visited -- skipping
[14:53:41] [main/WARN] [LaunchWrapper]: Tweak class name org.spongepowered.asm.launch.MixinTweaker has already been visited -- skipping
[14:53:41] [main/WARN] [LaunchWrapper]: Tweak class name org.spongepowered.asm.launch.MixinTweaker has already been visited -- skipping
[14:53:41] [main/INFO] [LaunchWrapper]: Loading tweak class name net.minecraftforge.fml.common.launcher.FMLDeobfTweaker
[14:53:41] [main/INFO] [LaunchWrapper]: Calling tweak class net.minecraftforge.fml.common.launcher.FMLInjectionAndSortingTweaker
[14:53:41] [main/INFO] [LaunchWrapper]: Calling tweak class net.minecraftforge.fml.relauncher.CoreModManager$FMLPluginWrapper
[14:53:41] [main/INFO] [LaunchWrapper]: Calling tweak class net.minecraftforge.fml.common.launcher.FMLInjectionAndSortingTweaker
[14:53:41] [main/INFO] [LaunchWrapper]: Calling tweak class net.minecraftforge.fml.relauncher.CoreModManager$FMLPluginWrapper
[14:53:41] [main/INFO] [LaunchWrapper]: Calling tweak class net.minecraftforge.fml.relauncher.CoreModManager$FMLPluginWrapper
[14:53:42] [main/INFO] [FML]: Found valid fingerprint for Minecraft. Certificate fingerprint cd99959656f753dc28d863b46769f7f8fbaefcfc
[14:53:42] [main/ERROR] [FML]: FML appears to be missing any signature data. This is not a good thing
[14:53:42] [main/INFO] [LaunchWrapper]: Calling tweak class net.minecraftforge.fml.relauncher.CoreModManager$FMLPluginWrapper
[14:53:42] [main/INFO] [LaunchWrapper]: Calling tweak class net.minecraftforge.fml.relauncher.CoreModManager$FMLPluginWrapper
[14:53:42] [main/INFO] [LaunchWrapper]: Calling tweak class net.minecraftforge.fml.relauncher.CoreModManager$FMLPluginWrapper
[14:53:42] [main/INFO] [LaunchWrapper]: Calling tweak class net.minecraftforge.fml.relauncher.CoreModManager$FMLPluginWrapper
[14:53:42] [main/INFO] [LaunchWrapper]: Calling tweak class net.minecraftforge.fml.relauncher.CoreModManager$FMLPluginWrapper
[14:53:42] [main/INFO] [VintageFix]: Loading JarDiscovererCache
[14:53:42] [main/INFO] [LaunchWrapper]: Calling tweak class net.minecraftforge.fml.relauncher.CoreModManager$FMLPluginWrapper
[14:53:42] [main/INFO] [LaunchWrapper]: Calling tweak class net.minecraftforge.fml.relauncher.CoreModManager$FMLPluginWrapper
[14:53:42] [main/INFO] [LaunchWrapper]: Calling tweak class net.minecraftforge.fml.relauncher.CoreModManager$FMLPluginWrapper
[14:53:42] [main/INFO] [LaunchWrapper]: Calling tweak class org.spongepowered.asm.launch.MixinTweaker
[14:53:42] [main/INFO] [mixin]: Initialised Mixin FML Remapper Adapter with net.minecraftforge.fml.common.asm.transformers.deobf.FMLDeobfuscatingRemapper@593a6726
[14:53:42] [main/INFO] [MixinBooter]: Loading early loader dev.tr7zw.entityculling.EntityCullingEarlyLoader for its mixins.
[14:53:42] [main/INFO] [MixinBooter]: Adding [entityculling.mixins.json] mixin configuration.
[14:53:42] [main/INFO] [MixinBooter]: Loading early loader com.cleanroommc.groovyscript.core.GroovyScriptCore for its mixins.
[14:53:42] [main/INFO] [MixinBooter]: Adding [mixin.groovyscript.json] mixin configuration.
[14:53:42] [main/INFO] [MixinBooter]: Loading early loader com.hbm.core.HbmCorePlugin for its mixins.
[14:53:42] [main/INFO] [MixinBooter]: Adding [hbm.common.mixin.json] mixin configuration.
[14:53:42] [main/INFO] [MixinBooter]: Adding [hbm.mod.mixin.json] mixin configuration.
[14:53:42] [main/INFO] [MixinBooter]: Adding [hbm.vanilla.mixin.json] mixin configuration.
[14:53:42] [main/INFO] [MixinBooter]: Loading early loader mod.acgaming.universaltweaks.core.UTLoadingPlugin for its mixins.
[14:53:42] [main/INFO] [MixinBooter]: Adding [mixins/tweaks/mixins.blocks.betterrailplacement.json] mixin configuration.
[14:53:42] [main/INFO] [MixinBooter]: Adding [mixins/tweaks/mixins.misc.buttons.anaglyph.json] mixin configuration.
[14:53:42] [main/INFO] [MixinBooter]: Adding [mixins/tweaks/mixins.misc.buttons.snooper.client.json] mixin configuration.
[14:53:42] [main/INFO] [MixinBooter]: Adding [mixins/tweaks/mixins.performance.textureatlas.json] mixin configuration.
[14:53:42] [main/INFO] [MixinBooter]: Adding [mixins/tweaks/mixins.performance.audioreload.json] mixin configuration.
[14:53:42] [main/INFO] [MixinBooter]: Adding [mixins/tweaks/mixins.misc.gui.keybindlistentry.json] mixin configuration.
[14:53:42] [main/INFO] [MixinBooter]: Adding [mixins/bugfixes/mixins.misc.spectatormenu.json] mixin configuration.
[14:53:42] [main/INFO] [MixinBooter]: Adding [mixins/bugfixes/mixins.entities.elytrarender.json] mixin configuration.
[14:53:42] [main/INFO] [MixinBooter]: Adding [mixins/bugfixes/mixins.entities.entitylists.client.json] mixin configuration.
[14:53:42] [main/INFO] [MixinBooter]: Adding [mixins/bugfixes/mixins.misc.actionbar.json] mixin configuration.
[14:53:42] [main/INFO] [MixinBooter]: Adding [mixins/bugfixes/mixins.blocks.miningglitch.client.json] mixin configuration.
[14:53:42] [main/INFO] [MixinBooter]: Adding [mixins/tweaks/mixins.performance.resourcemanager.json] mixin configuration.
[14:53:42] [main/INFO] [MixinBooter]: Adding [mixins/tweaks/mixins.performance.connectionspeed.json] mixin configuration.
[14:53:42] [main/INFO] [MixinBooter]: Adding [mixins/tweaks/mixins.items.itementities.client.json] mixin configuration.
[14:53:42] [main/INFO] [MixinBooter]: Adding [mixins/bugfixes/mixins.world.frustumculling.json] mixin configuration.
[14:53:42] [main/INFO] [MixinBooter]: Adding [mixins/tweaks/mixins.misc.gui.ping.json] mixin configuration.
[14:53:42] [main/INFO] [MixinBooter]: Adding [mixins/bugfixes/mixins.entities.elytra.json] mixin configuration.
[14:53:42] [main/INFO] [MixinBooter]: Adding [mixins/tweaks/mixins.misc.viewbobbing.json] mixin configuration.
[14:53:42] [main/INFO] [MixinBooter]: Adding [mixins/bugfixes/mixins.blocks.blockoverlay.json] mixin configuration.
[14:53:42] [main/INFO] [MixinBooter]: Adding [mixins/tweaks/mixins.misc.gui.lanserverproperties.json] mixin configuration.
[14:53:42] [main/INFO] [MixinBooter]: Adding [mixins/tweaks/mixins.misc.buttons.realms.json] mixin configuration.
[14:53:42] [main/INFO] [MixinBooter]: Adding [mixins/bugfixes/mixins.misc.smoothlighting.json] mixin configuration.
[14:53:42] [main/INFO] [MixinBooter]: Adding [mixins/tweaks/mixins.misc.smoothscrolling.json] mixin configuration.
[14:53:42] [main/INFO] [MixinBooter]: Adding [mixins/tweaks/mixins.misc.timeouts.client.json] mixin configuration.
[14:53:42] [main/INFO] [MixinBooter]: Adding [mixins/bugfixes/mixins.blocks.banner.json] mixin configuration.
[14:53:42] [main/INFO] [MixinBooter]: Adding [mixins/tweaks/mixins.performance.fps.json] mixin configuration.
[14:53:42] [main/INFO] [MixinBooter]: Adding [mixins/bugfixes/mixins.misc.itempickup.json] mixin configuration.
[14:53:42] [main/INFO] [MixinBooter]: Adding [mixins/tweaks/mixins.misc.chat.bed.json] mixin configuration.
[14:53:42] [main/INFO] [MixinBooter]: Adding [mixins/bugfixes/mixins.misc.potionamplifier.json] mixin configuration.
[14:53:42] [main/INFO] [MixinBooter]: Adding [mixins/tweaks/mixins.misc.recipebook.client.json] mixin configuration.
[14:53:42] [main/INFO] [MixinBooter]: Adding [mixins/tweaks/mixins.performance.languageswitching.json] mixin configuration.
[14:53:42] [main/INFO] [MixinBooter]: Adding [mixins/tweaks/mixins.misc.gui.potionduration.json] mixin configuration.
[14:53:42] [main/INFO] [MixinBooter]: Adding [mixins/tweaks/mixins.misc.gui.modlist.json] mixin configuration.
[14:53:42] [main/INFO] [MixinBooter]: Adding [mixins/tweaks/mixins.misc.toastcontrol.json] mixin configuration.
[14:53:42] [main/INFO] [MixinBooter]: Adding [mixins/tweaks/mixins.entities.ai.saddledwandering.json] mixin configuration.
[14:53:42] [main/INFO] [MixinBooter]: Adding [mixins/bugfixes/mixins.world.chunksaving.json] mixin configuration.
[14:53:42] [main/INFO] [MixinBooter]: Adding [mixins/tweaks/mixins.items.itementities.server.json] mixin configuration.
[14:53:42] [main/INFO] [MixinBooter]: Adding [mixins/tweaks/mixins.blocks.leafdecay.json] mixin configuration.
[14:53:42] [main/INFO] [MixinBooter]: Adding [mixins/tweaks/mixins.entities.spawning.husk.json] mixin configuration.
[14:53:42] [main/INFO] [MixinBooter]: Adding [mixins/bugfixes/mixins.entities.maxhealth.json] mixin configuration.
[14:53:42] [main/INFO] [MixinBooter]: Adding [mixins/bugfixes/mixins.blocks.falling.json] mixin configuration.
[14:53:42] [main/INFO] [MixinBooter]: Adding [mixins/bugfixes/mixins.misc.crafteditemstatistics.json] mixin configuration.
[14:53:42] [main/INFO] [MixinBooter]: Adding [mixins/tweaks/mixins.entities.spawning.stray.json] mixin configuration.
[14:53:42] [main/INFO] [MixinBooter]: Adding [mixins/bugfixes/mixins.blocks.comparatortiming.json] mixin configuration.
[14:53:42] [main/INFO] [MixinBooter]: Adding [mixins/bugfixes/mixins.blocks.hopper.boundingbox.json] mixin configuration.
[14:53:42] [main/INFO] [MixinBooter]: Adding [mixins/tweaks/mixins.performance.entityradiuscheck.lesscollisions.json] mixin configuration.
[14:53:42] [main/INFO] [MixinBooter]: Adding [mixins/tweaks/mixins.entities.burning.mobs.json] mixin configuration.
[14:53:42] [main/INFO] [MixinBooter]: Adding [mixins/bugfixes/mixins.blocks.miningglitch.server.json] mixin configuration.
[14:53:42] [main/INFO] [MixinBooter]: Adding [mixins/bugfixes/mixins.world.tileentities.json] mixin configuration.
[14:53:42] [main/INFO] [MixinBooter]: Adding [mixins/bugfixes/mixins.entities.deathtime.json] mixin configuration.
[14:53:42] [main/INFO] [MixinBooter]: Adding [mixins/bugfixes/mixins.entities.tracker.json] mixin configuration.
[14:53:42] [main/INFO] [MixinBooter]: Adding [mixins/tweaks/mixins.performance.pathfinding.json] mixin configuration.
[14:53:42] [main/INFO] [MixinBooter]: Adding [mixins/tweaks/mixins.entities.ai.json] mixin configuration.
[14:53:42] [main/INFO] [MixinBooter]: Adding [mixins/bugfixes/mixins.entities.minecart.json] mixin configuration.
[14:53:42] [main/INFO] [MixinBooter]: Adding [mixins/bugfixes/mixins.entities.skeletonaim.json] mixin configuration.
[14:53:42] [main/INFO] [MixinBooter]: Adding [mixins/tweaks/mixins.performance.prefixcheck.json] mixin configuration.
[14:53:42] [main/INFO] [MixinBooter]: Adding [mixins/bugfixes/mixins.misc.particlespawning.json] mixin configuration.
[14:53:42] [main/INFO] [MixinBooter]: Adding [mixins/bugfixes/mixins.misc.durabilitycap.json] mixin configuration.
[14:53:42] [main/INFO] [MixinBooter]: Adding [mixins/tweaks/mixins.misc.recipebook.server.json] mixin configuration.
[14:53:42] [main/INFO] [MixinBooter]: Adding [mixins/bugfixes/mixins.entities.suffocation.json] mixin configuration.
[14:53:42] [main/INFO] [MixinBooter]: Adding [mixins/tweaks/mixins.items.rarity.json] mixin configuration.
[14:53:42] [main/INFO] [MixinBooter]: Adding [mixins/bugfixes/mixins.misc.packetsize.json] mixin configuration.
[14:53:42] [main/INFO] [MixinBooter]: Adding [mixins/tweaks/mixins.blocks.sapling.json] mixin configuration.
[14:53:42] [main/INFO] [MixinBooter]: Adding [mixins/bugfixes/mixins.entities.sleeping.json] mixin configuration.
[14:53:42] [main/INFO] [MixinBooter]: Adding [mixins/tweaks/mixins.performance.dyeblending.json] mixin configuration.
[14:53:42] [main/INFO] [MixinBooter]: Adding [mixins/tweaks/mixins.performance.craftingcache.json] mixin configuration.
[14:53:42] [main/INFO] [MixinBooter]: Adding [mixins/bugfixes/mixins.entities.desync.json] mixin configuration.
[14:53:42] [main/INFO] [MixinBooter]: Adding [mixins/bugfixes/mixins.entities.attackradius.json] mixin configuration.
[14:53:42] [main/INFO] [MixinBooter]: Adding [mixins/bugfixes/mixins.entities.entitylists.json] mixin configuration.
[14:53:42] [main/INFO] [MixinBooter]: Adding [mixins/bugfixes/mixins.blocks.itemframevoid.json] mixin configuration.
[14:53:42] [main/INFO] [MixinBooter]: Adding [mixins/bugfixes/mixins.blocks.hopper.tile.json] mixin configuration.
[14:53:42] [main/INFO] [MixinBooter]: Adding [mixins/tweaks/mixins.blocks.lenientpaths.json] mixin configuration.
[14:53:42] [main/INFO] [MixinBooter]: Adding [mixins/tweaks/mixins.misc.difficulty.singleplayer.json] mixin configuration.
[14:53:42] [main/INFO] [MixinBooter]: Adding [mixins/tweaks/mixins.misc.timeouts.json] mixin configuration.
[14:53:42] [main/INFO] [MixinBooter]: Adding [mixins/bugfixes/mixins.world.village.json] mixin configuration.
[14:53:42] [main/INFO] [MixinBooter]: Adding [mixins/mixins.vanilla.mod.accessors.json] mixin configuration.
[14:53:42] [main/INFO] [MixinBooter]: Adding [mixins/tweaks/mixins.entities.taming.horse.json] mixin configuration.
[14:53:42] [main/INFO] [MixinBooter]: Adding [mixins/bugfixes/mixins.blocks.ladderflying.json] mixin configuration.
[14:53:42] [main/INFO] [MixinBooter]: Adding [mixins/tweaks/mixins.world.stronghold.json] mixin configuration.
[14:53:42] [main/INFO] [MixinBooter]: Adding [mixins/tweaks/mixins.performance.entityradiuscheck.reducesearchsize.json] mixin configuration.
[14:53:42] [main/INFO] [MixinBooter]: Adding [mixins/bugfixes/mixins.entities.dimensionchange.json] mixin configuration.
[14:53:42] [main/INFO] [MixinBooter]: Adding [mixins/bugfixes/mixins.entities.destroypacket.json] mixin configuration.
[14:53:42] [main/INFO] [MixinBooter]: Adding [mixins/bugfixes/mixins.entities.horsefalling.json] mixin configuration.
[14:53:42] [main/INFO] [MixinBooter]: Adding [mixins/tweaks/mixins.misc.incurablepotions.json] mixin configuration.
[14:53:42] [main/INFO] [MixinBooter]: Adding [mixins/bugfixes/mixins.world.witchhut.json] mixin configuration.
[14:53:42] [main/INFO] [MixinBooter]: Adding [mixins/bugfixes/mixins.entities.boundingbox.json] mixin configuration.
[14:53:42] [main/INFO] [MixinBooter]: Adding [mixins/bugfixes/mixins.entities.mount.json] mixin configuration.
[14:53:42] [main/INFO] [MixinBooter]: Adding [mixins/tweaks/mixins.entities.burning.horse.json] mixin configuration.
[14:53:42] [main/INFO] [MixinBooter]: Adding [mixins/bugfixes/mixins.entities.blockfire.json] mixin configuration.
[14:53:42] [main/INFO] [MixinBooter]: Adding [mixins/bugfixes/mixins.entities.saturation.json] mixin configuration.
[14:53:42] [main/INFO] [MixinBooter]: Adding [mixins/bugfixes/mixins.entities.boat.breaking.json] mixin configuration.
[14:53:42] [main/INFO] [MixinBooter]: Adding [mixins/tweaks/mixins.misc.commands.seed.json] mixin configuration.
[14:53:42] [main/INFO] [MixinBooter]: Adding [mixins/bugfixes/mixins.world.portal.json] mixin configuration.
[14:53:42] [main/INFO] [MixinBooter]: Adding [mixins/bugfixes/mixins.entities.boat.offset.json] mixin configuration.
[14:53:42] [main/INFO] [MixinBooter]: Adding [mixins/bugfixes/mixins.blocks.piston.tile.json] mixin configuration.
[14:53:42] [main/INFO] [MixinBooter]: Adding [mixins/tweaks/mixins.blocks.endportal.json] mixin configuration.
[14:53:42] [main/INFO] [MixinBooter]: Adding [mixins/bugfixes/mixins.entities.untippedarrowparticles.json] mixin configuration.
[14:53:42] [main/INFO] [MixinBooter]: Adding [mixins/tweaks/mixins.blocks.bedobstruction.json] mixin configuration.
[14:53:42] [main/INFO] [MixinBooter]: Adding [mixins/bugfixes/mixins.entities.entityid.json] mixin configuration.
[14:53:42] [main/INFO] [MixinBooter]: Adding [mixins/tweaks/mixins.performance.advancements.triggers.json] mixin configuration.
[14:53:42] [main/INFO] [MixinBooter]: Loading early loader org.embeddedt.vintagefix.core.VintageFixCore for its mixins.
[14:53:42] [main/INFO] [MixinBooter]: Adding [mixins.vintagefix.init.json] mixin configuration.
[14:53:42] [main/INFO] [MixinBooter]: Adding [mixins.vintagefix.json] mixin configuration.
[14:53:42] [main/INFO] [LaunchWrapper]: Calling tweak class net.minecraftforge.fml.common.launcher.FMLDeobfTweaker
[14:53:42] [main/WARN] [mixin]: Reference map '' for mixins.vintagefix.init.json could not be read. If this is a development environment you can ignore this message
[14:53:42] [main/INFO] [LaunchWrapper]: Calling tweak class net.minecraftforge.fml.relauncher.CoreModManager$FMLPluginWrapper
[14:53:42] [main/INFO] [LaunchWrapper]: Calling tweak class net.minecraftforge.fml.relauncher.CoreModManager$FMLPluginWrapper
[14:53:42] [main/INFO] [LaunchWrapper]: Calling tweak class net.minecraftforge.fml.relauncher.CoreModManager$FMLPluginWrapper
[14:53:42] [main/INFO] [LaunchWrapper]: Loading tweak class name net.minecraftforge.fml.common.launcher.TerminalTweaker
[14:53:42] [main/INFO] [LaunchWrapper]: Loading tweak class name org.spongepowered.asm.mixin.EnvironmentStateTweaker
[14:53:42] [main/INFO] [LaunchWrapper]: Calling tweak class net.minecraftforge.fml.common.launcher.TerminalTweaker
[14:53:42] [main/INFO] [LaunchWrapper]: Calling tweak class org.spongepowered.asm.mixin.EnvironmentStateTweaker
[14:53:42] [main/INFO] [VintageFix Mixin Loader]: Found 100 mixins
[14:53:42] [main/INFO] [VintageFix Mixin Loader]: Successfully saved config file
[14:53:42] [main/INFO] [HBM CoreMod]: Patching class net.minecraftforge.common.ForgeHooks / net.minecraftforge.common.ForgeHooks
[14:53:42] [main/INFO] [HBM CoreMod]: Patching method: onPickBlock(Lnet/minecraft/util/math/RayTraceResult;Lnet/minecraft/entity/player/EntityPlayer;Lnet/minecraft/world/World;)Z
[14:53:42] [main/INFO] [HBM CoreMod]: Patching method: isLivingOnLadder(Lnet/minecraft/block/state/IBlockState;Lnet/minecraft/world/World;Lnet/minecraft/util/math/BlockPos;Lnet/minecraft/entity/EntityLivingBase;)Z
[14:53:42] [main/INFO] [HBM CoreMod]: Injected CheckLadderEvent hook before fullBoundingBoxLadders read
[14:53:42] [main/INFO] [HBM CoreMod]: Patching class net.minecraft.entity.item.EntityItem / acl
[14:53:42] [main/INFO] [HBM CoreMod]: Patching method: onUpdate / func_70071_h_
[14:53:42] [main/INFO] [HBM CoreMod]: Injected HazardSystem hook into EntityItem#onUpdate (all return site(s))
[14:53:42] [main/INFO] [STDOUT]: [xaero.common.core.transformer.ClassNodeTransformer:transform:29]: Transforming class aed net.minecraft.entity.player.EntityPlayer
[14:53:42] [main/INFO] [STDOUT]: [xaero.map.core.transformer.ClassNodeTransformer:transform:29]: Transforming class net.minecraft.entity.player.EntityPlayer
[14:53:42] [main/INFO] [STDOUT]: [xaero.common.core.transformer.ClassNodeTransformer:transform:29]: Transforming class bud net.minecraft.client.entity.EntityPlayerSP
[14:53:42] [main/INFO] [STDOUT]: [team.chisel.ctm.client.asm.CTMTransformer:preTransform:230]: Transforming Class [net.minecraftforge.client.ForgeHooksClient], Method [getDamageModel]
[14:53:42] [main/INFO] [STDOUT]: [team.chisel.ctm.client.asm.CTMTransformer:finishTransform:242]: Transforming net.minecraftforge.client.ForgeHooksClient Finished.
[14:53:42] [main/INFO] [de.keksuccino.konkrete.mixin.KonkreteMixinPlugin]: [KONKRETE] APPLYING MIXIN: de.keksuccino.konkrete.mixin.client.MixinMinecraft | TO TARGET: net.minecraft.client.Minecraft
[14:53:42] [main/INFO] [STDOUT]: [xaero.map.core.transformer.ClassNodeTransformer:transform:29]: Transforming class net.minecraft.client.Minecraft
[14:53:42] [main/ERROR] [mixin]: Classloader restrictions [PACKAGE_TRANSFORMER_EXCLUSION] encountered loading hbm.common.mixin.json:MixinFMLProxyPacket from owner hbm, name: com.hbm.mixin.MixinFMLProxyPacket
[14:53:42] [main/ERROR] [mixin]: Classloader restrictions [PACKAGE_TRANSFORMER_EXCLUSION] encountered loading hbm.common.mixin.json:MixinNetworkDispatcher from owner hbm, name: com.hbm.mixin.MixinNetworkDispatcher
[14:53:42] [main/ERROR] [mixin]: Classloader restrictions [PACKAGE_TRANSFORMER_EXCLUSION] encountered loading hbm.common.mixin.json:MixinCompiledChunk from owner hbm, name: com.hbm.mixin.MixinCompiledChunk
[14:53:42] [main/ERROR] [mixin]: Classloader restrictions [PACKAGE_TRANSFORMER_EXCLUSION] encountered loading hbm.common.mixin.json:MixinSetVisibility from owner hbm, name: com.hbm.mixin.MixinSetVisibility
[14:53:42] [main/ERROR] [mixin]: Classloader restrictions [PACKAGE_TRANSFORMER_EXCLUSION] encountered loading hbm.common.mixin.json:MixinRenderChunk from owner hbm, name: com.hbm.mixin.MixinRenderChunk
[14:53:42] [main/ERROR] [mixin]: Classloader restrictions [PACKAGE_TRANSFORMER_EXCLUSION] encountered loading hbm.common.mixin.json:MixinRenderGlobal from owner hbm, name: com.hbm.mixin.MixinRenderGlobal
[14:53:42] [main/ERROR] [mixin]: Classloader restrictions [PACKAGE_TRANSFORMER_EXCLUSION] encountered loading hbm.common.mixin.json:MixinTileEntity from owner hbm, name: com.hbm.mixin.MixinTileEntity
[14:53:42] [main/ERROR] [mixin]: Classloader restrictions [PACKAGE_TRANSFORMER_EXCLUSION] encountered loading hbm.common.mixin.json:MixinRenderPlayerManly from owner hbm, name: com.hbm.mixin.MixinRenderPlayerManly
[14:53:42] [main/ERROR] [mixin]: Classloader restrictions [PACKAGE_TRANSFORMER_EXCLUSION] encountered loading hbm.vanilla.mixin.json:base.MixinBufferBuilder from owner hbm, name: com.hbm.mixin.vanilla.base.MixinBufferBuilder
[14:53:42] [main/ERROR] [mixin]: Classloader restrictions [PACKAGE_TRANSFORMER_EXCLUSION] encountered loading hbm.vanilla.mixin.json:MixinRenderGlobal from owner hbm, name: com.hbm.mixin.vanilla.MixinRenderGlobal
[14:53:42] [main/ERROR] [mixin]: Classloader restrictions [PACKAGE_TRANSFORMER_EXCLUSION] encountered loading hbm.vanilla.mixin.json:celeritas.MixinRenderGlobal from owner hbm, name: com.hbm.mixin.vanilla.celeritas.MixinRenderGlobal
[14:53:42] [main/ERROR] [mixin]: Classloader restrictions [PACKAGE_TRANSFORMER_EXCLUSION] encountered loading hbm.vanilla.mixin.json:neonium.MixinBufferBuilder from owner hbm, name: com.hbm.mixin.vanilla.neonium.MixinBufferBuilder
[14:53:42] [main/ERROR] [mixin]: Classloader restrictions [PACKAGE_TRANSFORMER_EXCLUSION] encountered loading hbm.vanilla.mixin.json:neonium.MixinChunkRenderManager from owner hbm, name: com.hbm.mixin.vanilla.neonium.MixinChunkRenderManager
[14:53:42] [main/ERROR] [mixin]: Classloader restrictions [PACKAGE_TRANSFORMER_EXCLUSION] encountered loading hbm.vanilla.mixin.json:neonium.MixinRenderGlobal from owner hbm, name: com.hbm.mixin.vanilla.neonium.MixinRenderGlobal
[14:53:42] [main/ERROR] [mixin]: Classloader restrictions [PACKAGE_TRANSFORMER_EXCLUSION] encountered loading hbm.vanilla.mixin.json:neonium.MixinSodiumWorldRenderer from owner hbm, name: com.hbm.mixin.vanilla.neonium.MixinSodiumWorldRenderer
[14:53:42] [main/ERROR] [mixin]: Classloader restrictions [PACKAGE_TRANSFORMER_EXCLUSION] encountered loading hbm.vanilla.mixin.json:nothirium.MixinBufferBuilder from owner hbm, name: com.hbm.mixin.vanilla.nothirium.MixinBufferBuilder
[14:53:42] [main/ERROR] [mixin]: Classloader restrictions [PACKAGE_TRANSFORMER_EXCLUSION] encountered loading hbm.vanilla.mixin.json:nothirium.MixinBufferBuilderOptifine from owner hbm, name: com.hbm.mixin.vanilla.nothirium.MixinBufferBuilderOptifine
[14:53:42] [main/ERROR] [mixin]: Classloader restrictions [PACKAGE_TRANSFORMER_EXCLUSION] encountered loading hbm.vanilla.mixin.json:nothirium.MixinAbstractChunkRenderer from owner hbm, name: com.hbm.mixin.vanilla.nothirium.MixinAbstractChunkRenderer
[14:53:42] [main/ERROR] [mixin]: Classloader restrictions [PACKAGE_TRANSFORMER_EXCLUSION] encountered loading hbm.vanilla.mixin.json:nothirium.MixinRenderGlobal from owner hbm, name: com.hbm.mixin.vanilla.nothirium.MixinRenderGlobal
[14:53:42] [main/ERROR] [mixin]: Classloader restrictions [PACKAGE_TRANSFORMER_EXCLUSION] encountered loading hbm.vanilla.mixin.json:optifine.MixinBufferBuilder from owner hbm, name: com.hbm.mixin.vanilla.optifine.MixinBufferBuilder
[14:53:42] [main/ERROR] [mixin]: Classloader restrictions [PACKAGE_TRANSFORMER_EXCLUSION] encountered loading hbm.vanilla.mixin.json:optifine.MixinRenderGlobal from owner hbm, name: com.hbm.mixin.vanilla.optifine.MixinRenderGlobal
[14:53:43] [main/INFO] [STDOUT]: [team.chisel.ctm.client.asm.CTMTransformer:preTransform:230]: Transforming Class [net.minecraft.block.Block], Method [getExtendedState]
[14:53:43] [main/INFO] [STDOUT]: [team.chisel.ctm.client.asm.CTMTransformer:finishTransform:242]: Transforming net.minecraft.block.Block Finished.
[14:53:43] [main/INFO] [STDOUT]: [xaero.lib.core.transformer.ClassNodeTransformer:transform:29]: Transforming class bsb net.minecraft.client.multiplayer.WorldClient
[14:53:43] [main/INFO] [STDOUT]: [xaero.common.core.transformer.ClassNodeTransformer:transform:29]: Transforming class bsb net.minecraft.client.multiplayer.WorldClient
[14:53:43] [main/INFO] [STDOUT]: [xaero.map.core.transformer.ClassNodeTransformer:transform:29]: Transforming class net.minecraft.client.multiplayer.WorldClient
[14:53:43] [main/INFO] [STDOUT]: [xaero.common.core.transformer.ClassNodeTransformer:transform:29]: Transforming class net.minecraftforge.client.GuiIngameForge net.minecraftforge.client.GuiIngameForge
[14:53:43] [main/INFO] [STDOUT]: [xaero.lib.core.transformer.ClassNodeTransformer:transform:29]: Transforming class pl net.minecraft.server.management.PlayerList
[14:53:43] [main/INFO] [STDOUT]: [xaero.common.core.transformer.ClassNodeTransformer:transform:29]: Transforming class pl net.minecraft.server.management.PlayerList
[14:53:43] [main/INFO] [STDOUT]: [xaero.map.core.transformer.ClassNodeTransformer:transform:29]: Transforming class net.minecraft.server.management.PlayerList
[14:53:43] [main/INFO] [STDOUT]: [xaero.common.core.transformer.ClassNodeTransformer:transform:29]: Transforming class axw net.minecraft.world.chunk.Chunk
[14:53:43] [main/INFO] [STDOUT]: [xaero.map.core.transformer.ClassNodeTransformer:transform:29]: Transforming class net.minecraft.world.chunk.Chunk
[14:53:43] [main/INFO] [STDOUT]: [xaero.lib.core.transformer.ClassNodeTransformer:transform:29]: Transforming class oq net.minecraft.entity.player.EntityPlayerMP
[14:53:43] [main/INFO] [STDOUT]: [xaero.common.core.transformer.ClassNodeTransformer:transform:29]: Transforming class oq net.minecraft.entity.player.EntityPlayerMP
[14:53:43] [main/INFO] [STDOUT]: [xaero.map.core.transformer.ClassNodeTransformer:transform:29]: Transforming class net.minecraft.entity.player.EntityPlayerMP
[14:53:43] [main/INFO] [HBM CoreMod]: Patching class net.minecraft.inventory.Container / afr
[14:53:43] [main/INFO] [HBM CoreMod]: Patching method: detectAndSendChanges / func_75142_b
[14:53:43] [main/INFO] [HBM CoreMod]: Injected hook at NonNullList#set site
[14:53:43] [main/INFO] [HBM CoreMod]: Patching class net.minecraft.entity.player.InventoryPlayer / aec
[14:53:43] [main/INFO] [HBM CoreMod]: Patching method: setInventorySlotContents / func_70299_a
[14:53:43] [main/ERROR] [mixin]: Classloader restrictions [PACKAGE_TRANSFORMER_EXCLUSION] encountered loading hbm.mod.mixin.json:celeritas.MixinBuiltRenderSectionData from owner hbm, name: com.hbm.mixin.mod.celeritas.MixinBuiltRenderSectionData
[14:53:43] [main/ERROR] [mixin]: Classloader restrictions [PACKAGE_TRANSFORMER_EXCLUSION] encountered loading hbm.mod.mixin.json:celeritas.MixinCameraTransform from owner hbm, name: com.hbm.mixin.mod.celeritas.MixinCameraTransform
[14:53:43] [main/ERROR] [mixin]: Classloader restrictions [PACKAGE_TRANSFORMER_EXCLUSION] encountered loading hbm.mod.mixin.json:celeritas.MixinCeleritasWorldRenderer from owner hbm, name: com.hbm.mixin.mod.celeritas.MixinCeleritasWorldRenderer
[14:53:43] [main/ERROR] [mixin]: Classloader restrictions [PACKAGE_TRANSFORMER_EXCLUSION] encountered loading hbm.mod.mixin.json:celeritas.MixinChunkBuilderMeshingTask from owner hbm, name: com.hbm.mixin.mod.celeritas.MixinChunkBuilderMeshingTask
[14:53:43] [main/ERROR] [mixin]: Classloader restrictions [PACKAGE_TRANSFORMER_EXCLUSION] encountered loading hbm.mod.mixin.json:celeritas.MixinDefaultChunkRenderer from owner hbm, name: com.hbm.mixin.mod.celeritas.MixinDefaultChunkRenderer
[14:53:43] [main/ERROR] [mixin]: Classloader restrictions [PACKAGE_TRANSFORMER_EXCLUSION] encountered loading hbm.mod.mixin.json:celeritas.MixinOcclusionCuller from owner hbm, name: com.hbm.mixin.mod.celeritas.MixinOcclusionCuller
[14:53:43] [main/ERROR] [mixin]: Classloader restrictions [PACKAGE_TRANSFORMER_EXCLUSION] encountered loading hbm.mod.mixin.json:celeritas.MixinRenderSectionManager from owner hbm, name: com.hbm.mixin.mod.celeritas.MixinRenderSectionManager
[14:53:43] [main/ERROR] [mixin]: Classloader restrictions [PACKAGE_TRANSFORMER_EXCLUSION] encountered loading hbm.mod.mixin.json:celeritas.MixinViewport from owner hbm, name: com.hbm.mixin.mod.celeritas.MixinViewport
[14:53:43] [main/ERROR] [mixin]: Classloader restrictions [PACKAGE_TRANSFORMER_EXCLUSION] encountered loading hbm.mod.mixin.json:neonium.MixinChunkGraphNode from owner hbm, name: com.hbm.mixin.mod.neonium.MixinChunkGraphNode
[14:53:43] [main/ERROR] [mixin]: Classloader restrictions [PACKAGE_TRANSFORMER_EXCLUSION] encountered loading hbm.mod.mixin.json:neonium.MixinChunkRenderRebuildTask from owner hbm, name: com.hbm.mixin.mod.neonium.MixinChunkRenderRebuildTask
[14:53:43] [main/ERROR] [mixin]: Classloader restrictions [PACKAGE_TRANSFORMER_EXCLUSION] encountered loading hbm.mod.mixin.json:nothirium.MixinAbstractRenderChunk from owner hbm, name: com.hbm.mixin.mod.nothirium.MixinAbstractRenderChunk
[14:53:43] [main/ERROR] [mixin]: Classloader restrictions [PACKAGE_TRANSFORMER_EXCLUSION] encountered loading hbm.mod.mixin.json:nothirium.MixinRenderChunkTaskCompile from owner hbm, name: com.hbm.mixin.mod.nothirium.MixinRenderChunkTaskCompile
[14:53:43] [main/ERROR] [mixin]: Classloader restrictions [PACKAGE_TRANSFORMER_EXCLUSION] encountered loading hbm.mod.mixin.json:nothirium.MixinVisibilitySet from owner hbm, name: com.hbm.mixin.mod.nothirium.MixinVisibilitySet
[14:53:43] [main/ERROR] [mixin]: Classloader restrictions [PACKAGE_TRANSFORMER_EXCLUSION] encountered loading hbm.mod.mixin.json:optifine.MixinRenderItem from owner hbm, name: com.hbm.mixin.mod.optifine.MixinRenderItem
[14:53:43] [main/INFO] [STDOUT]: [xaero.common.core.transformer.ClassNodeTransformer:transform:29]: Transforming class bua net.minecraft.client.entity.AbstractClientPlayer
[14:53:43] [main/INFO] [STDOUT]: [xaero.map.core.transformer.ClassNodeTransformer:transform:29]: Transforming class net.minecraft.client.entity.AbstractClientPlayer
[14:53:43] [main/WARN] [VintageFix Mixin Loader]: Not applying mixin 'org.embeddedt.vintagefix.mixin.version_protest.MinecraftMixin' as 'mixin.version_protest' is disabled in config
[14:53:43] [main/WARN] [VintageFix Mixin Loader]: Not applying mixin 'org.embeddedt.vintagefix.mixin.version_protest.FMLCommonHandlerMixin' as 'mixin.version_protest' is disabled in config
[14:53:43] [main/INFO] [STDOUT]: [xaero.map.core.transformer.ClassNodeTransformer:transform:29]: Transforming class net.minecraft.world.biome.BiomeColorHelper
[14:53:43] [main/INFO] [STDOUT]: [team.chisel.ctm.client.asm.CTMTransformer:preTransform:230]: Transforming Class [net.minecraft.client.renderer.texture.TextureMap], Method [registerSprite]
[14:53:43] [main/INFO] [STDOUT]: [team.chisel.ctm.client.asm.CTMTransformer:finishTransform:242]: Transforming net.minecraft.client.renderer.texture.TextureMap Finished.
[14:53:43] [main/INFO] [STDOUT]: [team.chisel.ctm.client.asm.CTMTransformer:preTransform:230]: Transforming Class [net.minecraftforge.client.model.ModelLoader$VanillaModelWrapper], Method [getTextures]
[14:53:43] [main/INFO] [STDOUT]: [team.chisel.ctm.client.asm.CTMTransformer:finishTransform:242]: Transforming net.minecraftforge.client.model.ModelLoader$VanillaModelWrapper Finished.
[14:53:43] [main/INFO] [STDOUT]: [team.chisel.ctm.client.asm.CTMTransformer:preTransform:230]: Transforming Class [net.minecraft.client.renderer.texture.TextureAtlasSprite], Method [updateAnimationInterpolated]
[14:53:43] [main/INFO] [STDOUT]: [team.chisel.ctm.client.asm.CTMTransformer:finishTransform:242]: Transforming net.minecraft.client.renderer.texture.TextureAtlasSprite Finished.
[14:53:43] [main/INFO] [STDOUT]: [xaero.common.core.transformer.ClassNodeTransformer:transform:29]: Transforming class net.minecraft.server.MinecraftServer net.minecraft.server.MinecraftServer
[14:53:43] [main/INFO] [STDOUT]: [xaero.map.core.transformer.ClassNodeTransformer:transform:29]: Transforming class net.minecraft.server.MinecraftServer
[14:53:43] [main/INFO] [LaunchWrapper]: Launching wrapped minecraft {net.minecraft.client.main.Main}
[14:53:43] [main/INFO] [STDOUT]: [xaero.map.core.transformer.ClassNodeTransformer:transform:29]: Transforming class net.minecraft.client.Minecraft
[14:53:43] [main/INFO] [MixinExtras|Service]: Initializing MixinExtras via com.llamalad7.mixinextras.service.MixinExtrasServiceImpl(version=0.5.0).
[14:53:43] [main/INFO] [STDOUT]: [xaero.lib.core.transformer.ClassNodeTransformer:transform:29]: Transforming class bsb net.minecraft.client.multiplayer.WorldClient
[14:53:43] [main/INFO] [STDOUT]: [xaero.common.core.transformer.ClassNodeTransformer:transform:29]: Transforming class bsb net.minecraft.client.multiplayer.WorldClient
[14:53:43] [main/INFO] [STDOUT]: [xaero.map.core.transformer.ClassNodeTransformer:transform:29]: Transforming class net.minecraft.client.multiplayer.WorldClient
[14:53:43] [main/INFO] [STDOUT]: [xaero.lib.core.transformer.ClassNodeTransformer:transform:29]: Transforming class brz net.minecraft.client.network.NetHandlerPlayClient
[14:53:43] [main/INFO] [STDOUT]: [xaero.common.core.transformer.ClassNodeTransformer:transform:29]: Transforming class brz net.minecraft.client.network.NetHandlerPlayClient
[14:53:43] [main/INFO] [STDOUT]: [xaero.map.core.transformer.ClassNodeTransformer:transform:29]: Transforming class net.minecraft.client.network.NetHandlerPlayClient
[14:53:43] [main/INFO] [STDOUT]: [xaero.common.core.transformer.ClassNodeTransformer:transform:29]: Transforming class aed net.minecraft.entity.player.EntityPlayer
[14:53:43] [main/INFO] [STDOUT]: [xaero.map.core.transformer.ClassNodeTransformer:transform:29]: Transforming class net.minecraft.entity.player.EntityPlayer
[14:53:43] [main/INFO] [STDOUT]: [xaero.common.core.transformer.ClassNodeTransformer:transform:29]: Transforming class bud net.minecraft.client.entity.EntityPlayerSP
[14:53:43] [main/INFO] [STDOUT]: [xaero.common.core.transformer.ClassNodeTransformer:transform:29]: Transforming class bua net.minecraft.client.entity.AbstractClientPlayer
[14:53:43] [main/INFO] [STDOUT]: [xaero.map.core.transformer.ClassNodeTransformer:transform:29]: Transforming class net.minecraft.client.entity.AbstractClientPlayer
[14:53:43] [main/INFO] [STDOUT]: [xaero.common.core.transformer.ClassNodeTransformer:transform:29]: Transforming class net.minecraftforge.client.GuiIngameForge net.minecraftforge.client.GuiIngameForge
[14:53:43] [main/INFO] [STDOUT]: [xaero.common.core.transformer.ClassNodeTransformer:transform:29]: Transforming class net.minecraft.server.MinecraftServer net.minecraft.server.MinecraftServer
[14:53:43] [main/INFO] [STDOUT]: [xaero.map.core.transformer.ClassNodeTransformer:transform:29]: Transforming class net.minecraft.server.MinecraftServer
[14:53:43] [main/INFO] [STDOUT]: [team.chisel.ctm.client.asm.CTMTransformer:preTransform:230]: Transforming Class [net.minecraftforge.client.ForgeHooksClient], Method [getDamageModel]
[14:53:43] [main/INFO] [STDOUT]: [team.chisel.ctm.client.asm.CTMTransformer:finishTransform:242]: Transforming net.minecraftforge.client.ForgeHooksClient Finished.
[14:53:44] [Client thread/INFO] [net.minecraft.client.Minecraft]: Setting user: Elibikerdude
[14:53:44] [Client thread/INFO] [STDOUT]: [team.chisel.ctm.client.asm.CTMTransformer:preTransform:230]: Transforming Class [net.minecraft.block.Block], Method [getExtendedState]
[14:53:44] [Client thread/INFO] [STDOUT]: [team.chisel.ctm.client.asm.CTMTransformer:finishTransform:242]: Transforming net.minecraft.block.Block Finished.
[14:53:44] [Client thread/INFO] [HBM CoreMod]: Patching class net.minecraft.entity.item.EntityItem / acl
[14:53:44] [Client thread/INFO] [HBM CoreMod]: Patching method: onUpdate / func_70071_h_
[14:53:44] [Client thread/INFO] [HBM CoreMod]: Injected HazardSystem hook into EntityItem#onUpdate (all return site(s))
[14:53:44] [Client thread/INFO] [VintageFix - class definer]: Using Java 8 class definer
[14:53:44] [Client thread/INFO] [STDOUT]: [xaero.lib.core.transformer.ClassNodeTransformer:transform:29]: Transforming class oq net.minecraft.entity.player.EntityPlayerMP
[14:53:44] [Client thread/INFO] [STDOUT]: [xaero.common.core.transformer.ClassNodeTransformer:transform:29]: Transforming class oq net.minecraft.entity.player.EntityPlayerMP
[14:53:44] [Client thread/INFO] [STDOUT]: [xaero.map.core.transformer.ClassNodeTransformer:transform:29]: Transforming class net.minecraft.entity.player.EntityPlayerMP
[14:53:44] [Client thread/INFO] [HBM CoreMod]: Patching class net.minecraft.inventory.Container / afr
[14:53:44] [Client thread/INFO] [HBM CoreMod]: Patching method: detectAndSendChanges / func_75142_b
[14:53:44] [Client thread/INFO] [HBM CoreMod]: Injected hook at NonNullList#set site
[14:53:45] [Client thread/INFO] [STDOUT]: [xaero.common.core.transformer.ClassNodeTransformer:transform:29]: Transforming class bhy net.minecraft.client.settings.KeyBinding
[14:53:45] [Client thread/INFO] [HBM CoreMod]: Patching class net.minecraft.entity.player.InventoryPlayer / aec
[14:53:45] [Client thread/INFO] [HBM CoreMod]: Patching method: setInventorySlotContents / func_70299_a
[14:53:45] [Client thread/INFO] [net.minecraft.client.Minecraft]: LWJGL Version: 2.9.4
[14:53:45] [Client thread/INFO] [HBM CoreMod]: Patching class net.minecraft.client.renderer.GlStateManager / bus
[14:53:45] [Client thread/INFO] [FML]: -- System Details --
Details:
	Minecraft Version: 1.12.2
	Operating System: Windows 8.1 (amd64) version 6.3
	Java Version: 1.8.0_51, Oracle Corporation
	Java VM Version: Java HotSpot(TM) 64-Bit Server VM (mixed mode), Oracle Corporation
	Memory: 706974232 bytes (674 MB) / 1885863936 bytes (1798 MB) up to 11397496832 bytes (10869 MB)
	JVM Flags: 3 total; -XX:HeapDumpPath=MojangTricksIntelDriversForPerformance_javaw.exe_minecraft.exe.heapdump -Xms512m -Xmx12228m
	IntCache: cache: 0, tcache: 0, allocated: 0, tallocated: 0
	FML: 
	Loaded coremods (and transformers): 
MixinBooter (!mixinbooter-10.7.jar)
  
SuperMartijn642's Core Lib Plugin (_supermartijn642corelib-1.1.20-forge-mc1.12.jar)
  
IELoadingPlugin (ImmersiveEngineering-core-0.12-98.jar)
  blusunrize.immersiveengineering.common.asm.IEClassTransformer
KonkreteCore (konkrete_forge_1.6.1_MC_1.12-1.12.2.jar)
  
XaeroWorldMapPlugin (xaeroworldmap-forge-1.12.2-1.40.11.jar)
  xaero.map.core.transformer.ChunkTransformer
  xaero.map.core.transformer.NetHandlerPlayClientTransformer
  xaero.map.core.transformer.EntityPlayerTransformer
  xaero.map.core.transformer.AbstractClientPlayerTransformer
  xaero.map.core.transformer.WorldClientTransformer
  xaero.map.core.transformer.EntityPlayerMPTransformer
  xaero.map.core.transformer.PlayerListTransformer
  xaero.map.core.transformer.SaveFormatTransformer
  xaero.map.core.transformer.BiomeColorHelperTransformer
  xaero.map.core.transformer.MinecraftServerTransformer
  xaero.map.core.transformer.MinecraftTransformer
GroovyScript-Core (groovyscript-1.3.4.jar)
  
CTMCorePlugin (CTM-MC1.12.2-1.0.2.31.jar)
  team.chisel.ctm.client.asm.CTMTransformer
JeiUtilitiesLoadingPlugin (JEI-Utilities-1.12.2-0.2.13.jar)
  com.github.vfyjxf.jeiutilities.asm.JeiUtilitiesClassTransformer
EntityCullingEarlyLoader (entityculling-1.12.2-1.6.3.jar)
  
VintageFix (vintagefix-0.6.2.jar)
  org.embeddedt.vintagefix.transformer.ASMModParserTransformer
HbmCorePlugin (ntm-ce-2.5.0.3.jar)
  com.hbm.core.HbmCoreTransformer
UniversalTweaksCore (UniversalTweaks-1.12.2-1.18.0.jar)
  
CorePlugin (xaerolib-forge-1.12.2-1.1.0.jar)
  xaero.lib.core.transformer.PlayerListTransformer
  xaero.lib.core.transformer.EntityPlayerMPTransformer
  xaero.lib.core.transformer.NetHandlerPlayClientTransformer
  xaero.lib.core.transformer.WorldClientTransformer
ConfigAnytimePlugin (!configanytime-3.0.jar)
  
XaeroMinimapPlugin (xaerominimap-forge-1.12.2-25.3.10.jar)
  xaero.common.core.transformer.ChunkTransformer
  xaero.common.core.transformer.NetHandlerPlayClientTransformer
  xaero.common.core.transformer.EntityPlayerTransformer
  xaero.common.core.transformer.AbstractClientPlayerTransformer
  xaero.common.core.transformer.WorldClientTransformer
  xaero.common.core.transformer.EntityPlayerMPTransformer
  xaero.common.core.transformer.EntityPlayerSPTransformer
  xaero.common.core.transformer.PlayerListTransformer
  xaero.common.core.transformer.SaveFormatTransformer
  xaero.common.core.transformer.GuiIngameForgeTransformer
  xaero.common.core.transformer.KeyBindingTransformer
  xaero.common.core.transformer.MinecraftServerTransformer
  xaero.common.core.transformer.ModelRendererTransformer
	GL info: ' Vendor: 'NVIDIA Corporation' Version: '4.6.0 NVIDIA 596.49' Renderer: 'NVIDIA GeForce RTX 4070 SUPER/PCIe/SSE2'
[14:53:45] [Client thread/INFO] [FML]: MinecraftForge v14.23.5.2864 Initialized
[14:53:45] [Client thread/INFO] [FML]: Starts to replace vanilla recipe ingredients with ore ingredients.
[14:53:45] [Client thread/INFO] [FML]: Invalid recipe found with multiple oredict ingredients in the same ingredient...
[14:53:45] [Client thread/INFO] [FML]: Replaced 1227 ore ingredients
[14:53:45] [Client thread/INFO] [HBM CoreMod]: Patching class net.minecraftforge.common.ForgeHooks / net.minecraftforge.common.ForgeHooks
[14:53:45] [Client thread/INFO] [HBM CoreMod]: Patching method: onPickBlock(Lnet/minecraft/util/math/RayTraceResult;Lnet/minecraft/entity/player/EntityPlayer;Lnet/minecraft/world/World;)Z
[14:53:45] [Client thread/INFO] [HBM CoreMod]: Patching method: isLivingOnLadder(Lnet/minecraft/block/state/IBlockState;Lnet/minecraft/world/World;Lnet/minecraft/util/math/BlockPos;Lnet/minecraft/entity/EntityLivingBase;)Z
[14:53:45] [Client thread/INFO] [HBM CoreMod]: Injected CheckLadderEvent hook before fullBoundingBoxLadders read
[14:53:45] [Client thread/INFO] [MixinBooter]: Initializing MixinBooter's Mod Container.
[14:53:45] [Client thread/INFO] [FML]: Searching C:\Users\Eli\AppData\Roaming\PrismLauncher\instances\playable-srp\minecraft\mods for mods
[14:53:46] [Client thread/WARN] [FML]: Mod ironchest is missing the required element 'version' and a version.properties file could not be found. Falling back to metadata version 1.12.2-7.0.67.844
[14:53:46] [Client thread/WARN] [FML]: Mod konkrete is missing the required element 'version' and a version.properties file could not be found. Falling back to metadata version 1.6.1
[14:53:46] [Client thread/WARN] [FML]: Mod patchouli is missing the required element 'version' and a version.properties file could not be found. Falling back to metadata version 1.0-23.6
[14:53:46] [Client thread/WARN] [FML]: Mod xaerolib is missing the required element 'version' and a version.properties file could not be found. Falling back to metadata version 1.1.0
[14:53:46] [Client thread/WARN] [FML]: Mod xaerominimap is missing the required element 'version' and a version.properties file could not be found. Falling back to metadata version 25.3.10
[14:53:46] [Client thread/WARN] [FML]: Mod xaeroworldmap is missing the required element 'version' and a version.properties file could not be found. Falling back to metadata version 1.40.11
[14:53:46] [Client thread/INFO] [FML]: Forge Mod Loader has identified 49 mods to load
[14:53:46] [Client thread/INFO] [MixinBooter]: Loading late loader [mod.acgaming.universaltweaks.core.UTMixinLoader] for its mixins.
[14:53:46] [Client thread/INFO] [MixinBooter]: Loading late loader [org.embeddedt.vintagefix.core.LateMixins] for its mixins.
[14:53:46] [Client thread/INFO] [MixinBooter]: Loading late loader [com.cleanroommc.groovyscript.core.LateMixin] for its mixins.
[14:53:46] [Client thread/INFO] [MixinBooter]: Adding [mixin.groovyscript.appliedenergistics2.json] mixin configuration.
[14:53:46] [Client thread/INFO] [MixinBooter]: Adding [mixin.groovyscript.jei.json] mixin configuration.
[14:53:46] [Client thread/INFO] [MixinBooter]: Adding [mixins.vintagefix.late.json] mixin configuration.
[14:53:46] [Client thread/INFO] [MixinBooter]: Adding [mixins/mods/mixins.ironchests.json] mixin configuration.
[14:53:46] [Client thread/INFO] [MixinBooter]: Adding [mixins/mods/mixins.immersiveengineering.toolevent.json] mixin configuration.
[14:53:46] [Client thread/INFO] [MixinBooter]: Adding [mixins/mods/mixins.immersiveengineering.toolhand.json] mixin configuration.
[14:53:46] [Client thread/WARN] [mixin]: Error loading class: mrtjp/projectred/relocation/MovingBlockRenderDispatcher (java.lang.ClassNotFoundException: The specified class 'mrtjp.projectred.relocation.MovingBlockRenderDispatcher' was not found)
[14:53:46] [Client thread/WARN] [mixin]: @Mixin target mrtjp.projectred.relocation.MovingBlockRenderDispatcher was not found mixins.vintagefix.late.json:chunk_rendering.MixinMovingBlockRenderDispatcher from owner unknown-owner
[14:53:46] [Client thread/WARN] [mixin]: Error loading class: com/agricraft/agricore/util/ResourceHelper (java.lang.ClassNotFoundException: The specified class 'com.agricraft.agricore.util.ResourceHelper' was not found)
[14:53:46] [Client thread/WARN] [mixin]: Error loading class: slimeknights/tconstruct/library/client/CustomTextureCreator (java.lang.ClassNotFoundException: The specified class 'slimeknights.tconstruct.library.client.CustomTextureCreator' was not found)
[14:53:46] [Client thread/WARN] [mixin]: @Mixin target slimeknights.tconstruct.library.client.CustomTextureCreator was not found mixins.vintagefix.late.json:dynamic_resources.MixinCustomTextureCreator from owner unknown-owner
[14:53:46] [Client thread/WARN] [mixin]: Error loading class: slimeknights/mantle/client/ModelHelper (java.lang.ClassNotFoundException: The specified class 'slimeknights.mantle.client.ModelHelper' was not found)
[14:53:46] [Client thread/WARN] [mixin]: @Mixin target slimeknights.mantle.client.ModelHelper was not found mixins.vintagefix.late.json:dynamic_resources.MixinModelHelper from owner unknown-owner
[14:53:46] [Client thread/WARN] [mixin]: Error loading class: pl/asie/debark/util/ModelLoaderEarlyView (java.lang.ClassNotFoundException: The specified class 'pl.asie.debark.util.ModelLoaderEarlyView' was not found)
[14:53:46] [Client thread/WARN] [mixin]: Error loading class: mod/chiselsandbits/chiseledblock/data/VoxelBlob (java.lang.ClassNotFoundException: The specified class 'mod.chiselsandbits.chiseledblock.data.VoxelBlob' was not found)
[14:53:46] [Client thread/WARN] [mixin]: @Mixin target mod.chiselsandbits.chiseledblock.data.VoxelBlob was not found mixins.vintagefix.late.json:dynamic_resources.VoxelBlobMixin from owner unknown-owner
[14:53:46] [Client thread/WARN] [mixin]: Error loading class: li/cil/oc/client/renderer/block/ModelInitialization$ (java.lang.ClassNotFoundException: The specified class 'li.cil.oc.client.renderer.block.ModelInitialization$' was not found)
[14:53:46] [Client thread/WARN] [mixin]: @Mixin target li.cil.oc.client.renderer.block.ModelInitialization$ was not found mixins.vintagefix.late.json:dynamic_resources.OCModelInitializationMixin from owner unknown-owner
[14:53:46] [Client thread/WARN] [mixin]: Error loading class: com/raoulvdberge/refinedstorage/proxy/ProxyClient (java.lang.ClassNotFoundException: The specified class 'com.raoulvdberge.refinedstorage.proxy.ProxyClient' was not found)
[14:53:46] [Client thread/WARN] [mixin]: @Mixin target com.raoulvdberge.refinedstorage.proxy.ProxyClient was not found mixins.vintagefix.late.json:dynamic_resources.RSProxyClientMixin from owner unknown-owner
[14:53:46] [Client thread/WARN] [mixin]: Error loading class: com/zeitheron/hammercore/proxy/RenderProxy_Client (java.lang.ClassNotFoundException: The specified class 'com.zeitheron.hammercore.proxy.RenderProxy_Client' was not found)
[14:53:46] [Client thread/WARN] [mixin]: @Mixin target com.zeitheron.hammercore.proxy.RenderProxy_Client was not found mixins.vintagefix.late.json:dynamic_resources.MixinHammerRenderProxy from owner unknown-owner
[14:53:46] [Client thread/WARN] [mixin]: Error loading class: slimeknights/tconstruct/library/client/model/BakedToolModel$ToolItemOverrideList (java.lang.ClassNotFoundException: The specified class 'slimeknights.tconstruct.library.client.model.BakedToolModel$ToolItemOverrideList' was not found)
[14:53:46] [Client thread/WARN] [mixin]: @Mixin target slimeknights/tconstruct/library/client/model/BakedToolModel$ToolItemOverrideList was not found mixins.vintagefix.late.json:dynamic_resources.BakedToolModelListMixin from owner unknown-owner
[14:53:46] [Client thread/WARN] [mixin]: Error loading class: pl/asie/ucw/util/ModelLoaderEarlyView (java.lang.ClassNotFoundException: The specified class 'pl.asie.ucw.util.ModelLoaderEarlyView' was not found)
[14:53:46] [Client thread/WARN] [mixin]: @Mixin target pl.asie.ucw.util.ModelLoaderEarlyView was not found mixins.vintagefix.late.json:dynamic_resources.MixinModelLoaderEarlyView from owner unknown-owner
[14:53:46] [Client thread/WARN] [mixin]: Error loading class: prospector/traverse/client/Traverse2Textures (java.lang.ClassNotFoundException: The specified class 'prospector.traverse.client.Traverse2Textures' was not found)
[14:53:46] [Client thread/WARN] [mixin]: Error loading class: thebetweenlands/client/render/model/loader/CustomModelLoader (java.lang.ClassNotFoundException: The specified class 'thebetweenlands.client.render.model.loader.CustomModelLoader' was not found)
[14:53:46] [Client thread/WARN] [mixin]: @Mixin target thebetweenlands.client.render.model.loader.CustomModelLoader was not found mixins.vintagefix.late.json:dynamic_resources.MixinCustomBetweenlandsModels from owner unknown-owner
[14:53:46] [Client thread/WARN] [mixin]: Error loading class: com/teamacronymcoders/base/util/files/DirectoryResourcePack (java.lang.ClassNotFoundException: The specified class 'com.teamacronymcoders.base.util.files.DirectoryResourcePack' was not found)
[14:53:46] [Client thread/WARN] [mixin]: @Mixin target com.teamacronymcoders.base.util.files.DirectoryResourcePack was not found mixins.vintagefix.late.json:resourcepacks.MixinDirectoryResourcePack from owner unknown-owner
[14:53:46] [Client thread/WARN] [mixin]: Error loading class: lumien/resourceloader/loader/NormalResourceLoader (java.lang.ClassNotFoundException: The specified class 'lumien.resourceloader.loader.NormalResourceLoader' was not found)
[14:53:46] [Client thread/WARN] [mixin]: @Mixin target lumien.resourceloader.loader.NormalResourceLoader was not found mixins.vintagefix.late.json:resourcepacks.MixinNormalResourceLoader from owner unknown-owner
[14:53:46] [Client thread/WARN] [mixin]: Error loading class: lumien/resourceloader/loader/OverridingResourceLoader (java.lang.ClassNotFoundException: The specified class 'lumien.resourceloader.loader.OverridingResourceLoader' was not found)
[14:53:46] [Client thread/WARN] [mixin]: @Mixin target lumien.resourceloader.loader.OverridingResourceLoader was not found mixins.vintagefix.late.json:resourcepacks.MixinNormalResourceLoader from owner unknown-owner
[14:53:46] [Client thread/INFO] [FML]: Attempting connection with missing mods [minecraft, mcp, playablesrp, FML, forge, xaerolib_core, xaerominimap_core, xaeroworldmap_core, mixinbooter, hbmcore, configanytime, supermartijn642corelib, ae2stuff, appliedenergistics2, bdlib, betterquesting, camera, clumps, controlling, craftpresence, ctm, deepmoblearning, enchdesc, entityculling, environmentaltech, groovyscript, jei, ironchest, jeiutilities, konkrete, legendarytooltips, mousetweaks, hbm, patchouli, simplemagnets, srp-info, srparasites, supermartijn642configlib, techguns, theoneprobe, unilib, universaltweaks, universalmodifiers, valkyrielib, vintagefix, xaerolib, xaerominimap, xaeroworldmap, immersiveengineering] at CLIENT
[14:53:46] [Client thread/INFO] [FML]: Attempting connection with missing mods [minecraft, mcp, playablesrp, FML, forge, xaerolib_core, xaerominimap_core, xaeroworldmap_core, mixinbooter, hbmcore, configanytime, supermartijn642corelib, ae2stuff, appliedenergistics2, bdlib, betterquesting, camera, clumps, controlling, craftpresence, ctm, deepmoblearning, enchdesc, entityculling, environmentaltech, groovyscript, jei, ironchest, jeiutilities, konkrete, legendarytooltips, mousetweaks, hbm, patchouli, simplemagnets, srp-info, srparasites, supermartijn642configlib, techguns, theoneprobe, unilib, universaltweaks, universalmodifiers, valkyrielib, vintagefix, xaerolib, xaerominimap, xaeroworldmap, immersiveengineering] at SERVER
[14:53:47] [UniLib/INFO] [unilib]: Starting version check for "unilib" (MC 1.12.2) at "https://raw.githubusercontent.com/CDAGaming/VersionLibrary/master/UniLib/update.json"
[14:53:47] [UniLib/INFO] [unilib]: Starting version check for "craftpresence" (MC 1.12.2) at "https://raw.githubusercontent.com/CDAGaming/VersionLibrary/master/CraftPresence/update.json"
[14:53:47] [Client thread/INFO] [STDOUT]: [team.chisel.ctm.client.asm.CTMTransformer:preTransform:230]: Transforming Class [net.minecraft.client.renderer.texture.TextureAtlasSprite], Method [updateAnimationInterpolated]
[14:53:47] [Client thread/INFO] [STDOUT]: [team.chisel.ctm.client.asm.CTMTransformer:finishTransform:242]: Transforming net.minecraft.client.renderer.texture.TextureAtlasSprite Finished.
[14:53:47] [CraftPresence/INFO] [craftpresence]: Configuration settings have been saved and reloaded successfully!
[14:53:47] [CraftPresence/INFO] [craftpresence]: Checking for "atlauncher" pack data...
[14:53:47] [CraftPresence/ERROR] [craftpresence]: Unable to get "atlauncher" pack data (ignore if not using a "atlauncher" pack)
[14:53:47] [CraftPresence/INFO] [craftpresence]: Checking for "curse" pack data...
[14:53:47] [CraftPresence/ERROR] [craftpresence]: Unable to get "curse" pack data (ignore if not using a "curse" pack)
[14:53:47] [CraftPresence/INFO] [craftpresence]: Checking for "mcupdater" pack data...
[14:53:47] [CraftPresence/ERROR] [craftpresence]: Unable to get "mcupdater" pack data (ignore if not using a "mcupdater" pack)
[14:53:47] [CraftPresence/INFO] [craftpresence]: Checking for "modrinth" pack data...
[14:53:47] [CraftPresence/ERROR] [craftpresence]: Unable to get "modrinth" pack data (ignore if not using a "modrinth" pack)
[14:53:47] [CraftPresence/INFO] [craftpresence]: Checking for "multimc" pack data...
[14:53:47] [CraftPresence/INFO] [craftpresence]: Found "multimc" pack data! (Name: "Playable-SRP", Icon: "playable-srp")
[14:53:47] [UniLib/ERROR] [unilib]: Failed to check for updates, enable debug mode to see errors...
[14:53:47] [UniLib/ERROR] [unilib]: Failed to check for updates, enable debug mode to see errors...
[14:53:47] [Client thread/INFO] [STDOUT]: [team.chisel.ctm.client.asm.CTMTransformer:preTransform:230]: Transforming Class [net.minecraft.client.renderer.texture.TextureMap], Method [registerSprite]
[14:53:47] [Client thread/INFO] [STDOUT]: [team.chisel.ctm.client.asm.CTMTransformer:finishTransform:242]: Transforming net.minecraft.client.renderer.texture.TextureMap Finished.
[14:53:47] [CraftPresence/INFO] [craftpresence]: Checking Discord for available assets with Client Id: 450485984333660181
[14:53:47] [CraftPresence/INFO] [craftpresence]: Originally coded by paulhobbel - https://github.com/paulhobbel
[14:53:47] [Client thread/WARN] [FML]: =============================================================
[14:53:47] [Client thread/WARN] [FML]: MOD HAS DIRECT REFERENCE System.exit() THIS IS NOT ALLOWED REROUTING TO FML!
[14:53:47] [Client thread/WARN] [FML]: Offender: groovy/ui/GroovyMain.processArgs([Ljava/lang/String;Ljava/io/PrintStream;Ljava/io/PrintStream;)V
[14:53:47] [Client thread/WARN] [FML]: Use FMLCommonHandler.exitJava instead
[14:53:47] [Client thread/WARN] [FML]: =============================================================
[14:53:47] [CraftPresence/INFO] [craftpresence]: 150 total assets detected!
[14:53:48] [Client thread/INFO] [groovyscript]: Generating obfuscation map...
[14:53:48] [Client thread/INFO] [groovyscript]: Read 1864 field and 2652 method mapping names
[14:53:48] [Thread-3/INFO] [FML]: Using sync timing. 200 frames of Display.update took 74071300 nanos
[14:53:48] [Client thread/INFO] [HBM CoreMod]: Patching class net.minecraft.client.renderer.GlStateManager / bus
[14:53:48] [Client thread/INFO] [STDOUT]: [xaero.common.core.transformer.ClassNodeTransformer:transform:29]: Transforming class brs net.minecraft.client.model.ModelRenderer
[14:53:48] [Client thread/INFO] [de.keksuccino.konkrete.Konkrete]: [KONKRETE] Successfully initialized!
[14:53:48] [Client thread/INFO] [de.keksuccino.konkrete.Konkrete]: [KONKRETE] Server-side libs ready to use!
[14:53:48] [Client thread/INFO] [STDOUT]: [xaero.common.core.transformer.ClassNodeTransformer:transform:29]: Transforming class brs net.minecraft.client.model.ModelRenderer
[14:53:48] [Client thread/INFO] [STDOUT]: [xaero.common.core.transformer.ClassNodeTransformer:transform:29]: Transforming class axw net.minecraft.world.chunk.Chunk
[14:53:48] [Client thread/INFO] [STDOUT]: [xaero.map.core.transformer.ClassNodeTransformer:transform:29]: Transforming class net.minecraft.world.chunk.Chunk
[14:53:49] [CraftPresence/INFO] [craftpresence]: Attempting to connect to Discord (1/10)...
[14:53:49] [Client thread/WARN] [VintageFix Mixin Loader]: Not applying mixin 'mixin.version_protest.F3Change' as 'mixin.version_protest' is disabled in config
[14:53:49] [CraftPresence/INFO] [craftpresence]: Loaded display data with Client Id: 450485984333660181 (Logged in as Elibikerdude)
[14:53:49] [Client thread/WARN] [VintageFix Mixin Loader]: Not applying mixin 'mixin.version_protest.LoaderChange' as 'mixin.version_protest' is disabled in config
[14:53:49] [Client thread/INFO] [xaero.lib.XaeroLib]: Registering common data for channel xaerolib:main!
[14:53:49] [Client thread/INFO] [xaero.lib.XaeroLib]: Registering client data for channel xaerolib:main!
[14:53:49] [Client thread/INFO] [xaero.lib.XaeroLib]: Loading primary common config for channel xaerolib:main!
[14:53:49] [Client thread/INFO] [xaero.lib.XaeroLib]: Loading server config profiles for channel xaerolib:main!
[14:53:49] [Client thread/INFO] [xaero.lib.XaeroLib]: Loading primary client config for channel xaerolib:main!
[14:53:49] [Client thread/INFO] [xaero.lib.XaeroLib]: Loading client config profiles for channel xaerolib:main!
[14:53:49] [Client thread/ERROR] [FML]: The mod immersiveengineering is expecting signature 4cb49fcde3b43048c9889e0a3d083225da926334 for source ImmersiveEngineering-0.12-98.jar, however there is no signature matching that description
[14:53:49] [Client thread/INFO] [STDOUT]: [blusunrize.immersiveengineering.ImmersiveEngineering:wrongSignature:175]: [Immersive Engineering/Error] THIS IS NOT AN OFFICIAL BUILD OF IMMERSIVE ENGINEERING! Found these fingerprints: []
[14:53:49] [Client thread/INFO] [net.minecraft.client.resources.SimpleReloadableResourceManager]: Reloading ResourceManager: Default, FMLFileResourcePack:Forge Mod Loader, FMLFileResourcePack:Minecraft Forge, FMLFileResourcePack:ConfigAnytime, FMLFileResourcePack:SuperMartijn642's Core Lib, FMLFileResourcePack:AE2 Stuff, FMLFileResourcePack:Applied Energistics 2, FMLFileResourcePack:BD Lib, FMLFileResourcePack:Better Questing, FMLFileResourcePack:Camera Mod, FMLFileResourcePack:Clumps, FMLFileResourcePack:Controlling, FMLFileResourcePack:CraftPresence, FMLFileResourcePack:CTM, FMLFileResourcePack:Deep Mob Evolution, FMLFileResourcePack:Enchantment Descriptions, FMLFileResourcePack:EntityCulling, FMLFileResourcePack:Environmental Tech, FMLFileResourcePack:GroovyScript, FMLFileResourcePack:Had Enough Items, FMLFileResourcePack:Iron Chest, FMLFileResourcePack:JEI Utilities, FMLFileResourcePack:Konkrete, FMLFileResourcePack:Legendary Tooltips, FMLFileResourcePack:Mouse Tweaks, FMLFileResourcePack:HBM's Nuclear Tech - Community Edition, FMLFileResourcePack:Patchouli, FMLFileResourcePack:Simple Magnets, FMLFileResourcePack:Scape & Run: Parasites Info, FMLFileResourcePack:Scape and Run Parasites, FMLFileResourcePack:SuperMartijn642's Config Library, FMLFileResourcePack:Techguns Community Edition, FMLFileResourcePack:The One Probe, FMLFileResourcePack:UniLib, FMLFileResourcePack:Universal Tweaks, FMLFileResourcePack:Universal Modifiers, FMLFileResourcePack:Valkyrie Lib, FMLFileResourcePack:VintageFix, FMLFileResourcePack:XaeroLib, FMLFileResourcePack:Xaero's Minimap, FMLFileResourcePack:Xaero's World Map, FMLFileResourcePack:Immersive Engineering, GroovyScriptResources
[14:53:49] [Client thread/INFO] [FML]: Processing ObjectHolder annotations
[14:53:49] [Client thread/INFO] [FML]: Found 1224 ObjectHolder annotations
[14:53:49] [Client thread/INFO] [FML]: Identifying ItemStackHolder annotations
[14:53:49] [Client thread/INFO] [FML]: Found 0 ItemStackHolder annotations
[14:53:49] [Client thread/INFO] [GroovyLog]: Running scripts in loader 'preInit'
[14:53:49] [Client thread/INFO] [GroovyLog]: Groovy scripts took 0ms to compile and 0ms to run in preInit.
[14:53:49] [Client thread/INFO] [groovyscript]: Running Groovy scripts during preInit took 19 ms
[14:53:50] [Client thread/INFO] [FML]: Configured a dormant chunk cache size of 0
[14:53:50] [Forge Version Check/INFO] [forge.VersionCheck]: [craftpresence] Starting version check at https://raw.githubusercontent.com/CDAGaming/VersionLibrary/master/CraftPresence/update.json
[14:53:50] [Client thread/INFO] [STDOUT]: [team.chisel.ctm.client.asm.CTMTransformer:preTransform:230]: Transforming Class [net.minecraftforge.client.model.ModelLoader$VanillaModelWrapper], Method [getTextures]
[14:53:50] [Client thread/INFO] [STDOUT]: [team.chisel.ctm.client.asm.CTMTransformer:finishTransform:242]: Transforming net.minecraftforge.client.model.ModelLoader$VanillaModelWrapper Finished.
[14:53:50] [Forge Version Check/INFO] [forge.VersionCheck]: [mousetweaks] Starting version check at http://play.sourceruns.org/yalter/MouseTweaks/update.json
[14:53:50] [Client thread/INFO] [AE2:C]: Pre Initialization ( started )
[14:53:50] [Forge Version Check/INFO] [forge.VersionCheck]: [techguns] Starting version check at https://raw.githubusercontent.com/pWn3d1337/Techguns2/master/update.json
[14:53:50] [Forge Version Check/INFO] [forge.VersionCheck]: [forge] Starting version check at http://files.minecraftforge.net/maven/net/minecraftforge/forge/promotions_slim.json
[14:53:50] [Forge Version Check/INFO] [forge.VersionCheck]: [forge] Found status: AHEAD Target: null
[14:53:50] [Forge Version Check/INFO] [forge.VersionCheck]: [unilib] Starting version check at https://raw.githubusercontent.com/CDAGaming/VersionLibrary/master/UniLib/update.json
[14:53:50] [Forge Version Check/INFO] [forge.VersionCheck]: [immersiveengineering] Starting version check at https://raw.githubusercontent.com/BluSunrize/ImmersiveEngineering/master/changelog.json
[14:53:50] [Forge Version Check/INFO] [forge.VersionCheck]: [camera] Starting version check at https://maxhenkel.de/update/camera.json
[14:53:51] [Client thread/INFO] [AE2:C]: Starting AE2 VersionChecker
[14:53:51] [Client thread/INFO] [AE2:C]: Pre Initialization ( ended after 948ms )
[14:53:51] [AE2 VersionChecker/INFO] [AE2:C]: Last check was just recently.
[14:53:51] [AE2 VersionChecker/INFO] [AE2:C]: Stopping AE2 VersionChecker
[14:53:51] [Client thread/INFO] [bdlib]: bdlib 1.14.4.1 loaded
[14:53:51] [Client thread/INFO] [bdlib]: Initialized network channel 'bdew.multiblock' for mod 'bdlib'
[14:53:51] [CraftPresence/ERROR] [craftpresence]: Asset name "playable-srp" does not exist, attempting to use an alternative icon "prism"...
[14:53:51] [CraftPresence/INFO] [craftpresence]: To add support for this icon, please request for this icon to be added to the default Client ID or add the icon under the following name: "playable-srp".
[14:53:51] [CraftPresence/INFO] [craftpresence]: Fallback icon for "playable-srp" found! Using a fallback icon with the name "prism"!
[14:53:51] [Client thread/INFO] [bdlib]: Loading internal config files for mod AE2 Stuff
[14:53:51] [Client thread/INFO] [bdlib]: Loading config: jar:file:/C:/Users/Eli/AppData/Roaming/PrismLauncher/instances/playable-srp/minecraft/mods/ae2stuff-0.7.0.4-mc1.12.2.jar!/assets/ae2stuff/config/tuning.cfg
[14:53:51] [Client thread/INFO] [bdlib]: Loading config: jar:file:/C:/Users/Eli/AppData/Roaming/PrismLauncher/instances/playable-srp/minecraft/mods/ae2stuff-0.7.0.4-mc1.12.2.jar!/assets/ae2stuff/config/recipes.cfg
[14:53:51] [Client thread/INFO] [bdlib]: Loading user config files for mod AE2 Stuff
[14:53:51] [Client thread/INFO] [bdlib]: Config loading for mod AE2 Stuff finished
[14:53:51] [Client thread/INFO] [bdlib]: Loaded creative tabs for ae2stuff
[14:53:51] [Client thread/INFO] [deepmoblearning]: Loading data from JSON config files...
[14:53:51] [Client thread/WARN] [deepmoblearning]: Missing JSON entry with key "trial"!
[14:53:51] [Client thread/WARN] [deepmoblearning]: Missing Trial JSON entry in config for Data Model minecraft:blaze. Using default values.
[14:53:51] [Client thread/WARN] [deepmoblearning]: Missing JSON entry with key "trial"!
[14:53:51] [Client thread/WARN] [deepmoblearning]: Missing Trial JSON entry in config for Data Model minecraft:creeper. Using default values.
[14:53:51] [Client thread/WARN] [deepmoblearning]: Missing JSON entry with key "trial"!
[14:53:51] [Client thread/WARN] [deepmoblearning]: Missing Trial JSON entry in config for Data Model minecraft:dragon. Using default values.
[14:53:51] [Client thread/WARN] [deepmoblearning]: Missing JSON entry with key "trial"!
[14:53:51] [Client thread/WARN] [deepmoblearning]: Missing Trial JSON entry in config for Data Model minecraft:ghast. Using default values.
[14:53:51] [Client thread/WARN] [deepmoblearning]: Missing JSON entry with key "trial"!
[14:53:51] [Client thread/WARN] [deepmoblearning]: Missing Trial JSON entry in config for Data Model minecraft:guardian. Using default values.
[14:53:51] [Client thread/WARN] [deepmoblearning]: Missing JSON entry with key "trial"!
[14:53:51] [Client thread/WARN] [deepmoblearning]: Missing Trial JSON entry in config for Data Model minecraft:shulker. Using default values.
[14:53:51] [Client thread/WARN] [deepmoblearning]: Missing JSON entry with key "trial"!
[14:53:51] [Client thread/WARN] [deepmoblearning]: Missing Trial JSON entry in config for Data Model minecraft:wither. Using default values.
[14:53:51] [Client thread/WARN] [deepmoblearning]: Missing JSON entry with key "trial"!
[14:53:51] [Client thread/WARN] [deepmoblearning]: Missing Trial JSON entry in config for Data Model thermalfoundation:thermal_elemental. Using default values.
[14:53:51] [Client thread/WARN] [deepmoblearning]: Missing JSON entry with key "trial"!
[14:53:51] [Client thread/WARN] [deepmoblearning]: Missing Trial JSON entry in config for Data Model twilightforest:twilight_forest. Using default values.
[14:53:51] [Client thread/WARN] [deepmoblearning]: Missing JSON entry with key "trial"!
[14:53:51] [Client thread/WARN] [deepmoblearning]: Missing Trial JSON entry in config for Data Model twilightforest:twilight_swamp. Using default values.
[14:53:51] [Client thread/WARN] [deepmoblearning]: Missing JSON entry with key "trial"!
[14:53:51] [Client thread/WARN] [deepmoblearning]: Missing Trial JSON entry in config for Data Model twilightforest:twilight_glacier. Using default values.
[14:53:51] [Client thread/WARN] [deepmoblearning]: Missing JSON entry with key "trial"!
[14:53:51] [Client thread/WARN] [deepmoblearning]: Missing Trial JSON entry in config for Data Model twilightforest:twilight_darkwood. Using default values.
[14:53:51] [Client thread/WARN] [deepmoblearning]: Missing JSON entry with key "trial"!
[14:53:51] [Client thread/WARN] [deepmoblearning]: Missing Trial JSON entry in config for Data Model tconstruct:tinker_slime. Using default values.
[14:53:51] [Client thread/WARN] [deepmoblearning]: Missing JSON entry with key "trial"!
[14:53:51] [Client thread/WARN] [deepmoblearning]: Missing Trial JSON entry in config for Data Model matteroverdrive:mo_android. Using default values.
[14:53:51] [Client thread/INFO] [STDOUT]: [com.valkyrieofnight.vliblegacy.m_guide.item.ItemGuide:getGuiRegistryObject:26]: com.valkyrieofnight.vliblegacy.m_guide.item.ItemGuide$GuiRegistryID@5c6231ef
[14:53:51] [Thread-7/INFO] [STDERR]: [com.valkyrieofnight.vlib.supporters.registry.JsonSupporterRegistry:download:66]: javax.net.ssl.SSLHandshakeException: sun.security.validator.ValidatorException: PKIX path building failed: sun.security.provider.certpath.SunCertPathBuilderException: unable to find valid certification path to requested target
[14:53:51] [Thread-7/INFO] [STDERR]: [com.valkyrieofnight.vlib.supporters.registry.JsonSupporterRegistry:download:66]: 	at sun.security.ssl.Alerts.getSSLException(Alerts.java:192)
[14:53:51] [Thread-7/INFO] [STDERR]: [com.valkyrieofnight.vlib.supporters.registry.JsonSupporterRegistry:download:66]: 	at sun.security.ssl.SSLSocketImpl.fatal(SSLSocketImpl.java:1949)
[14:53:51] [Thread-7/INFO] [STDERR]: [com.valkyrieofnight.vlib.supporters.registry.JsonSupporterRegistry:download:66]: 	at sun.security.ssl.Handshaker.fatalSE(Handshaker.java:302)
[14:53:51] [Thread-7/INFO] [STDERR]: [com.valkyrieofnight.vlib.supporters.registry.JsonSupporterRegistry:download:66]: 	at sun.security.ssl.Handshaker.fatalSE(Handshaker.java:296)
[14:53:51] [Thread-7/INFO] [STDERR]: [com.valkyrieofnight.vlib.supporters.registry.JsonSupporterRegistry:download:66]: 	at sun.security.ssl.ClientHandshaker.serverCertificate(ClientHandshaker.java:1497)
[14:53:51] [Thread-7/INFO] [STDERR]: [com.valkyrieofnight.vlib.supporters.registry.JsonSupporterRegistry:download:66]: 	at sun.security.ssl.ClientHandshaker.processMessage(ClientHandshaker.java:212)
[14:53:51] [Thread-7/INFO] [STDERR]: [com.valkyrieofnight.vlib.supporters.registry.JsonSupporterRegistry:download:66]: 	at sun.security.ssl.Handshaker.processLoop(Handshaker.java:979)
[14:53:51] [Thread-7/INFO] [STDERR]: [com.valkyrieofnight.vlib.supporters.registry.JsonSupporterRegistry:download:66]: 	at sun.security.ssl.Handshaker.process_record(Handshaker.java:914)
[14:53:51] [Thread-7/INFO] [STDERR]: [com.valkyrieofnight.vlib.supporters.registry.JsonSupporterRegistry:download:66]: 	at sun.security.ssl.SSLSocketImpl.readRecord(SSLSocketImpl.java:1062)
[14:53:51] [Thread-7/INFO] [STDERR]: [com.valkyrieofnight.vlib.supporters.registry.JsonSupporterRegistry:download:66]: 	at sun.security.ssl.SSLSocketImpl.performInitialHandshake(SSLSocketImpl.java:1375)
[14:53:51] [Thread-7/INFO] [STDERR]: [com.valkyrieofnight.vlib.supporters.registry.JsonSupporterRegistry:download:66]: 	at sun.security.ssl.SSLSocketImpl.startHandshake(SSLSocketImpl.java:1403)
[14:53:51] [Thread-7/INFO] [STDERR]: [com.valkyrieofnight.vlib.supporters.registry.JsonSupporterRegistry:download:66]: 	at sun.security.ssl.SSLSocketImpl.startHandshake(SSLSocketImpl.java:1387)
[14:53:51] [Thread-7/INFO] [STDERR]: [com.valkyrieofnight.vlib.supporters.registry.JsonSupporterRegistry:download:66]: 	at sun.net.www.protocol.https.HttpsClient.afterConnect(HttpsClient.java:563)
[14:53:51] [Thread-7/INFO] [STDERR]: [com.valkyrieofnight.vlib.supporters.registry.JsonSupporterRegistry:download:66]: 	at sun.net.www.protocol.https.AbstractDelegateHttpsURLConnection.connect(AbstractDelegateHttpsURLConnection.java:185)
[14:53:51] [Thread-7/INFO] [STDERR]: [com.valkyrieofnight.vlib.supporters.registry.JsonSupporterRegistry:download:66]: 	at sun.net.www.protocol.http.HttpURLConnection.getInputStream0(HttpURLConnection.java:1512)
[14:53:51] [Thread-7/INFO] [STDERR]: [com.valkyrieofnight.vlib.supporters.registry.JsonSupporterRegistry:download:66]: 	at sun.net.www.protocol.http.HttpURLConnection.access$200(HttpURLConnection.java:90)
[14:53:51] [Thread-7/INFO] [STDERR]: [com.valkyrieofnight.vlib.supporters.registry.JsonSupporterRegistry:download:66]: 	at sun.net.www.protocol.http.HttpURLConnection$9.run(HttpURLConnection.java:1432)
[14:53:51] [Thread-7/INFO] [STDERR]: [com.valkyrieofnight.vlib.supporters.registry.JsonSupporterRegistry:download:66]: 	at sun.net.www.protocol.http.HttpURLConnection$9.run(HttpURLConnection.java:1430)
[14:53:51] [Thread-7/INFO] [STDERR]: [com.valkyrieofnight.vlib.supporters.registry.JsonSupporterRegistry:download:66]: 	at java.security.AccessController.doPrivileged(Native Method)
[14:53:51] [Thread-7/INFO] [STDERR]: [com.valkyrieofnight.vlib.supporters.registry.JsonSupporterRegistry:download:66]: 	at java.security.AccessController.doPrivileged(AccessController.java:713)
[14:53:51] [Thread-7/INFO] [STDERR]: [com.valkyrieofnight.vlib.supporters.registry.JsonSupporterRegistry:download:66]: 	at sun.net.www.protocol.http.HttpURLConnection.getInputStream(HttpURLConnection.java:1429)
[14:53:51] [Thread-7/INFO] [STDERR]: [com.valkyrieofnight.vlib.supporters.registry.JsonSupporterRegistry:download:66]: 	at sun.net.www.protocol.https.HttpsURLConnectionImpl.getInputStream(HttpsURLConnectionImpl.java:254)
[14:53:51] [Thread-7/INFO] [STDERR]: [com.valkyrieofnight.vlib.supporters.registry.JsonSupporterRegistry:download:66]: 	at java.net.URL.openStream(URL.java:1038)
[14:53:51] [Thread-7/INFO] [STDERR]: [com.valkyrieofnight.vlib.supporters.registry.JsonSupporterRegistry:download:66]: 	at com.valkyrieofnight.vlib.supporters.registry.JsonSupporterRegistry.download(JsonSupporterRegistry.java:60)
[14:53:51] [Thread-7/INFO] [STDERR]: [com.valkyrieofnight.vlib.supporters.registry.JsonSupporterRegistry:download:66]: 	at com.valkyrieofnight.vlib.supporters.registry.JsonSupporterRegistry.loadRegistryData(JsonSupporterRegistry.java:39)
[14:53:51] [Thread-7/INFO] [STDERR]: [com.valkyrieofnight.vlib.supporters.registry.JsonSupporterRegistry:download:66]: 	at com.valkyrieofnight.vlib.supporters.download.SupporterRegistryThread.run(SupporterRegistryThread.java:18)
[14:53:51] [Thread-7/INFO] [STDERR]: [java.lang.Throwable:printStackTrace:634]: Caused by: sun.security.validator.ValidatorException: PKIX path building failed: sun.security.provider.certpath.SunCertPathBuilderException: unable to find valid certification path to requested target
[14:53:51] [Thread-7/INFO] [STDERR]: [java.lang.Throwable:printStackTrace:634]: 	at sun.security.validator.PKIXValidator.doBuild(PKIXValidator.java:387)
[14:53:51] [Thread-7/INFO] [STDERR]: [java.lang.Throwable:printStackTrace:634]: 	at sun.security.validator.PKIXValidator.engineValidate(PKIXValidator.java:292)
[14:53:51] [Thread-7/INFO] [STDERR]: [java.lang.Throwable:printStackTrace:634]: 	at sun.security.validator.Validator.validate(Validator.java:260)
[14:53:51] [Thread-7/INFO] [STDERR]: [java.lang.Throwable:printStackTrace:634]: 	at sun.security.ssl.X509TrustManagerImpl.validate(X509TrustManagerImpl.java:324)
[14:53:51] [Thread-7/INFO] [STDERR]: [java.lang.Throwable:printStackTrace:634]: 	at sun.security.ssl.X509TrustManagerImpl.checkTrusted(X509TrustManagerImpl.java:229)
[14:53:51] [Thread-7/INFO] [STDERR]: [java.lang.Throwable:printStackTrace:634]: 	at sun.security.ssl.X509TrustManagerImpl.checkServerTrusted(X509TrustManagerImpl.java:124)
[14:53:51] [Thread-7/INFO] [STDERR]: [java.lang.Throwable:printStackTrace:634]: 	at sun.security.ssl.ClientHandshaker.serverCertificate(ClientHandshaker.java:1479)
[14:53:51] [Thread-7/INFO] [STDERR]: [java.lang.Throwable:printStackTrace:634]: 	... 21 more
[14:53:51] [Thread-7/INFO] [STDERR]: [java.lang.Throwable:printStackTrace:643]: Caused by: sun.security.provider.certpath.SunCertPathBuilderException: unable to find valid certification path to requested target
[14:53:51] [Thread-7/INFO] [STDERR]: [java.lang.Throwable:printStackTrace:643]: 	at sun.security.provider.certpath.SunCertPathBuilder.build(SunCertPathBuilder.java:145)
[14:53:51] [Thread-7/INFO] [STDERR]: [java.lang.Throwable:printStackTrace:643]: 	at sun.security.provider.certpath.SunCertPathBuilder.engineBuild(SunCertPathBuilder.java:131)
[14:53:51] [Thread-7/INFO] [STDERR]: [java.lang.Throwable:printStackTrace:643]: 	at java.security.cert.CertPathBuilder.build(CertPathBuilder.java:280)
[14:53:51] [Thread-7/INFO] [STDERR]: [java.lang.Throwable:printStackTrace:643]: 	at sun.security.validator.PKIXValidator.doBuild(PKIXValidator.java:382)
[14:53:51] [Thread-7/INFO] [STDERR]: [java.lang.Throwable:printStackTrace:643]: 	... 27 more
[14:53:52] [Client thread/INFO] [hbm]: Advanced rendering fully supported
[14:53:52] [Client thread/ERROR] [hbm]: Shader effects manually disabled
[14:53:56] [NTM Version Checker/INFO] [hbm]: Searching for new versions...
[14:53:56] [NTM Version Checker/WARN] [hbm]: Version checker failed!
javax.net.ssl.SSLHandshakeException: sun.security.validator.ValidatorException: PKIX path building failed: sun.security.provider.certpath.SunCertPathBuilderException: unable to find valid certification path to requested target
	at sun.security.ssl.Alerts.getSSLException(Alerts.java:192) ~[?:1.8.0_51]
	at sun.security.ssl.SSLSocketImpl.fatal(SSLSocketImpl.java:1949) ~[?:1.8.0_51]
	at sun.security.ssl.Handshaker.fatalSE(Handshaker.java:302) ~[?:1.8.0_51]
	at sun.security.ssl.Handshaker.fatalSE(Handshaker.java:296) ~[?:1.8.0_51]
	at sun.security.ssl.ClientHandshaker.serverCertificate(ClientHandshaker.java:1497) ~[?:1.8.0_51]
	at sun.security.ssl.ClientHandshaker.processMessage(ClientHandshaker.java:212) ~[?:1.8.0_51]
	at sun.security.ssl.Handshaker.processLoop(Handshaker.java:979) ~[?:1.8.0_51]
	at sun.security.ssl.Handshaker.process_record(Handshaker.java:914) ~[?:1.8.0_51]
	at sun.security.ssl.SSLSocketImpl.readRecord(SSLSocketImpl.java:1062) ~[?:1.8.0_51]
	at sun.security.ssl.SSLSocketImpl.performInitialHandshake(SSLSocketImpl.java:1375) ~[?:1.8.0_51]
	at sun.security.ssl.SSLSocketImpl.startHandshake(SSLSocketImpl.java:1403) ~[?:1.8.0_51]
	at sun.security.ssl.SSLSocketImpl.startHandshake(SSLSocketImpl.java:1387) ~[?:1.8.0_51]
	at sun.net.www.protocol.https.HttpsClient.afterConnect(HttpsClient.java:563) ~[?:1.8.0_51]
	at sun.net.www.protocol.https.AbstractDelegateHttpsURLConnection.connect(AbstractDelegateHttpsURLConnection.java:185) ~[?:1.8.0_51]
	at sun.net.www.protocol.http.HttpURLConnection.getInputStream0(HttpURLConnection.java:1512) ~[?:1.8.0_51]
	at sun.net.www.protocol.http.HttpURLConnection.access$200(HttpURLConnection.java:90) ~[?:1.8.0_51]
	at sun.net.www.protocol.http.HttpURLConnection$9.run(HttpURLConnection.java:1432) ~[?:1.8.0_51]
	at sun.net.www.protocol.http.HttpURLConnection$9.run(HttpURLConnection.java:1430) ~[?:1.8.0_51]
	at java.security.AccessController.doPrivileged(Native Method) ~[?:1.8.0_51]
	at java.security.AccessController.doPrivileged(AccessController.java:713) ~[?:1.8.0_51]
	at sun.net.www.protocol.http.HttpURLConnection.getInputStream(HttpURLConnection.java:1429) ~[?:1.8.0_51]
	at sun.net.www.protocol.https.HttpsURLConnectionImpl.getInputStream(HttpsURLConnectionImpl.java:254) ~[?:1.8.0_51]
	at com.hbm.handler.HTTPHandler.openReader(HTTPHandler.java:42) ~[HTTPHandler.class:?]
	at com.hbm.handler.HTTPHandler.loadVersion(HTTPHandler.java:49) ~[HTTPHandler.class:?]
	at com.hbm.handler.HTTPHandler.lambda$loadStats$0(HTTPHandler.java:27) [HTTPHandler.class:?]
	at com.hbm.handler.HTTPHandler$$Lambda$1593/895695408.run(Unknown Source) [HTTPHandler.class:?]
	at java.lang.Thread.run(Thread.java:745) [?:1.8.0_51]
Caused by: sun.security.validator.ValidatorException: PKIX path building failed: sun.security.provider.certpath.SunCertPathBuilderException: unable to find valid certification path to requested target
	at sun.security.validator.PKIXValidator.doBuild(PKIXValidator.java:387) ~[?:1.8.0_51]
	at sun.security.validator.PKIXValidator.engineValidate(PKIXValidator.java:292) ~[?:1.8.0_51]
	at sun.security.validator.Validator.validate(Validator.java:260) ~[?:1.8.0_51]
	at sun.security.ssl.X509TrustManagerImpl.validate(X509TrustManagerImpl.java:324) ~[?:1.8.0_51]
	at sun.security.ssl.X509TrustManagerImpl.checkTrusted(X509TrustManagerImpl.java:229) ~[?:1.8.0_51]
	at sun.security.ssl.X509TrustManagerImpl.checkServerTrusted(X509TrustManagerImpl.java:124) ~[?:1.8.0_51]
	at sun.security.ssl.ClientHandshaker.serverCertificate(ClientHandshaker.java:1479) ~[?:1.8.0_51]
	... 22 more
Caused by: sun.security.provider.certpath.SunCertPathBuilderException: unable to find valid certification path to requested target
	at sun.security.provider.certpath.SunCertPathBuilder.build(SunCertPathBuilder.java:145) ~[?:1.8.0_51]
	at sun.security.provider.certpath.SunCertPathBuilder.engineBuild(SunCertPathBuilder.java:131) ~[?:1.8.0_51]
	at java.security.cert.CertPathBuilder.build(CertPathBuilder.java:280) ~[?:1.8.0_51]
	at sun.security.validator.PKIXValidator.doBuild(PKIXValidator.java:382) ~[?:1.8.0_51]
	at sun.security.validator.PKIXValidator.engineValidate(PKIXValidator.java:292) ~[?:1.8.0_51]
	at sun.security.validator.Validator.validate(Validator.java:260) ~[?:1.8.0_51]
	at sun.security.ssl.X509TrustManagerImpl.validate(X509TrustManagerImpl.java:324) ~[?:1.8.0_51]
	at sun.security.ssl.X509TrustManagerImpl.checkTrusted(X509TrustManagerImpl.java:229) ~[?:1.8.0_51]
	at sun.security.ssl.X509TrustManagerImpl.checkServerTrusted(X509TrustManagerImpl.java:124) ~[?:1.8.0_51]
	at sun.security.ssl.ClientHandshaker.serverCertificate(ClientHandshaker.java:1479) ~[?:1.8.0_51]
	... 22 more
[14:53:56] [Client thread/ERROR] [hbm]: ComparableStack holds an item that does not seem to be registered. How does that even happen?
[14:53:56] [Client thread/INFO] [STDERR]: [java.lang.Thread:dumpStack:1329]: java.lang.Exception: Stack trace
[14:53:56] [Client thread/INFO] [STDERR]: [java.lang.Thread:dumpStack:1329]: 	at java.lang.Thread.dumpStack(Thread.java:1329)
[14:53:56] [Client thread/INFO] [STDERR]: [java.lang.Thread:dumpStack:1329]: 	at com.hbm.inventory.RecipesCommon$ComparableStack.hashCode(RecipesCommon.java:265)
[14:53:56] [Client thread/INFO] [STDERR]: [java.lang.Thread:dumpStack:1329]: 	at java.util.HashMap.hash(HashMap.java:338)
[14:53:56] [Client thread/INFO] [STDERR]: [java.lang.Thread:dumpStack:1329]: 	at java.util.HashMap.put(HashMap.java:611)
[14:53:56] [Client thread/INFO] [STDERR]: [java.lang.Thread:dumpStack:1329]: 	at com.hbm.wiaj.cannery.Jars.initJars(Jars.java:27)
[14:53:56] [Client thread/INFO] [STDERR]: [java.lang.Thread:dumpStack:1329]: 	at com.hbm.main.ClientProxy.registerRenderInfo(ClientProxy.java:170)
[14:53:56] [Client thread/INFO] [STDERR]: [java.lang.Thread:dumpStack:1329]: 	at com.hbm.main.MainRegistry.preInit(MainRegistry.java:246)
[14:53:56] [Client thread/INFO] [STDERR]: [java.lang.Thread:dumpStack:1329]: 	at sun.reflect.NativeMethodAccessorImpl.invoke0(Native Method)
[14:53:56] [Client thread/INFO] [STDERR]: [java.lang.Thread:dumpStack:1329]: 	at sun.reflect.NativeMethodAccessorImpl.invoke(NativeMethodAccessorImpl.java:62)
[14:53:56] [Client thread/INFO] [STDERR]: [java.lang.Thread:dumpStack:1329]: 	at sun.reflect.DelegatingMethodAccessorImpl.invoke(DelegatingMethodAccessorImpl.java:43)
[14:53:56] [Client thread/INFO] [STDERR]: [java.lang.Thread:dumpStack:1329]: 	at java.lang.reflect.Method.invoke(Method.java:497)
[14:53:56] [Client thread/INFO] [STDERR]: [java.lang.Thread:dumpStack:1329]: 	at net.minecraftforge.fml.common.FMLModContainer.handleModStateEvent(FMLModContainer.java:637)
[14:53:56] [Client thread/INFO] [STDERR]: [java.lang.Thread:dumpStack:1329]: 	at sun.reflect.GeneratedMethodAccessor9.invoke(Unknown Source)
[14:53:56] [Client thread/INFO] [STDERR]: [java.lang.Thread:dumpStack:1329]: 	at sun.reflect.DelegatingMethodAccessorImpl.invoke(DelegatingMethodAccessorImpl.java:43)
[14:53:56] [Client thread/INFO] [STDERR]: [java.lang.Thread:dumpStack:1329]: 	at java.lang.reflect.Method.invoke(Method.java:497)
[14:53:56] [Client thread/INFO] [STDERR]: [java.lang.Thread:dumpStack:1329]: 	at com.google.common.eventbus.Subscriber.invokeSubscriberMethod(Subscriber.java:91)
[14:53:56] [Client thread/INFO] [STDERR]: [java.lang.Thread:dumpStack:1329]: 	at com.google.common.eventbus.Subscriber$SynchronizedSubscriber.invokeSubscriberMethod(Subscriber.java:150)
[14:53:56] [Client thread/INFO] [STDERR]: [java.lang.Thread:dumpStack:1329]: 	at com.google.common.eventbus.Subscriber$1.run(Subscriber.java:76)
[14:53:56] [Client thread/INFO] [STDERR]: [java.lang.Thread:dumpStack:1329]: 	at com.google.common.util.concurrent.MoreExecutors$DirectExecutor.execute(MoreExecutors.java:399)
[14:53:56] [Client thread/INFO] [STDERR]: [java.lang.Thread:dumpStack:1329]: 	at com.google.common.eventbus.Subscriber.dispatchEvent(Subscriber.java:71)
[14:53:56] [Client thread/INFO] [STDERR]: [java.lang.Thread:dumpStack:1329]: 	at com.google.common.eventbus.Dispatcher$PerThreadQueuedDispatcher.dispatch(Dispatcher.java:116)
[14:53:56] [Client thread/INFO] [STDERR]: [java.lang.Thread:dumpStack:1329]: 	at com.google.common.eventbus.EventBus.post(EventBus.java:217)
[14:53:56] [Client thread/INFO] [STDERR]: [java.lang.Thread:dumpStack:1329]: 	at net.minecraftforge.fml.common.LoadController.sendEventToModContainer(LoadController.java:219)
[14:53:56] [Client thread/INFO] [STDERR]: [java.lang.Thread:dumpStack:1329]: 	at net.minecraftforge.fml.common.LoadController.propogateStateMessage(LoadController.java:197)
[14:53:56] [Client thread/INFO] [STDERR]: [java.lang.Thread:dumpStack:1329]: 	at sun.reflect.NativeMethodAccessorImpl.invoke0(Native Method)
[14:53:56] [Client thread/INFO] [STDERR]: [java.lang.Thread:dumpStack:1329]: 	at sun.reflect.NativeMethodAccessorImpl.invoke(NativeMethodAccessorImpl.java:62)
[14:53:56] [Client thread/INFO] [STDERR]: [java.lang.Thread:dumpStack:1329]: 	at sun.reflect.DelegatingMethodAccessorImpl.invoke(DelegatingMethodAccessorImpl.java:43)
[14:53:56] [Client thread/INFO] [STDERR]: [java.lang.Thread:dumpStack:1329]: 	at java.lang.reflect.Method.invoke(Method.java:497)
[14:53:56] [Client thread/INFO] [STDERR]: [java.lang.Thread:dumpStack:1329]: 	at com.google.common.eventbus.Subscriber.invokeSubscriberMethod(Subscriber.java:91)
[14:53:56] [Client thread/INFO] [STDERR]: [java.lang.Thread:dumpStack:1329]: 	at com.google.common.eventbus.Subscriber$SynchronizedSubscriber.invokeSubscriberMethod(Subscriber.java:150)
[14:53:56] [Client thread/INFO] [STDERR]: [java.lang.Thread:dumpStack:1329]: 	at com.google.common.eventbus.Subscriber$1.run(Subscriber.java:76)
[14:53:56] [Client thread/INFO] [STDERR]: [java.lang.Thread:dumpStack:1329]: 	at com.google.common.util.concurrent.MoreExecutors$DirectExecutor.execute(MoreExecutors.java:399)
[14:53:56] [Client thread/INFO] [STDERR]: [java.lang.Thread:dumpStack:1329]: 	at com.google.common.eventbus.Subscriber.dispatchEvent(Subscriber.java:71)
[14:53:56] [Client thread/INFO] [STDERR]: [java.lang.Thread:dumpStack:1329]: 	at com.google.common.eventbus.Dispatcher$PerThreadQueuedDispatcher.dispatch(Dispatcher.java:116)
[14:53:56] [Client thread/INFO] [STDERR]: [java.lang.Thread:dumpStack:1329]: 	at com.google.common.eventbus.EventBus.post(EventBus.java:217)
[14:53:56] [Client thread/INFO] [STDERR]: [java.lang.Thread:dumpStack:1329]: 	at net.minecraftforge.fml.common.LoadController.distributeStateMessage(LoadController.java:136)
[14:53:56] [Client thread/INFO] [STDERR]: [java.lang.Thread:dumpStack:1329]: 	at net.minecraftforge.fml.common.Loader.preinitializeMods(Loader.java:629)
[14:53:56] [Client thread/INFO] [STDERR]: [java.lang.Thread:dumpStack:1329]: 	at net.minecraftforge.fml.client.FMLClientHandler.beginMinecraftLoading(FMLClientHandler.java:252)
[14:53:56] [Client thread/INFO] [STDERR]: [java.lang.Thread:dumpStack:1329]: 	at net.minecraft.client.Minecraft.func_71384_a(Minecraft.java:467)
[14:53:56] [Client thread/INFO] [STDERR]: [java.lang.Thread:dumpStack:1329]: 	at net.minecraft.client.Minecraft.func_99999_d(Minecraft.java:378)
[14:53:56] [Client thread/INFO] [STDERR]: [java.lang.Thread:dumpStack:1329]: 	at net.minecraft.client.main.Main.main(SourceFile:123)
[14:53:56] [Client thread/INFO] [STDERR]: [java.lang.Thread:dumpStack:1329]: 	at sun.reflect.NativeMethodAccessorImpl.invoke0(Native Method)
[14:53:56] [Client thread/INFO] [STDERR]: [java.lang.Thread:dumpStack:1329]: 	at sun.reflect.NativeMethodAccessorImpl.invoke(NativeMethodAccessorImpl.java:62)
[14:53:56] [Client thread/INFO] [STDERR]: [java.lang.Thread:dumpStack:1329]: 	at sun.reflect.DelegatingMethodAccessorImpl.invoke(DelegatingMethodAccessorImpl.java:43)
[14:53:56] [Client thread/INFO] [STDERR]: [java.lang.Thread:dumpStack:1329]: 	at java.lang.reflect.Method.invoke(Method.java:497)
[14:53:56] [Client thread/INFO] [STDERR]: [java.lang.Thread:dumpStack:1329]: 	at net.minecraft.launchwrapper.Launch.launch(Launch.java:135)
[14:53:56] [Client thread/INFO] [STDERR]: [java.lang.Thread:dumpStack:1329]: 	at net.minecraft.launchwrapper.Launch.main(Launch.java:28)
[14:53:56] [Client thread/INFO] [STDERR]: [java.lang.Thread:dumpStack:1329]: 	at org.prismlauncher.launcher.impl.StandardLauncher.launch(StandardLauncher.java:115)
[14:53:56] [Client thread/INFO] [STDERR]: [java.lang.Thread:dumpStack:1329]: 	at org.prismlauncher.EntryPoint.listen(EntryPoint.java:129)
[14:53:56] [Client thread/INFO] [STDERR]: [java.lang.Thread:dumpStack:1329]: 	at org.prismlauncher.EntryPoint.main(EntryPoint.java:70)
[14:53:56] [Client thread/INFO] [hbm]: [QMAW] Reloading manual...
[14:53:56] [Client thread/ERROR] [hbm]: Error reading stack array ["hbm:fluid_icon",1,10] - defaulting to NOTHING item!
[14:53:56] [Client thread/INFO] [hbm]: [QMAW] Found manual fluids/crude_oil.json
[14:53:56] [Client thread/ERROR] [hbm]: Error reading stack array ["hbm:fusion_boiler",1,0] - defaulting to NOTHING item!
[14:53:56] [Client thread/ERROR] [hbm]: Error reading stack array ["hbm:fusion_boiler"] - defaulting to NOTHING item!
[14:53:56] [Client thread/INFO] [hbm]: [QMAW] Manual fusion/boiler.json references nonexistant trigger ["hbm:fusion_boiler"]
[14:53:56] [Client thread/INFO] [hbm]: [QMAW] Found manual fusion/boiler.json
[14:53:56] [Client thread/ERROR] [hbm]: Error reading stack array ["hbm:fusion_breeder",1,0] - defaulting to NOTHING item!
[14:53:56] [Client thread/ERROR] [hbm]: Error reading stack array ["hbm:fusion_breeder"] - defaulting to NOTHING item!
[14:53:56] [Client thread/INFO] [hbm]: [QMAW] Manual fusion/breeder.json references nonexistant trigger ["hbm:fusion_breeder"]
[14:53:56] [Client thread/INFO] [hbm]: [QMAW] Found manual fusion/breeder.json
[14:53:56] [Client thread/ERROR] [hbm]: Error reading stack array ["hbm:fusion_collector",1,0] - defaulting to NOTHING item!
[14:53:56] [Client thread/ERROR] [hbm]: Error reading stack array ["hbm:fusion_collector"] - defaulting to NOTHING item!
[14:53:56] [Client thread/INFO] [hbm]: [QMAW] Manual fusion/collector.json references nonexistant trigger ["hbm:fusion_collector"]
[14:53:56] [Client thread/INFO] [hbm]: [QMAW] Found manual fusion/collector.json
[14:53:56] [Client thread/ERROR] [hbm]: Error reading stack array ["hbm:fusion_coupler",1,0] - defaulting to NOTHING item!
[14:53:56] [Client thread/ERROR] [hbm]: Error reading stack array ["hbm:fusion_coupler"] - defaulting to NOTHING item!
[14:53:56] [Client thread/INFO] [hbm]: [QMAW] Manual fusion/coupler.json references nonexistant trigger ["hbm:fusion_coupler"]
[14:53:56] [Client thread/INFO] [hbm]: [QMAW] Found manual fusion/coupler.json
[14:53:56] [Client thread/ERROR] [hbm]: Error reading stack array ["hbm:fusion_torus",1,0] - defaulting to NOTHING item!
[14:53:56] [Client thread/INFO] [hbm]: [QMAW] Found manual fusion/fusionreactor.json
[14:53:56] [Client thread/ERROR] [hbm]: Error reading stack array ["hbm:fusion_klystron",1,0] - defaulting to NOTHING item!
[14:53:56] [Client thread/ERROR] [hbm]: Error reading stack array ["hbm:fusion_klystron"] - defaulting to NOTHING item!
[14:53:56] [Client thread/INFO] [hbm]: [QMAW] Manual fusion/klystron.json references nonexistant trigger ["hbm:fusion_klystron"]
[14:53:56] [Client thread/INFO] [hbm]: [QMAW] Found manual fusion/klystron.json
[14:53:56] [Client thread/ERROR] [hbm]: Error reading stack array ["hbm:fusion_mhdt",1,0] - defaulting to NOTHING item!
[14:53:56] [Client thread/ERROR] [hbm]: Error reading stack array ["hbm:fusion_mhdt"] - defaulting to NOTHING item!
[14:53:56] [Client thread/INFO] [hbm]: [QMAW] Manual fusion/mhdt.json references nonexistant trigger ["hbm:fusion_mhdt"]
[14:53:56] [Client thread/INFO] [hbm]: [QMAW] Found manual fusion/mhdt.json
[14:53:56] [Client thread/ERROR] [hbm]: Error reading stack array ["hbm:fusion_torus",1,0] - defaulting to NOTHING item!
[14:53:56] [Client thread/ERROR] [hbm]: Error reading stack array ["hbm:fusion_torus"] - defaulting to NOTHING item!
[14:53:56] [Client thread/INFO] [hbm]: [QMAW] Manual fusion/torus.json references nonexistant trigger ["hbm:fusion_torus"]
[14:53:56] [Client thread/INFO] [hbm]: [QMAW] Found manual fusion/torus.json
[14:53:56] [Client thread/ERROR] [hbm]: Error reading stack array ["hbm:ore_oil",1,0] - defaulting to NOTHING item!
[14:53:56] [Client thread/ERROR] [hbm]: Error reading stack array ["hbm:ore_oil"] - defaulting to NOTHING item!
[14:53:56] [Client thread/INFO] [hbm]: [QMAW] Manual guide/oil.json references nonexistant trigger ["hbm:ore_oil"]
[14:53:56] [Client thread/ERROR] [hbm]: Error reading stack array ["hbm:oil_detector",1,0] - defaulting to NOTHING item!
[14:53:56] [Client thread/INFO] [hbm]: [QMAW] Manual guide/oil.json references nonexistant trigger ["hbm:oil_detector",1,0]
[14:53:56] [Client thread/INFO] [hbm]: [QMAW] Found manual guide/oil.json
[14:53:56] [Client thread/ERROR] [hbm]: Error reading stack array ["hbm:machine_refinery",1,0] - defaulting to NOTHING item!
[14:53:56] [Client thread/INFO] [hbm]: [QMAW] Found manual guide/oil1.json
[14:53:56] [Client thread/ERROR] [hbm]: Error reading stack array ["hbm:machine_catalytic_cracker",1,0] - defaulting to NOTHING item!
[14:53:56] [Client thread/INFO] [hbm]: [QMAW] Found manual guide/oil2.json
[14:53:56] [Client thread/ERROR] [hbm]: Error reading stack array ["hbm:machine_vacuum_distill",1,0] - defaulting to NOTHING item!
[14:53:56] [Client thread/INFO] [hbm]: [QMAW] Found manual guide/oil3.json
[14:53:56] [Client thread/ERROR] [hbm]: Error reading stack array ["hbm:machine_crystallizer",1,0] - defaulting to NOTHING item!
[14:53:56] [Client thread/ERROR] [hbm]: Error reading stack array ["hbm:machine_crystallizer"] - defaulting to NOTHING item!
[14:53:56] [Client thread/INFO] [hbm]: [QMAW] Manual machine/acidizer.json references nonexistant trigger ["hbm:machine_crystallizer"]
[14:53:56] [Client thread/INFO] [hbm]: [QMAW] Found manual machine/acidizer.json
[14:53:56] [Client thread/ERROR] [hbm]: Error reading stack array ["hbm:anvil_iron",1,0] - defaulting to NOTHING item!
[14:53:56] [Client thread/ERROR] [hbm]: Error reading stack array ["hbm:anvil_iron"] - defaulting to NOTHING item!
[14:53:56] [Client thread/INFO] [hbm]: [QMAW] Manual machine/anvil.json references nonexistant trigger ["hbm:anvil_iron"]
[14:53:56] [Client thread/ERROR] [hbm]: Error reading stack array ["hbm:anvil_lead"] - defaulting to NOTHING item!
[14:53:56] [Client thread/INFO] [hbm]: [QMAW] Manual machine/anvil.json references nonexistant trigger ["hbm:anvil_lead"]
[14:53:56] [Client thread/ERROR] [hbm]: Error reading stack array ["hbm:anvil_steel"] - defaulting to NOTHING item!
[14:53:56] [Client thread/INFO] [hbm]: [QMAW] Manual machine/anvil.json references nonexistant trigger ["hbm:anvil_steel"]
[14:53:56] [Client thread/ERROR] [hbm]: Error reading stack array ["hbm:anvil_desh"] - defaulting to NOTHING item!
[14:53:56] [Client thread/INFO] [hbm]: [QMAW] Manual machine/anvil.json references nonexistant trigger ["hbm:anvil_desh"]
[14:53:56] [Client thread/ERROR] [hbm]: Error reading stack array ["hbm:anvil_ferrouranium"] - defaulting to NOTHING item!
[14:53:56] [Client thread/INFO] [hbm]: [QMAW] Manual machine/anvil.json references nonexistant trigger ["hbm:anvil_ferrouranium"]
[14:53:56] [Client thread/ERROR] [hbm]: Error reading stack array ["hbm:anvil_saturnite"] - defaulting to NOTHING item!
[14:53:56] [Client thread/INFO] [hbm]: [QMAW] Manual machine/anvil.json references nonexistant trigger ["hbm:anvil_saturnite"]
[14:53:56] [Client thread/ERROR] [hbm]: Error reading stack array ["hbm:anvil_bismuth_bronze"] - defaulting to NOTHING item!
[14:53:56] [Client thread/INFO] [hbm]: [QMAW] Manual machine/anvil.json references nonexistant trigger ["hbm:anvil_bismuth_bronze"]
[14:53:56] [Client thread/ERROR] [hbm]: Error reading stack array ["hbm:anvil_arsenic_bronze"] - defaulting to NOTHING item!
[14:53:56] [Client thread/INFO] [hbm]: [QMAW] Manual machine/anvil.json references nonexistant trigger ["hbm:anvil_arsenic_bronze"]
[14:53:56] [Client thread/ERROR] [hbm]: Error reading stack array ["hbm:anvil_schrabidate"] - defaulting to NOTHING item!
[14:53:56] [Client thread/INFO] [hbm]: [QMAW] Manual machine/anvil.json references nonexistant trigger ["hbm:anvil_schrabidate"]
[14:53:56] [Client thread/ERROR] [hbm]: Error reading stack array ["hbm:anvil_dnt"] - defaulting to NOTHING item!
[14:53:56] [Client thread/INFO] [hbm]: [QMAW] Manual machine/anvil.json references nonexistant trigger ["hbm:anvil_dnt"]
[14:53:56] [Client thread/ERROR] [hbm]: Error reading stack array ["hbm:anvil_osmiridium"] - defaulting to NOTHING item!
[14:53:56] [Client thread/INFO] [hbm]: [QMAW] Manual machine/anvil.json references nonexistant trigger ["hbm:anvil_osmiridium"]
[14:53:56] [Client thread/ERROR] [hbm]: Error reading stack array ["hbm:anvil_murky"] - defaulting to NOTHING item!
[14:53:56] [Client thread/INFO] [hbm]: [QMAW] Manual machine/anvil.json references nonexistant trigger ["hbm:anvil_murky"]
[14:53:56] [Client thread/INFO] [hbm]: [QMAW] Found manual machine/anvil.json
[14:53:56] [Client thread/ERROR] [hbm]: Error reading stack array ["hbm:machine_arc_welder",1,0] - defaulting to NOTHING item!
[14:53:56] [Client thread/ERROR] [hbm]: Error reading stack array ["hbm:machine_arc_welder"] - defaulting to NOTHING item!
[14:53:56] [Client thread/INFO] [hbm]: [QMAW] Manual machine/arc_welder.json references nonexistant trigger ["hbm:machine_arc_welder"]
[14:53:56] [Client thread/INFO] [hbm]: [QMAW] Found manual machine/arc_welder.json
[14:53:56] [Client thread/ERROR] [hbm]: Error reading stack array ["hbm:machine_ashpit",1,0] - defaulting to NOTHING item!
[14:53:56] [Client thread/ERROR] [hbm]: Error reading stack array ["hbm:machine_ashpit"] - defaulting to NOTHING item!
[14:53:56] [Client thread/INFO] [hbm]: [QMAW] Manual machine/ashpit.json references nonexistant trigger ["hbm:machine_ashpit"]
[14:53:56] [Client thread/INFO] [hbm]: [QMAW] Found manual machine/ashpit.json
[14:53:56] [Client thread/ERROR] [hbm]: Error reading stack array ["hbm:machine_assembly_machine",1,0] - defaulting to NOTHING item!
[14:53:56] [Client thread/ERROR] [hbm]: Error reading stack array ["hbm:machine_assembly_machine"] - defaulting to NOTHING item!
[14:53:56] [Client thread/INFO] [hbm]: [QMAW] Manual machine/assembler.json references nonexistant trigger ["hbm:machine_assembly_machine"]
[14:53:56] [Client thread/INFO] [hbm]: [QMAW] Found manual machine/assembler.json
[14:53:56] [Client thread/ERROR] [hbm]: Error reading stack array ["hbm:heat_boiler",1,0] - defaulting to NOTHING item!
[14:53:56] [Client thread/ERROR] [hbm]: Error reading stack array ["hbm:heat_boiler"] - defaulting to NOTHING item!
[14:53:56] [Client thread/INFO] [hbm]: [QMAW] Manual machine/boiler.json references nonexistant trigger ["hbm:heat_boiler"]
[14:53:56] [Client thread/ERROR] [hbm]: Error reading stack array ["hbm:machine_industrial_boiler"] - defaulting to NOTHING item!
[14:53:56] [Client thread/INFO] [hbm]: [QMAW] Manual machine/boiler.json references nonexistant trigger ["hbm:machine_industrial_boiler"]
[14:53:56] [Client thread/INFO] [hbm]: [QMAW] Found manual machine/boiler.json
[14:53:56] [Client thread/ERROR] [hbm]: Error reading stack array ["hbm:machine_centrifuge",1,0] - defaulting to NOTHING item!
[14:53:56] [Client thread/ERROR] [hbm]: Error reading stack array ["hbm:machine_centrifuge"] - defaulting to NOTHING item!
[14:53:56] [Client thread/INFO] [hbm]: [QMAW] Manual machine/centrifuge.json references nonexistant trigger ["hbm:machine_centrifuge"]
[14:53:56] [Client thread/INFO] [hbm]: [QMAW] Found manual machine/centrifuge.json
[14:53:56] [Client thread/ERROR] [hbm]: Error reading stack array ["hbm:machine_chemical_plant",1,0] - defaulting to NOTHING item!
[14:53:56] [Client thread/ERROR] [hbm]: Error reading stack array ["hbm:machine_chemical_plant"] - defaulting to NOTHING item!
[14:53:56] [Client thread/INFO] [hbm]: [QMAW] Manual machine/chemplant.json references nonexistant trigger ["hbm:machine_chemical_plant"]
[14:53:56] [Client thread/INFO] [hbm]: [QMAW] Found manual machine/chemplant.json
[14:53:56] [Client thread/ERROR] [hbm]: Error reading stack array ["hbm:machine_coker",1,0] - defaulting to NOTHING item!
[14:53:56] [Client thread/ERROR] [hbm]: Error reading stack array ["hbm:machine_coker"] - defaulting to NOTHING item!
[14:53:56] [Client thread/INFO] [hbm]: [QMAW] Manual machine/coker.json references nonexistant trigger ["hbm:machine_coker"]
[14:53:56] [Client thread/INFO] [hbm]: [QMAW] Found manual machine/coker.json
[14:53:56] [Client thread/ERROR] [hbm]: Error reading stack array ["hbm:furnace_combination",1,0] - defaulting to NOTHING item!
[14:53:56] [Client thread/ERROR] [hbm]: Error reading stack array ["hbm:furnace_combination"] - defaulting to NOTHING item!
[14:53:56] [Client thread/INFO] [hbm]: [QMAW] Manual machine/comboven.json references nonexistant trigger ["hbm:furnace_combination"]
[14:53:56] [Client thread/INFO] [hbm]: [QMAW] Found manual machine/comboven.json
[14:53:56] [Client thread/ERROR] [hbm]: Error reading stack array ["hbm:machine_condenser",1,0] - defaulting to NOTHING item!
[14:53:56] [Client thread/ERROR] [hbm]: Error reading stack array ["hbm:machine_condenser"] - defaulting to NOTHING item!
[14:53:56] [Client thread/INFO] [hbm]: [QMAW] Manual machine/condenser.json references nonexistant trigger ["hbm:machine_condenser"]
[14:53:56] [Client thread/ERROR] [hbm]: Error reading stack array ["hbm:machine_condenser_powered"] - defaulting to NOTHING item!
[14:53:56] [Client thread/INFO] [hbm]: [QMAW] Manual machine/condenser.json references nonexistant trigger ["hbm:machine_condenser_powered"]
[14:53:56] [Client thread/ERROR] [hbm]: Error reading stack array ["hbm:machine_tower_small"] - defaulting to NOTHING item!
[14:53:56] [Client thread/INFO] [hbm]: [QMAW] Manual machine/condenser.json references nonexistant trigger ["hbm:machine_tower_small"]
[14:53:56] [Client thread/ERROR] [hbm]: Error reading stack array ["hbm:machine_tower_large"] - defaulting to NOTHING item!
[14:53:56] [Client thread/INFO] [hbm]: [QMAW] Manual machine/condenser.json references nonexistant trigger ["hbm:machine_tower_large"]
[14:53:56] [Client thread/INFO] [hbm]: [QMAW] Found manual machine/condenser.json
[14:53:56] [Client thread/ERROR] [hbm]: Error reading stack array ["hbm:machine_catalytic_cracker",1,0] - defaulting to NOTHING item!
[14:53:56] [Client thread/ERROR] [hbm]: Error reading stack array ["hbm:machine_catalytic_cracker"] - defaulting to NOTHING item!
[14:53:56] [Client thread/INFO] [hbm]: [QMAW] Manual machine/crackingtower.json references nonexistant trigger ["hbm:machine_catalytic_cracker"]
[14:53:56] [Client thread/INFO] [hbm]: [QMAW] Found manual machine/crackingtower.json
[14:53:56] [Client thread/ERROR] [hbm]: Error reading stack array ["hbm:machine_well",1,0] - defaulting to NOTHING item!
[14:53:56] [Client thread/ERROR] [hbm]: Error reading stack array ["hbm:machine_well"] - defaulting to NOTHING item!
[14:53:56] [Client thread/INFO] [hbm]: [QMAW] Manual machine/derrick.json references nonexistant trigger ["hbm:machine_well"]
[14:53:56] [Client thread/INFO] [hbm]: [QMAW] Found manual machine/derrick.json
[14:53:56] [Client thread/ERROR] [hbm]: Error reading stack array ["hbm:machine_diesel",1,0] - defaulting to NOTHING item!
[14:53:56] [Client thread/ERROR] [hbm]: Error reading stack array ["hbm:machine_diesel"] - defaulting to NOTHING item!
[14:53:56] [Client thread/INFO] [hbm]: [QMAW] Manual machine/dieselgen.json references nonexistant trigger ["hbm:machine_diesel"]
[14:53:56] [Client thread/INFO] [hbm]: [QMAW] Found manual machine/dieselgen.json
[14:53:56] [Client thread/ERROR] [hbm]: Error reading stack array ["hbm:machine_difurnace_off",1,0] - defaulting to NOTHING item!
[14:53:56] [Client thread/ERROR] [hbm]: Error reading stack array ["hbm:machine_difurnace_off"] - defaulting to NOTHING item!
[14:53:56] [Client thread/INFO] [hbm]: [QMAW] Manual machine/difurnace.json references nonexistant trigger ["hbm:machine_difurnace_off"]
[14:53:56] [Client thread/ERROR] [hbm]: Error reading stack array ["hbm:machine_difurnace_ext"] - defaulting to NOTHING item!
[14:53:56] [Client thread/INFO] [hbm]: [QMAW] Manual machine/difurnace.json references nonexistant trigger ["hbm:machine_difurnace_ext"]
[14:53:56] [Client thread/INFO] [hbm]: [QMAW] Found manual machine/difurnace.json
[14:53:56] [Client thread/ERROR] [hbm]: Error reading stack array ["hbm:heater_electric",1,0] - defaulting to NOTHING item!
[14:53:56] [Client thread/ERROR] [hbm]: Error reading stack array ["hbm:heater_electric"] - defaulting to NOTHING item!
[14:53:56] [Client thread/INFO] [hbm]: [QMAW] Manual machine/electricheater.json references nonexistant trigger ["hbm:heater_electric"]
[14:53:56] [Client thread/INFO] [hbm]: [QMAW] Found manual machine/electricheater.json
[14:53:56] [Client thread/ERROR] [hbm]: Error reading stack array ["hbm:heater_firebox",1,0] - defaulting to NOTHING item!
[14:53:56] [Client thread/ERROR] [hbm]: Error reading stack array ["hbm:heater_firebox"] - defaulting to NOTHING item!
[14:53:56] [Client thread/INFO] [hbm]: [QMAW] Manual machine/firebox.json references nonexistant trigger ["hbm:heater_firebox"]
[14:53:56] [Client thread/INFO] [hbm]: [QMAW] Found manual machine/firebox.json
[14:53:56] [Client thread/ERROR] [hbm]: Error reading stack array ["hbm:machine_fracking_tower",1,0] - defaulting to NOTHING item!
[14:53:56] [Client thread/ERROR] [hbm]: Error reading stack array ["hbm:machine_fracking_tower"] - defaulting to NOTHING item!
[14:53:56] [Client thread/INFO] [hbm]: [QMAW] Manual machine/fracker.json references nonexistant trigger ["hbm:machine_fracking_tower"]
[14:53:56] [Client thread/INFO] [hbm]: [QMAW] Found manual machine/fracker.json
[14:53:56] [Client thread/ERROR] [hbm]: Error reading stack array ["hbm:machine_fraction_tower",1,0] - defaulting to NOTHING item!
[14:53:56] [Client thread/ERROR] [hbm]: Error reading stack array ["hbm:machine_fraction_tower"] - defaulting to NOTHING item!
[14:53:56] [Client thread/INFO] [hbm]: [QMAW] Manual machine/fractioning.json references nonexistant trigger ["hbm:machine_fraction_tower"]
[14:53:56] [Client thread/INFO] [hbm]: [QMAW] Found manual machine/fractioning.json
[14:53:56] [Client thread/ERROR] [hbm]: Error reading stack array ["hbm:heater_heatex",1,0] - defaulting to NOTHING item!
[14:53:56] [Client thread/ERROR] [hbm]: Error reading stack array ["hbm:heater_heatex"] - defaulting to NOTHING item!
[14:53:56] [Client thread/INFO] [hbm]: [QMAW] Manual machine/heatexchanger.json references nonexistant trigger ["hbm:heater_heatex"]
[14:53:56] [Client thread/INFO] [hbm]: [QMAW] Found manual machine/heatexchanger.json
[14:53:56] [Client thread/ERROR] [hbm]: Error reading stack array ["hbm:heater_oven",1,0] - defaulting to NOTHING item!
[14:53:56] [Client thread/ERROR] [hbm]: Error reading stack array ["hbm:heater_oven"] - defaulting to NOTHING item!
[14:53:56] [Client thread/INFO] [hbm]: [QMAW] Manual machine/heatingoven.json references nonexistant trigger ["hbm:heater_oven"]
[14:53:56] [Client thread/INFO] [hbm]: [QMAW] Found manual machine/heatingoven.json
[14:53:56] [Client thread/ERROR] [hbm]: Error reading stack array ["hbm:heater_firebox",1,0] - defaulting to NOTHING item!
[14:53:56] [Client thread/INFO] [hbm]: [QMAW] Found manual machine/heatsource.json
[14:53:56] [Client thread/ERROR] [hbm]: Error reading stack array ["hbm:machine_combustion_engine",1,0] - defaulting to NOTHING item!
[14:53:56] [Client thread/ERROR] [hbm]: Error reading stack array ["hbm:machine_combustion_engine"] - defaulting to NOTHING item!
[14:53:56] [Client thread/INFO] [hbm]: [QMAW] Manual machine/ice.json references nonexistant trigger ["hbm:machine_combustion_engine"]
[14:53:56] [Client thread/INFO] [hbm]: [QMAW] Found manual machine/ice.json
[14:53:56] [Client thread/ERROR] [hbm]: Error reading stack array ["hbm:machine_mixer",1,0] - defaulting to NOTHING item!
[14:53:56] [Client thread/ERROR] [hbm]: Error reading stack array ["hbm:machine_mixer"] - defaulting to NOTHING item!
[14:53:56] [Client thread/INFO] [hbm]: [QMAW] Manual machine/mixer.json references nonexistant trigger ["hbm:machine_mixer"]
[14:53:56] [Client thread/INFO] [hbm]: [QMAW] Found manual machine/mixer.json
[14:53:56] [Client thread/ERROR] [hbm]: Error reading stack array ["hbm:heater_oilburner",1,0] - defaulting to NOTHING item!
[14:53:56] [Client thread/ERROR] [hbm]: Error reading stack array ["hbm:heater_oilburner"] - defaulting to NOTHING item!
[14:53:56] [Client thread/INFO] [hbm]: [QMAW] Manual machine/oilburner.json references nonexistant trigger ["hbm:heater_oilburner"]
[14:53:56] [Client thread/INFO] [hbm]: [QMAW] Found manual machine/oilburner.json
[14:53:56] [Client thread/ERROR] [hbm]: Error reading stack array ["hbm:machine_press",1,0] - defaulting to NOTHING item!
[14:53:56] [Client thread/ERROR] [hbm]: Error reading stack array ["hbm:machine_press"] - defaulting to NOTHING item!
[14:53:56] [Client thread/INFO] [hbm]: [QMAW] Manual machine/press.json references nonexistant trigger ["hbm:machine_press"]
[14:53:56] [Client thread/ERROR] [hbm]: Error reading stack array ["hbm:machine_epress"] - defaulting to NOTHING item!
[14:53:56] [Client thread/INFO] [hbm]: [QMAW] Manual machine/press.json references nonexistant trigger ["hbm:machine_epress"]
[14:53:56] [Client thread/ERROR] [hbm]: Error reading stack array ["hbm:machine_conveyor_press"] - defaulting to NOTHING item!
[14:53:56] [Client thread/INFO] [hbm]: [QMAW] Manual machine/press.json references nonexistant trigger ["hbm:machine_conveyor_press"]
[14:53:56] [Client thread/INFO] [hbm]: [QMAW] Found manual machine/press.json
[14:53:56] [Client thread/ERROR] [hbm]: Error reading stack array ["hbm:machine_pumpjack",1,0] - defaulting to NOTHING item!
[14:53:56] [Client thread/ERROR] [hbm]: Error reading stack array ["hbm:machine_pumpjack"] - defaulting to NOTHING item!
[14:53:56] [Client thread/INFO] [hbm]: [QMAW] Manual machine/pumpjack.json references nonexistant trigger ["hbm:machine_pumpjack"]
[14:53:56] [Client thread/INFO] [hbm]: [QMAW] Found manual machine/pumpjack.json
[14:53:56] [Client thread/ERROR] [hbm]: Error reading stack array ["hbm:machine_pyrooven",1,0] - defaulting to NOTHING item!
[14:53:56] [Client thread/ERROR] [hbm]: Error reading stack array ["hbm:machine_pyrooven"] - defaulting to NOTHING item!
[14:53:56] [Client thread/INFO] [hbm]: [QMAW] Manual machine/pyrooven.json references nonexistant trigger ["hbm:machine_pyrooven"]
[14:53:56] [Client thread/INFO] [hbm]: [QMAW] Found manual machine/pyrooven.json
[14:53:56] [Client thread/ERROR] [hbm]: Error reading stack array ["hbm:machine_refinery",1,0] - defaulting to NOTHING item!
[14:53:56] [Client thread/ERROR] [hbm]: Error reading stack array ["hbm:machine_refinery"] - defaulting to NOTHING item!
[14:53:56] [Client thread/INFO] [hbm]: [QMAW] Manual machine/refinery.json references nonexistant trigger ["hbm:machine_refinery"]
[14:53:56] [Client thread/INFO] [hbm]: [QMAW] Found manual machine/refinery.json
[14:53:56] [Client thread/ERROR] [hbm]: Error reading stack array ["hbm:machine_rotary_furnace",1,0] - defaulting to NOTHING item!
[14:53:56] [Client thread/ERROR] [hbm]: Error reading stack array ["hbm:machine_rotary_furnace"] - defaulting to NOTHING item!
[14:53:56] [Client thread/INFO] [hbm]: [QMAW] Manual machine/rotaryfurnace.json references nonexistant trigger ["hbm:machine_rotary_furnace"]
[14:53:56] [Client thread/INFO] [hbm]: [QMAW] Found manual machine/rotaryfurnace.json
[14:53:56] [Client thread/ERROR] [hbm]: Error reading stack array ["hbm:machine_shredder",1,0] - defaulting to NOTHING item!
[14:53:56] [Client thread/ERROR] [hbm]: Error reading stack array ["hbm:machine_shredder"] - defaulting to NOTHING item!
[14:53:56] [Client thread/INFO] [hbm]: [QMAW] Manual machine/shredder.json references nonexistant trigger ["hbm:machine_shredder"]
[14:53:56] [Client thread/INFO] [hbm]: [QMAW] Found manual machine/shredder.json
[14:53:56] [Client thread/ERROR] [hbm]: Error reading stack array ["hbm:machine_steam_engine",1,0] - defaulting to NOTHING item!
[14:53:56] [Client thread/ERROR] [hbm]: Error reading stack array ["hbm:machine_steam_engine"] - defaulting to NOTHING item!
[14:53:56] [Client thread/INFO] [hbm]: [QMAW] Manual machine/steamengine.json references nonexistant trigger ["hbm:machine_steam_engine"]
[14:53:56] [Client thread/INFO] [hbm]: [QMAW] Found manual machine/steamengine.json
[14:53:56] [Client thread/ERROR] [hbm]: Error reading stack array ["hbm:furnace_steel",1,0] - defaulting to NOTHING item!
[14:53:56] [Client thread/ERROR] [hbm]: Error reading stack array ["hbm:furnace_steel"] - defaulting to NOTHING item!
[14:53:56] [Client thread/INFO] [hbm]: [QMAW] Manual machine/steelfurnace.json references nonexistant trigger ["hbm:furnace_steel"]
[14:53:56] [Client thread/INFO] [hbm]: [QMAW] Found manual machine/steelfurnace.json
[14:53:56] [Client thread/ERROR] [hbm]: Error reading stack array ["hbm:machine_stirling",1,0] - defaulting to NOTHING item!
[14:53:56] [Client thread/ERROR] [hbm]: Error reading stack array ["hbm:machine_stirling"] - defaulting to NOTHING item!
[14:53:56] [Client thread/INFO] [hbm]: [QMAW] Manual machine/stirling.json references nonexistant trigger ["hbm:machine_stirling"]
[14:53:56] [Client thread/ERROR] [hbm]: Error reading stack array ["hbm:machine_stirling_steel"] - defaulting to NOTHING item!
[14:53:56] [Client thread/INFO] [hbm]: [QMAW] Manual machine/stirling.json references nonexistant trigger ["hbm:machine_stirling_steel"]
[14:53:56] [Client thread/INFO] [hbm]: [QMAW] Found manual machine/stirling.json
[14:53:56] [Client thread/ERROR] [hbm]: Error reading stack array ["hbm:machine_turbofan",1,0] - defaulting to NOTHING item!
[14:53:56] [Client thread/ERROR] [hbm]: Error reading stack array ["hbm:machine_turbofan"] - defaulting to NOTHING item!
[14:53:56] [Client thread/INFO] [hbm]: [QMAW] Manual machine/turbofan.json references nonexistant trigger ["hbm:machine_turbofan"]
[14:53:56] [Client thread/INFO] [hbm]: [QMAW] Found manual machine/turbofan.json
[14:53:56] [Client thread/ERROR] [hbm]: Error reading stack array ["hbm:machine_wood_burner",1,0] - defaulting to NOTHING item!
[14:53:56] [Client thread/ERROR] [hbm]: Error reading stack array ["hbm:machine_wood_burner"] - defaulting to NOTHING item!
[14:53:56] [Client thread/INFO] [hbm]: [QMAW] Manual machine/woodburner.json references nonexistant trigger ["hbm:machine_wood_burner"]
[14:53:56] [Client thread/INFO] [hbm]: [QMAW] Found manual machine/woodburner.json
[14:53:56] [Client thread/ERROR] [hbm]: Error reading stack array ["hbm:ingot_advanced_alloy",1,0] - defaulting to NOTHING item!
[14:53:56] [Client thread/ERROR] [hbm]: Error reading stack array ["hbm:ingot_advanced_alloy"] - defaulting to NOTHING item!
[14:53:56] [Client thread/INFO] [hbm]: [QMAW] Manual material/alloy.json references nonexistant trigger ["hbm:ingot_advanced_alloy"]
[14:53:56] [Client thread/ERROR] [hbm]: Error reading stack array ["hbm:powder_advanced_alloy"] - defaulting to NOTHING item!
[14:53:56] [Client thread/INFO] [hbm]: [QMAW] Manual material/alloy.json references nonexistant trigger ["hbm:powder_advanced_alloy"]
[14:53:56] [Client thread/ERROR] [hbm]: Error reading stack array ["hbm:plate_advanced_alloy"] - defaulting to NOTHING item!
[14:53:56] [Client thread/INFO] [hbm]: [QMAW] Manual material/alloy.json references nonexistant trigger ["hbm:plate_advanced_alloy"]
[14:53:56] [Client thread/INFO] [hbm]: [QMAW] Found manual material/alloy.json
[14:53:56] [Client thread/ERROR] [hbm]: Error reading stack array ["hbm:ingot_aluminium",1,0] - defaulting to NOTHING item!
[14:53:56] [Client thread/ERROR] [hbm]: Error reading stack array ["hbm:ingot_aluminium"] - defaulting to NOTHING item!
[14:53:56] [Client thread/INFO] [hbm]: [QMAW] Manual material/aluminium.json references nonexistant trigger ["hbm:ingot_aluminium"]
[14:53:56] [Client thread/ERROR] [hbm]: Error reading stack array ["hbm:plate_aluminium"] - defaulting to NOTHING item!
[14:53:56] [Client thread/INFO] [hbm]: [QMAW] Manual material/aluminium.json references nonexistant trigger ["hbm:plate_aluminium"]
[14:53:56] [Client thread/ERROR] [hbm]: Error reading stack array ["hbm:powder_aluminium"] - defaulting to NOTHING item!
[14:53:56] [Client thread/INFO] [hbm]: [QMAW] Manual material/aluminium.json references nonexistant trigger ["hbm:powder_aluminium"]
[14:53:56] [Client thread/INFO] [hbm]: [QMAW] Found manual material/aluminium.json
[14:53:56] [Client thread/ERROR] [hbm]: Error reading stack array ["hbm:ingot_arsenic",1,0] - defaulting to NOTHING item!
[14:53:56] [Client thread/ERROR] [hbm]: Error reading stack array ["hbm:ingot_arsenic"] - defaulting to NOTHING item!
[14:53:56] [Client thread/INFO] [hbm]: [QMAW] Manual material/arsenic.json references nonexistant trigger ["hbm:ingot_arsenic"]
[14:53:56] [Client thread/ERROR] [hbm]: Error reading stack array ["hbm:nugget_arsenic"] - defaulting to NOTHING item!
[14:53:56] [Client thread/INFO] [hbm]: [QMAW] Manual material/arsenic.json references nonexistant trigger ["hbm:nugget_arsenic"]
[14:53:56] [Client thread/INFO] [hbm]: [QMAW] Found manual material/arsenic.json
[14:53:56] [Client thread/ERROR] [hbm]: Error reading stack array ["hbm:ingot_arsenic_bronze",1,0] - defaulting to NOTHING item!
[14:53:56] [Client thread/ERROR] [hbm]: Error reading stack array ["hbm:ingot_arsenic_bronze"] - defaulting to NOTHING item!
[14:53:56] [Client thread/INFO] [hbm]: [QMAW] Manual material/arsenic_bronze.json references nonexistant trigger ["hbm:ingot_arsenic_bronze"]
[14:53:56] [Client thread/INFO] [hbm]: [QMAW] Found manual material/arsenic_bronze.json
[14:53:56] [Client thread/ERROR] [hbm]: Error reading stack array ["hbm:ingot_bakelite",1,0] - defaulting to NOTHING item!
[14:53:56] [Client thread/ERROR] [hbm]: Error reading stack array ["hbm:ingot_bakelite"] - defaulting to NOTHING item!
[14:53:56] [Client thread/INFO] [hbm]: [QMAW] Manual material/bakelite.json references nonexistant trigger ["hbm:ingot_bakelite"]
[14:53:56] [Client thread/ERROR] [hbm]: Error reading stack array ["hbm:powder_bakelite"] - defaulting to NOTHING item!
[14:53:56] [Client thread/INFO] [hbm]: [QMAW] Manual material/bakelite.json references nonexistant trigger ["hbm:powder_bakelite"]
[14:53:56] [Client thread/INFO] [hbm]: [QMAW] Found manual material/bakelite.json
[14:53:56] [Client thread/ERROR] [hbm]: Error reading stack array ["hbm:ingot_bismuth",1,0] - defaulting to NOTHING item!
[14:53:56] [Client thread/ERROR] [hbm]: Error reading stack array ["hbm:ingot_bismuth"] - defaulting to NOTHING item!
[14:53:56] [Client thread/INFO] [hbm]: [QMAW] Manual material/bismuth.json references nonexistant trigger ["hbm:ingot_bismuth"]
[14:53:56] [Client thread/ERROR] [hbm]: Error reading stack array ["hbm:billet_bismuth"] - defaulting to NOTHING item!
[14:53:56] [Client thread/INFO] [hbm]: [QMAW] Manual material/bismuth.json references nonexistant trigger ["hbm:billet_bismuth"]
[14:53:56] [Client thread/ERROR] [hbm]: Error reading stack array ["hbm:nugget_bismuth"] - defaulting to NOTHING item!
[14:53:56] [Client thread/INFO] [hbm]: [QMAW] Manual material/bismuth.json references nonexistant trigger ["hbm:nugget_bismuth"]
[14:53:56] [Client thread/ERROR] [hbm]: Error reading stack array ["hbm:powder_bismuth"] - defaulting to NOTHING item!
[14:53:56] [Client thread/INFO] [hbm]: [QMAW] Manual material/bismuth.json references nonexistant trigger ["hbm:powder_bismuth"]
[14:53:56] [Client thread/INFO] [hbm]: [QMAW] Found manual material/bismuth.json
[14:53:56] [Client thread/ERROR] [hbm]: Error reading stack array ["hbm:ingot_bismuth_bronze",1,0] - defaulting to NOTHING item!
[14:53:56] [Client thread/ERROR] [hbm]: Error reading stack array ["hbm:ingot_bismuth_bronze"] - defaulting to NOTHING item!
[14:53:56] [Client thread/INFO] [hbm]: [QMAW] Manual material/bismuth_bronze.json references nonexistant trigger ["hbm:ingot_bismuth_bronze"]
[14:53:56] [Client thread/INFO] [hbm]: [QMAW] Found manual material/bismuth_bronze.json
[14:53:56] [Client thread/ERROR] [hbm]: Error reading stack array ["hbm:powder_borax",1,0] - defaulting to NOTHING item!
[14:53:56] [Client thread/ERROR] [hbm]: Error reading stack array ["hbm:powder_borax"] - defaulting to NOTHING item!
[14:53:56] [Client thread/INFO] [hbm]: [QMAW] Manual material/borax.json references nonexistant trigger ["hbm:powder_borax"]
[14:53:56] [Client thread/INFO] [hbm]: [QMAW] Found manual material/borax.json
[14:53:56] [Client thread/ERROR] [hbm]: Error reading stack array ["hbm:ingot_boron",1,0] - defaulting to NOTHING item!
[14:53:56] [Client thread/ERROR] [hbm]: Error reading stack array ["hbm:ingot_boron"] - defaulting to NOTHING item!
[14:53:56] [Client thread/INFO] [hbm]: [QMAW] Manual material/boron.json references nonexistant trigger ["hbm:ingot_boron"]
[14:53:56] [Client thread/ERROR] [hbm]: Error reading stack array ["hbm:powder_boron"] - defaulting to NOTHING item!
[14:53:56] [Client thread/INFO] [hbm]: [QMAW] Manual material/boron.json references nonexistant trigger ["hbm:powder_boron"]
[14:53:56] [Client thread/ERROR] [hbm]: Error reading stack array ["hbm:fragment_boron"] - defaulting to NOTHING item!
[14:53:56] [Client thread/INFO] [hbm]: [QMAW] Manual material/boron.json references nonexistant trigger ["hbm:fragment_boron"]
[14:53:56] [Client thread/INFO] [hbm]: [QMAW] Found manual material/boron.json
[14:53:56] [Client thread/ERROR] [hbm]: Error reading stack array ["hbm:ingot_bscco",1,0] - defaulting to NOTHING item!
[14:53:56] [Client thread/ERROR] [hbm]: Error reading stack array ["hbm:ingot_bscco"] - defaulting to NOTHING item!
[14:53:56] [Client thread/INFO] [hbm]: [QMAW] Manual material/bscco.json references nonexistant trigger ["hbm:ingot_bscco"]
[14:53:56] [Client thread/ERROR] [hbm]: Error reading stack array ["hbm:wire_dense",1,48] - defaulting to NOTHING item!
[14:53:56] [Client thread/INFO] [hbm]: [QMAW] Manual material/bscco.json references nonexistant trigger ["hbm:wire_dense",1,48]
[14:53:56] [Client thread/INFO] [hbm]: [QMAW] Found manual material/bscco.json
[14:53:56] [Client thread/ERROR] [hbm]: Error reading stack array ["hbm:ingot_cadmium",1,0] - defaulting to NOTHING item!
[14:53:56] [Client thread/ERROR] [hbm]: Error reading stack array ["hbm:ingot_cadmium"] - defaulting to NOTHING item!
[14:53:56] [Client thread/INFO] [hbm]: [QMAW] Manual material/cadmium.json references nonexistant trigger ["hbm:ingot_cadmium"]
[14:53:56] [Client thread/ERROR] [hbm]: Error reading stack array ["hbm:powder_cadmium"] - defaulting to NOTHING item!
[14:53:56] [Client thread/INFO] [hbm]: [QMAW] Manual material/cadmium.json references nonexistant trigger ["hbm:powder_cadmium"]
[14:53:56] [Client thread/INFO] [hbm]: [QMAW] Found manual material/cadmium.json
[14:53:56] [Client thread/ERROR] [hbm]: Error reading stack array ["hbm:ingot_cdalloy",1,0] - defaulting to NOTHING item!
[14:53:56] [Client thread/ERROR] [hbm]: Error reading stack array ["hbm:ingot_cdalloy"] - defaulting to NOTHING item!
[14:53:56] [Client thread/INFO] [hbm]: [QMAW] Manual material/cadmium_steel.json references nonexistant trigger ["hbm:ingot_cdalloy"]
[14:53:56] [Client thread/INFO] [hbm]: [QMAW] Found manual material/cadmium_steel.json
[14:53:56] [Client thread/ERROR] [hbm]: Error reading stack array ["hbm:ingot_cft",1,0] - defaulting to NOTHING item!
[14:53:56] [Client thread/ERROR] [hbm]: Error reading stack array ["hbm:ingot_cft"] - defaulting to NOTHING item!
[14:53:56] [Client thread/INFO] [hbm]: [QMAW] Manual material/cft.json references nonexistant trigger ["hbm:ingot_cft"]
[14:53:56] [Client thread/INFO] [hbm]: [QMAW] Found manual material/cft.json
[14:53:56] [Client thread/ERROR] [hbm]: Error reading stack array ["hbm:cinnabar",1,0] - defaulting to NOTHING item!
[14:53:56] [Client thread/ERROR] [hbm]: Error reading stack array ["hbm:cinnabar"] - defaulting to NOTHING item!
[14:53:56] [Client thread/INFO] [hbm]: [QMAW] Manual material/cinnabar.json references nonexistant trigger ["hbm:cinnabar"]
[14:53:56] [Client thread/INFO] [hbm]: [QMAW] Found manual material/cinnabar.json
[14:53:56] [Client thread/ERROR] [hbm]: Error reading stack array ["hbm:ingot_cobalt",1,0] - defaulting to NOTHING item!
[14:53:56] [Client thread/ERROR] [hbm]: Error reading stack array ["hbm:ingot_cobalt"] - defaulting to NOTHING item!
[14:53:56] [Client thread/INFO] [hbm]: [QMAW] Manual material/cobalt.json references nonexistant trigger ["hbm:ingot_cobalt"]
[14:53:56] [Client thread/ERROR] [hbm]: Error reading stack array ["hbm:nugget_cobalt"] - defaulting to NOTHING item!
[14:53:56] [Client thread/INFO] [hbm]: [QMAW] Manual material/cobalt.json references nonexistant trigger ["hbm:nugget_cobalt"]
[14:53:56] [Client thread/ERROR] [hbm]: Error reading stack array ["hbm:billet_cobalt"] - defaulting to NOTHING item!
[14:53:56] [Client thread/INFO] [hbm]: [QMAW] Manual material/cobalt.json references nonexistant trigger ["hbm:billet_cobalt"]
[14:53:56] [Client thread/INFO] [hbm]: [QMAW] Found manual material/cobalt.json
[14:53:56] [Client thread/ERROR] [hbm]: Error reading stack array ["hbm:coke",1,0] - defaulting to NOTHING item!
[14:53:56] [Client thread/ERROR] [hbm]: Error reading stack array ["hbm:coke",1,32767] - defaulting to NOTHING item!
[14:53:56] [Client thread/INFO] [hbm]: [QMAW] Manual material/coke.json references nonexistant trigger ["hbm:coke",1,32767]
[14:53:56] [Client thread/INFO] [hbm]: [QMAW] Found manual material/coke.json
[14:53:56] [Client thread/ERROR] [hbm]: Error reading stack array ["hbm:ingot_copper",1,0] - defaulting to NOTHING item!
[14:53:56] [Client thread/ERROR] [hbm]: Error reading stack array ["hbm:ingot_copper"] - defaulting to NOTHING item!
[14:53:56] [Client thread/INFO] [hbm]: [QMAW] Manual material/copper.json references nonexistant trigger ["hbm:ingot_copper"]
[14:53:56] [Client thread/ERROR] [hbm]: Error reading stack array ["hbm:plate_copper"] - defaulting to NOTHING item!
[14:53:56] [Client thread/INFO] [hbm]: [QMAW] Manual material/copper.json references nonexistant trigger ["hbm:plate_copper"]
[14:53:56] [Client thread/ERROR] [hbm]: Error reading stack array ["hbm:powder_copper"] - defaulting to NOTHING item!
[14:53:56] [Client thread/INFO] [hbm]: [QMAW] Manual material/copper.json references nonexistant trigger ["hbm:powder_copper"]
[14:53:56] [Client thread/INFO] [hbm]: [QMAW] Found manual material/copper.json
[14:53:56] [Client thread/ERROR] [hbm]: Error reading stack array ["hbm:wire_dense",1,7900] - defaulting to NOTHING item!
[14:53:56] [Client thread/ERROR] [hbm]: Error reading stack array ["hbm:wire_dense",1,32767] - defaulting to NOTHING item!
[14:53:56] [Client thread/INFO] [hbm]: [QMAW] Manual material/densewire.json references nonexistant trigger ["hbm:wire_dense",1,32767]
[14:53:56] [Client thread/INFO] [hbm]: [QMAW] Found manual material/densewire.json
[14:53:56] [Client thread/ERROR] [hbm]: Error reading stack array ["hbm:ingot_desh",1,0] - defaulting to NOTHING item!
[14:53:56] [Client thread/ERROR] [hbm]: Error reading stack array ["hbm:ingot_desh"] - defaulting to NOTHING item!
[14:53:56] [Client thread/INFO] [hbm]: [QMAW] Manual material/desh.json references nonexistant trigger ["hbm:ingot_desh"]
[14:53:56] [Client thread/ERROR] [hbm]: Error reading stack array ["hbm:powder_desh"] - defaulting to NOTHING item!
[14:53:56] [Client thread/INFO] [hbm]: [QMAW] Manual material/desh.json references nonexistant trigger ["hbm:powder_desh"]
[14:53:56] [Client thread/INFO] [hbm]: [QMAW] Found manual material/desh.json
[14:53:56] [Client thread/ERROR] [hbm]: Error reading stack array ["hbm:ingot_ferrouranium",1,0] - defaulting to NOTHING item!
[14:53:56] [Client thread/ERROR] [hbm]: Error reading stack array ["hbm:ingot_ferrouranium"] - defaulting to NOTHING item!
[14:53:56] [Client thread/INFO] [hbm]: [QMAW] Manual material/ferrouranium.json references nonexistant trigger ["hbm:ingot_ferrouranium"]
[14:53:56] [Client thread/INFO] [hbm]: [QMAW] Found manual material/ferrouranium.json
[14:53:56] [Client thread/ERROR] [hbm]: Error reading stack array ["hbm:ingot_graphite",1,0] - defaulting to NOTHING item!
[14:53:56] [Client thread/ERROR] [hbm]: Error reading stack array ["hbm:ingot_graphite"] - defaulting to NOTHING item!
[14:53:56] [Client thread/INFO] [hbm]: [QMAW] Manual material/graphite.json references nonexistant trigger ["hbm:ingot_graphite"]
[14:53:56] [Client thread/INFO] [hbm]: [QMAW] Found manual material/graphite.json
[14:53:56] [Client thread/ERROR] [hbm]: Error reading stack array ["hbm:ingot_gunmetal",1,0] - defaulting to NOTHING item!
[14:53:56] [Client thread/ERROR] [hbm]: Error reading stack array ["hbm:ingot_gunmetal"] - defaulting to NOTHING item!
[14:53:56] [Client thread/INFO] [hbm]: [QMAW] Manual material/gunmetal.json references nonexistant trigger ["hbm:ingot_gunmetal"]
[14:53:56] [Client thread/ERROR] [hbm]: Error reading stack array ["hbm:plate_gunmetal"] - defaulting to NOTHING item!
[14:53:56] [Client thread/INFO] [hbm]: [QMAW] Manual material/gunmetal.json references nonexistant trigger ["hbm:plate_gunmetal"]
[14:53:56] [Client thread/INFO] [hbm]: [QMAW] Found manual material/gunmetal.json
[14:53:56] [Client thread/ERROR] [hbm]: Error reading stack array ["hbm:ingot_dura_steel",1,0] - defaulting to NOTHING item!
[14:53:56] [Client thread/ERROR] [hbm]: Error reading stack array ["hbm:ingot_dura_steel"] - defaulting to NOTHING item!
[14:53:56] [Client thread/INFO] [hbm]: [QMAW] Manual material/hss.json references nonexistant trigger ["hbm:ingot_dura_steel"]
[14:53:56] [Client thread/ERROR] [hbm]: Error reading stack array ["hbm:powder_dura_steel"] - defaulting to NOTHING item!
[14:53:56] [Client thread/INFO] [hbm]: [QMAW] Manual material/hss.json references nonexistant trigger ["hbm:powder_dura_steel"]
[14:53:56] [Client thread/ERROR] [hbm]: Error reading stack array ["hbm:plate_dura_steel"] - defaulting to NOTHING item!
[14:53:56] [Client thread/INFO] [hbm]: [QMAW] Manual material/hss.json references nonexistant trigger ["hbm:plate_dura_steel"]
[14:53:56] [Client thread/INFO] [hbm]: [QMAW] Found manual material/hss.json
[14:53:56] [Client thread/ERROR] [hbm]: Error reading stack array ["hbm:ingot_biorubber",1,0] - defaulting to NOTHING item!
[14:53:56] [Client thread/ERROR] [hbm]: Error reading stack array ["hbm:ingot_biorubber"] - defaulting to NOTHING item!
[14:53:56] [Client thread/INFO] [hbm]: [QMAW] Manual material/latex.json references nonexistant trigger ["hbm:ingot_biorubber"]
[14:53:56] [Client thread/ERROR] [hbm]: Error reading stack array ["hbm:ball_resin"] - defaulting to NOTHING item!
[14:53:56] [Client thread/INFO] [hbm]: [QMAW] Manual material/latex.json references nonexistant trigger ["hbm:ball_resin"]
[14:53:56] [Client thread/INFO] [hbm]: [QMAW] Found manual material/latex.json
[14:53:56] [Client thread/ERROR] [hbm]: Error reading stack array ["hbm:ingot_lead",1,0] - defaulting to NOTHING item!
[14:53:56] [Client thread/ERROR] [hbm]: Error reading stack array ["hbm:ingot_lead"] - defaulting to NOTHING item!
[14:53:56] [Client thread/INFO] [hbm]: [QMAW] Manual material/lead.json references nonexistant trigger ["hbm:ingot_lead"]
[14:53:56] [Client thread/ERROR] [hbm]: Error reading stack array ["hbm:nugget_lead"] - defaulting to NOTHING item!
[14:53:56] [Client thread/INFO] [hbm]: [QMAW] Manual material/lead.json references nonexistant trigger ["hbm:nugget_lead"]
[14:53:56] [Client thread/ERROR] [hbm]: Error reading stack array ["hbm:powder_lead"] - defaulting to NOTHING item!
[14:53:56] [Client thread/INFO] [hbm]: [QMAW] Manual material/lead.json references nonexistant trigger ["hbm:powder_lead"]
[14:53:56] [Client thread/INFO] [hbm]: [QMAW] Found manual material/lead.json
[14:53:56] [Client thread/ERROR] [hbm]: Error reading stack array ["hbm:ingot_red_copper",1,0] - defaulting to NOTHING item!
[14:53:56] [Client thread/ERROR] [hbm]: Error reading stack array ["hbm:ingot_red_copper"] - defaulting to NOTHING item!
[14:53:56] [Client thread/INFO] [hbm]: [QMAW] Manual material/mingrade.json references nonexistant trigger ["hbm:ingot_red_copper"]
[14:53:56] [Client thread/ERROR] [hbm]: Error reading stack array ["hbm:powder_red_copper"] - defaulting to NOTHING item!
[14:53:56] [Client thread/INFO] [hbm]: [QMAW] Manual material/mingrade.json references nonexistant trigger ["hbm:powder_red_copper"]
[14:53:56] [Client thread/INFO] [hbm]: [QMAW] Found manual material/mingrade.json
[14:53:56] [Client thread/ERROR] [hbm]: Error reading stack array ["hbm:ingot_neptunium",1,0] - defaulting to NOTHING item!
[14:53:56] [Client thread/ERROR] [hbm]: Error reading stack array ["hbm:ingot_neptunium"] - defaulting to NOTHING item!
[14:53:56] [Client thread/INFO] [hbm]: [QMAW] Manual material/neptunium.json references nonexistant trigger ["hbm:ingot_neptunium"]
[14:53:56] [Client thread/ERROR] [hbm]: Error reading stack array ["hbm:billet_neptunium"] - defaulting to NOTHING item!
[14:53:56] [Client thread/INFO] [hbm]: [QMAW] Manual material/neptunium.json references nonexistant trigger ["hbm:billet_neptunium"]
[14:53:56] [Client thread/ERROR] [hbm]: Error reading stack array ["hbm:nugget_neptunium"] - defaulting to NOTHING item!
[14:53:56] [Client thread/INFO] [hbm]: [QMAW] Manual material/neptunium.json references nonexistant trigger ["hbm:nugget_neptunium"]
[14:53:56] [Client thread/ERROR] [hbm]: Error reading stack array ["hbm:powder_neptunium"] - defaulting to NOTHING item!
[14:53:56] [Client thread/INFO] [hbm]: [QMAW] Manual material/neptunium.json references nonexistant trigger ["hbm:powder_neptunium"]
[14:53:56] [Client thread/INFO] [hbm]: [QMAW] Found manual material/neptunium.json
[14:53:56] [Client thread/ERROR] [hbm]: Error reading stack array ["hbm:billet_pu238",1,0] - defaulting to NOTHING item!
[14:53:56] [Client thread/ERROR] [hbm]: Error reading stack array ["hbm:ingot_pu238"] - defaulting to NOTHING item!
[14:53:56] [Client thread/INFO] [hbm]: [QMAW] Manual material/plutonium-238.json references nonexistant trigger ["hbm:ingot_pu238"]
[14:53:56] [Client thread/ERROR] [hbm]: Error reading stack array ["hbm:billet_pu238"] - defaulting to NOTHING item!
[14:53:56] [Client thread/INFO] [hbm]: [QMAW] Manual material/plutonium-238.json references nonexistant trigger ["hbm:billet_pu238"]
[14:53:56] [Client thread/ERROR] [hbm]: Error reading stack array ["hbm:nugget_pu238"] - defaulting to NOTHING item!
[14:53:56] [Client thread/INFO] [hbm]: [QMAW] Manual material/plutonium-238.json references nonexistant trigger ["hbm:nugget_pu238"]
[14:53:56] [Client thread/INFO] [hbm]: [QMAW] Found manual material/plutonium-238.json
[14:53:56] [Client thread/ERROR] [hbm]: Error reading stack array ["hbm:billet_pu239",1,0] - defaulting to NOTHING item!
[14:53:56] [Client thread/ERROR] [hbm]: Error reading stack array ["hbm:ingot_pu239"] - defaulting to NOTHING item!
[14:53:56] [Client thread/INFO] [hbm]: [QMAW] Manual material/plutonium-239.json references nonexistant trigger ["hbm:ingot_pu239"]
[14:53:56] [Client thread/ERROR] [hbm]: Error reading stack array ["hbm:billet_pu239"] - defaulting to NOTHING item!
[14:53:56] [Client thread/INFO] [hbm]: [QMAW] Manual material/plutonium-239.json references nonexistant trigger ["hbm:billet_pu239"]
[14:53:56] [Client thread/ERROR] [hbm]: Error reading stack array ["hbm:nugget_pu239"] - defaulting to NOTHING item!
[14:53:56] [Client thread/INFO] [hbm]: [QMAW] Manual material/plutonium-239.json references nonexistant trigger ["hbm:nugget_pu239"]
[14:53:56] [Client thread/INFO] [hbm]: [QMAW] Found manual material/plutonium-239.json
[14:53:56] [Client thread/ERROR] [hbm]: Error reading stack array ["hbm:billet_pu240",1,0] - defaulting to NOTHING item!
[14:53:56] [Client thread/ERROR] [hbm]: Error reading stack array ["hbm:ingot_pu240"] - defaulting to NOTHING item!
[14:53:56] [Client thread/INFO] [hbm]: [QMAW] Manual material/plutonium-240.json references nonexistant trigger ["hbm:ingot_pu240"]
[14:53:56] [Client thread/ERROR] [hbm]: Error reading stack array ["hbm:billet_pu240"] - defaulting to NOTHING item!
[14:53:56] [Client thread/INFO] [hbm]: [QMAW] Manual material/plutonium-240.json references nonexistant trigger ["hbm:billet_pu240"]
[14:53:56] [Client thread/ERROR] [hbm]: Error reading stack array ["hbm:nugget_pu240"] - defaulting to NOTHING item!
[14:53:56] [Client thread/INFO] [hbm]: [QMAW] Manual material/plutonium-240.json references nonexistant trigger ["hbm:nugget_pu240"]
[14:53:56] [Client thread/INFO] [hbm]: [QMAW] Found manual material/plutonium-240.json
[14:53:56] [Client thread/ERROR] [hbm]: Error reading stack array ["hbm:billet_pu241",1,0] - defaulting to NOTHING item!
[14:53:56] [Client thread/ERROR] [hbm]: Error reading stack array ["hbm:ingot_pu241"] - defaulting to NOTHING item!
[14:53:56] [Client thread/INFO] [hbm]: [QMAW] Manual material/plutonium-241.json references nonexistant trigger ["hbm:ingot_pu241"]
[14:53:56] [Client thread/ERROR] [hbm]: Error reading stack array ["hbm:billet_pu241"] - defaulting to NOTHING item!
[14:53:56] [Client thread/INFO] [hbm]: [QMAW] Manual material/plutonium-241.json references nonexistant trigger ["hbm:billet_pu241"]
[14:53:56] [Client thread/ERROR] [hbm]: Error reading stack array ["hbm:nugget_pu241"] - defaulting to NOTHING item!
[14:53:56] [Client thread/INFO] [hbm]: [QMAW] Manual material/plutonium-241.json references nonexistant trigger ["hbm:nugget_pu241"]
[14:53:56] [Client thread/INFO] [hbm]: [QMAW] Found manual material/plutonium-241.json
[14:53:56] [Client thread/ERROR] [hbm]: Error reading stack array ["hbm:billet_pu_mix",1,0] - defaulting to NOTHING item!
[14:53:56] [Client thread/ERROR] [hbm]: Error reading stack array ["hbm:ingot_pu_mix"] - defaulting to NOTHING item!
[14:53:56] [Client thread/INFO] [hbm]: [QMAW] Manual material/plutonium-rg.json references nonexistant trigger ["hbm:ingot_pu_mix"]
[14:53:56] [Client thread/ERROR] [hbm]: Error reading stack array ["hbm:billet_pu_mix"] - defaulting to NOTHING item!
[14:53:56] [Client thread/INFO] [hbm]: [QMAW] Manual material/plutonium-rg.json references nonexistant trigger ["hbm:billet_pu_mix"]
[14:53:56] [Client thread/ERROR] [hbm]: Error reading stack array ["hbm:nugget_pu_mix"] - defaulting to NOTHING item!
[14:53:56] [Client thread/INFO] [hbm]: [QMAW] Manual material/plutonium-rg.json references nonexistant trigger ["hbm:nugget_pu_mix"]
[14:53:56] [Client thread/INFO] [hbm]: [QMAW] Found manual material/plutonium-rg.json
[14:53:56] [Client thread/ERROR] [hbm]: Error reading stack array ["hbm:ingot_plutonium",1,0] - defaulting to NOTHING item!
[14:53:56] [Client thread/ERROR] [hbm]: Error reading stack array ["hbm:ingot_plutonium"] - defaulting to NOTHING item!
[14:53:56] [Client thread/INFO] [hbm]: [QMAW] Manual material/plutonium.json references nonexistant trigger ["hbm:ingot_plutonium"]
[14:53:56] [Client thread/ERROR] [hbm]: Error reading stack array ["hbm:billet_plutonium"] - defaulting to NOTHING item!
[14:53:56] [Client thread/INFO] [hbm]: [QMAW] Manual material/plutonium.json references nonexistant trigger ["hbm:billet_plutonium"]
[14:53:56] [Client thread/ERROR] [hbm]: Error reading stack array ["hbm:nugget_plutonium"] - defaulting to NOTHING item!
[14:53:56] [Client thread/INFO] [hbm]: [QMAW] Manual material/plutonium.json references nonexistant trigger ["hbm:nugget_plutonium"]
[14:53:56] [Client thread/ERROR] [hbm]: Error reading stack array ["hbm:powder_plutonium"] - defaulting to NOTHING item!
[14:53:56] [Client thread/INFO] [hbm]: [QMAW] Manual material/plutonium.json references nonexistant trigger ["hbm:powder_plutonium"]
[14:53:56] [Client thread/INFO] [hbm]: [QMAW] Found manual material/plutonium.json
[14:53:56] [Client thread/ERROR] [hbm]: Error reading stack array ["hbm:billet_polonium",1,0] - defaulting to NOTHING item!
[14:53:56] [Client thread/ERROR] [hbm]: Error reading stack array ["hbm:ingot_polonium"] - defaulting to NOTHING item!
[14:53:56] [Client thread/INFO] [hbm]: [QMAW] Manual material/polonium.json references nonexistant trigger ["hbm:ingot_polonium"]
[14:53:56] [Client thread/ERROR] [hbm]: Error reading stack array ["hbm:billet_polonium"] - defaulting to NOTHING item!
[14:53:56] [Client thread/INFO] [hbm]: [QMAW] Manual material/polonium.json references nonexistant trigger ["hbm:billet_polonium"]
[14:53:56] [Client thread/ERROR] [hbm]: Error reading stack array ["hbm:nugget_polonium"] - defaulting to NOTHING item!
[14:53:56] [Client thread/INFO] [hbm]: [QMAW] Manual material/polonium.json references nonexistant trigger ["hbm:nugget_polonium"]
[14:53:56] [Client thread/INFO] [hbm]: [QMAW] Found manual material/polonium.json
[14:53:56] [Client thread/ERROR] [hbm]: Error reading stack array ["hbm:ingot_polymer",1,0] - defaulting to NOTHING item!
[14:53:56] [Client thread/ERROR] [hbm]: Error reading stack array ["hbm:ingot_polymer"] - defaulting to NOTHING item!
[14:53:56] [Client thread/INFO] [hbm]: [QMAW] Manual material/polymer.json references nonexistant trigger ["hbm:ingot_polymer"]
[14:53:56] [Client thread/ERROR] [hbm]: Error reading stack array ["hbm:powder_polymer"] - defaulting to NOTHING item!
[14:53:56] [Client thread/INFO] [hbm]: [QMAW] Manual material/polymer.json references nonexistant trigger ["hbm:powder_polymer"]
[14:53:56] [Client thread/INFO] [hbm]: [QMAW] Found manual material/polymer.json
[14:53:56] [Client thread/ERROR] [hbm]: Error reading stack array ["hbm:billet_ra226",1,0] - defaulting to NOTHING item!
[14:53:56] [Client thread/ERROR] [hbm]: Error reading stack array ["hbm:ingot_ra226"] - defaulting to NOTHING item!
[14:53:56] [Client thread/INFO] [hbm]: [QMAW] Manual material/radium.json references nonexistant trigger ["hbm:ingot_ra226"]
[14:53:56] [Client thread/ERROR] [hbm]: Error reading stack array ["hbm:billet_ra226"] - defaulting to NOTHING item!
[14:53:56] [Client thread/INFO] [hbm]: [QMAW] Manual material/radium.json references nonexistant trigger ["hbm:billet_ra226"]
[14:53:56] [Client thread/ERROR] [hbm]: Error reading stack array ["hbm:nugget_ra226"] - defaulting to NOTHING item!
[14:53:56] [Client thread/INFO] [hbm]: [QMAW] Manual material/radium.json references nonexistant trigger ["hbm:nugget_ra226"]
[14:53:56] [Client thread/ERROR] [hbm]: Error reading stack array ["hbm:powder_ra226"] - defaulting to NOTHING item!
[14:53:56] [Client thread/INFO] [hbm]: [QMAW] Manual material/radium.json references nonexistant trigger ["hbm:powder_ra226"]
[14:53:56] [Client thread/INFO] [hbm]: [QMAW] Found manual material/radium.json
[14:53:56] [Client thread/ERROR] [hbm]: Error reading stack array ["hbm:chunk_ore",1,0] - defaulting to NOTHING item!
[14:53:56] [Client thread/ERROR] [hbm]: Error reading stack array ["hbm:chunk_ore"] - defaulting to NOTHING item!
[14:53:56] [Client thread/INFO] [hbm]: [QMAW] Manual material/rareearth.json references nonexistant trigger ["hbm:chunk_ore"]
[14:53:56] [Client thread/ERROR] [hbm]: Error reading stack array ["hbm:ore_rare"] - defaulting to NOTHING item!
[14:53:56] [Client thread/INFO] [hbm]: [QMAW] Manual material/rareearth.json references nonexistant trigger ["hbm:ore_rare"]
[14:53:56] [Client thread/ERROR] [hbm]: Error reading stack array ["hbm:ore_gneiss_rare"] - defaulting to NOTHING item!
[14:53:56] [Client thread/INFO] [hbm]: [QMAW] Manual material/rareearth.json references nonexistant trigger ["hbm:ore_gneiss_rare"]
[14:53:56] [Client thread/INFO] [hbm]: [QMAW] Found manual material/rareearth.json
[14:53:56] [Client thread/ERROR] [hbm]: Error reading stack array ["hbm:ingot_rubber",1,0] - defaulting to NOTHING item!
[14:53:56] [Client thread/ERROR] [hbm]: Error reading stack array ["hbm:ingot_rubber"] - defaulting to NOTHING item!
[14:53:56] [Client thread/INFO] [hbm]: [QMAW] Manual material/rubber.json references nonexistant trigger ["hbm:ingot_rubber"]
[14:53:56] [Client thread/INFO] [hbm]: [QMAW] Found manual material/rubber.json
[14:53:56] [Client thread/ERROR] [hbm]: Error reading stack array ["hbm:billet_silicon",1,0] - defaulting to NOTHING item!
[14:53:56] [Client thread/ERROR] [hbm]: Error reading stack array ["hbm:ingot_silicon"] - defaulting to NOTHING item!
[14:53:56] [Client thread/INFO] [hbm]: [QMAW] Manual material/silicon.json references nonexistant trigger ["hbm:ingot_silicon"]
[14:53:56] [Client thread/ERROR] [hbm]: Error reading stack array ["hbm:billet_silicon"] - defaulting to NOTHING item!
[14:53:56] [Client thread/INFO] [hbm]: [QMAW] Manual material/silicon.json references nonexistant trigger ["hbm:billet_silicon"]
[14:53:56] [Client thread/ERROR] [hbm]: Error reading stack array ["hbm:nugget_silicon"] - defaulting to NOTHING item!
[14:53:56] [Client thread/INFO] [hbm]: [QMAW] Manual material/silicon.json references nonexistant trigger ["hbm:nugget_silicon"]
[14:53:56] [Client thread/INFO] [hbm]: [QMAW] Found manual material/silicon.json
[14:53:56] [Client thread/ERROR] [hbm]: Error reading stack array ["hbm:powder_sodium",1,0] - defaulting to NOTHING item!
[14:53:56] [Client thread/ERROR] [hbm]: Error reading stack array ["hbm:powder_sodium"] - defaulting to NOTHING item!
[14:53:56] [Client thread/INFO] [hbm]: [QMAW] Manual material/sodium.json references nonexistant trigger ["hbm:powder_sodium"]
[14:53:56] [Client thread/INFO] [hbm]: [QMAW] Found manual material/sodium.json
[14:53:56] [Client thread/ERROR] [hbm]: Error reading stack array ["hbm:solid_fuel",1,0] - defaulting to NOTHING item!
[14:53:56] [Client thread/ERROR] [hbm]: Error reading stack array ["hbm:solid_fuel"] - defaulting to NOTHING item!
[14:53:56] [Client thread/INFO] [hbm]: [QMAW] Manual material/solidfuel.json references nonexistant trigger ["hbm:solid_fuel"]
[14:53:56] [Client thread/INFO] [hbm]: [QMAW] Found manual material/solidfuel.json
[14:53:56] [Client thread/ERROR] [hbm]: Error reading stack array ["hbm:ingot_steel",1,0] - defaulting to NOTHING item!
[14:53:56] [Client thread/ERROR] [hbm]: Error reading stack array ["hbm:ingot_steel"] - defaulting to NOTHING item!
[14:53:56] [Client thread/INFO] [hbm]: [QMAW] Manual material/steel.json references nonexistant trigger ["hbm:ingot_steel"]
[14:53:56] [Client thread/ERROR] [hbm]: Error reading stack array ["hbm:plate_steel"] - defaulting to NOTHING item!
[14:53:56] [Client thread/INFO] [hbm]: [QMAW] Manual material/steel.json references nonexistant trigger ["hbm:plate_steel"]
[14:53:56] [Client thread/ERROR] [hbm]: Error reading stack array ["hbm:powder_steel"] - defaulting to NOTHING item!
[14:53:56] [Client thread/INFO] [hbm]: [QMAW] Manual material/steel.json references nonexistant trigger ["hbm:powder_steel"]
[14:53:56] [Client thread/INFO] [hbm]: [QMAW] Found manual material/steel.json
[14:53:56] [Client thread/ERROR] [hbm]: Error reading stack array ["hbm:sulfur",1,0] - defaulting to NOTHING item!
[14:53:56] [Client thread/ERROR] [hbm]: Error reading stack array ["hbm:sulfur"] - defaulting to NOTHING item!
[14:53:56] [Client thread/INFO] [hbm]: [QMAW] Manual material/sulfur.json references nonexistant trigger ["hbm:sulfur"]
[14:53:56] [Client thread/INFO] [hbm]: [QMAW] Found manual material/sulfur.json
[14:53:56] [Client thread/ERROR] [hbm]: Error reading stack array ["hbm:ingot_tantalium",1,0] - defaulting to NOTHING item!
[14:53:56] [Client thread/ERROR] [hbm]: Error reading stack array ["hbm:ingot_tantalium"] - defaulting to NOTHING item!
[14:53:56] [Client thread/INFO] [hbm]: [QMAW] Manual material/tantalium.json references nonexistant trigger ["hbm:ingot_tantalium"]
[14:53:56] [Client thread/ERROR] [hbm]: Error reading stack array ["hbm:powder_tantalium"] - defaulting to NOTHING item!
[14:53:56] [Client thread/INFO] [hbm]: [QMAW] Manual material/tantalium.json references nonexistant trigger ["hbm:powder_tantalium"]
[14:53:56] [Client thread/ERROR] [hbm]: Error reading stack array ["hbm:nugget_tantalium"] - defaulting to NOTHING item!
[14:53:56] [Client thread/INFO] [hbm]: [QMAW] Manual material/tantalium.json references nonexistant trigger ["hbm:nugget_tantalium"]
[14:53:56] [Client thread/INFO] [hbm]: [QMAW] Found manual material/tantalium.json
[14:53:56] [Client thread/ERROR] [hbm]: Error reading stack array ["hbm:ingot_technetium",1,0] - defaulting to NOTHING item!
[14:53:56] [Client thread/ERROR] [hbm]: Error reading stack array ["hbm:billet_technetium"] - defaulting to NOTHING item!
[14:53:56] [Client thread/INFO] [hbm]: [QMAW] Manual material/technetium.json references nonexistant trigger ["hbm:billet_technetium"]
[14:53:56] [Client thread/ERROR] [hbm]: Error reading stack array ["hbm:ingot_technetium"] - defaulting to NOTHING item!
[14:53:56] [Client thread/INFO] [hbm]: [QMAW] Manual material/technetium.json references nonexistant trigger ["hbm:ingot_technetium"]
[14:53:56] [Client thread/ERROR] [hbm]: Error reading stack array ["hbm:nugget_technetium"] - defaulting to NOTHING item!
[14:53:56] [Client thread/INFO] [hbm]: [QMAW] Manual material/technetium.json references nonexistant trigger ["hbm:nugget_technetium"]
[14:53:56] [Client thread/INFO] [hbm]: [QMAW] Found manual material/technetium.json
[14:53:56] [Client thread/ERROR] [hbm]: Error reading stack array ["hbm:ingot_tcalloy",1,0] - defaulting to NOTHING item!
[14:53:56] [Client thread/ERROR] [hbm]: Error reading stack array ["hbm:ingot_tcalloy"] - defaulting to NOTHING item!
[14:53:56] [Client thread/INFO] [hbm]: [QMAW] Manual material/technetium_steel.json references nonexistant trigger ["hbm:ingot_tcalloy"]
[14:53:56] [Client thread/ERROR] [hbm]: Error reading stack array ["hbm:powder_tcalloy"] - defaulting to NOTHING item!
[14:53:56] [Client thread/INFO] [hbm]: [QMAW] Manual material/technetium_steel.json references nonexistant trigger ["hbm:powder_tcalloy"]
[14:53:56] [Client thread/INFO] [hbm]: [QMAW] Found manual material/technetium_steel.json
[14:53:56] [Client thread/ERROR] [hbm]: Error reading stack array ["hbm:billet_th232",1,0] - defaulting to NOTHING item!
[14:53:56] [Client thread/ERROR] [hbm]: Error reading stack array ["hbm:ingot_th232"] - defaulting to NOTHING item!
[14:53:56] [Client thread/INFO] [hbm]: [QMAW] Manual material/thorium.json references nonexistant trigger ["hbm:ingot_th232"]
[14:53:56] [Client thread/ERROR] [hbm]: Error reading stack array ["hbm:billet_th232"] - defaulting to NOTHING item!
[14:53:56] [Client thread/INFO] [hbm]: [QMAW] Manual material/thorium.json references nonexistant trigger ["hbm:billet_th232"]
[14:53:56] [Client thread/ERROR] [hbm]: Error reading stack array ["hbm:nugget_th232"] - defaulting to NOTHING item!
[14:53:56] [Client thread/INFO] [hbm]: [QMAW] Manual material/thorium.json references nonexistant trigger ["hbm:nugget_th232"]
[14:53:56] [Client thread/ERROR] [hbm]: Error reading stack array ["hbm:powder_thorium"] - defaulting to NOTHING item!
[14:53:56] [Client thread/INFO] [hbm]: [QMAW] Manual material/thorium.json references nonexistant trigger ["hbm:powder_thorium"]
[14:53:56] [Client thread/INFO] [hbm]: [QMAW] Found manual material/thorium.json
[14:53:56] [Client thread/ERROR] [hbm]: Error reading stack array ["hbm:billet_u233",1,0] - defaulting to NOTHING item!
[14:53:56] [Client thread/ERROR] [hbm]: Error reading stack array ["hbm:ingot_u233"] - defaulting to NOTHING item!
[14:53:56] [Client thread/INFO] [hbm]: [QMAW] Manual material/uranium-233.json references nonexistant trigger ["hbm:ingot_u233"]
[14:53:56] [Client thread/ERROR] [hbm]: Error reading stack array ["hbm:billet_u233"] - defaulting to NOTHING item!
[14:53:56] [Client thread/INFO] [hbm]: [QMAW] Manual material/uranium-233.json references nonexistant trigger ["hbm:billet_u233"]
[14:53:56] [Client thread/ERROR] [hbm]: Error reading stack array ["hbm:nugget_u233"] - defaulting to NOTHING item!
[14:53:56] [Client thread/INFO] [hbm]: [QMAW] Manual material/uranium-233.json references nonexistant trigger ["hbm:nugget_u233"]
[14:53:56] [Client thread/INFO] [hbm]: [QMAW] Found manual material/uranium-233.json
[14:53:56] [Client thread/ERROR] [hbm]: Error reading stack array ["hbm:billet_u235",1,0] - defaulting to NOTHING item!
[14:53:56] [Client thread/ERROR] [hbm]: Error reading stack array ["hbm:ingot_u235"] - defaulting to NOTHING item!
[14:53:56] [Client thread/INFO] [hbm]: [QMAW] Manual material/uranium-235.json references nonexistant trigger ["hbm:ingot_u235"]
[14:53:56] [Client thread/ERROR] [hbm]: Error reading stack array ["hbm:billet_u235"] - defaulting to NOTHING item!
[14:53:56] [Client thread/INFO] [hbm]: [QMAW] Manual material/uranium-235.json references nonexistant trigger ["hbm:billet_u235"]
[14:53:56] [Client thread/ERROR] [hbm]: Error reading stack array ["hbm:nugget_u235"] - defaulting to NOTHING item!
[14:53:56] [Client thread/INFO] [hbm]: [QMAW] Manual material/uranium-235.json references nonexistant trigger ["hbm:nugget_u235"]
[14:53:56] [Client thread/INFO] [hbm]: [QMAW] Found manual material/uranium-235.json
[14:53:56] [Client thread/ERROR] [hbm]: Error reading stack array ["hbm:billet_u238",1,0] - defaulting to NOTHING item!
[14:53:56] [Client thread/ERROR] [hbm]: Error reading stack array ["hbm:ingot_u238"] - defaulting to NOTHING item!
[14:53:56] [Client thread/INFO] [hbm]: [QMAW] Manual material/uranium-238.json references nonexistant trigger ["hbm:ingot_u238"]
[14:53:56] [Client thread/ERROR] [hbm]: Error reading stack array ["hbm:billet_u238"] - defaulting to NOTHING item!
[14:53:56] [Client thread/INFO] [hbm]: [QMAW] Manual material/uranium-238.json references nonexistant trigger ["hbm:billet_u238"]
[14:53:56] [Client thread/ERROR] [hbm]: Error reading stack array ["hbm:nugget_u238"] - defaulting to NOTHING item!
[14:53:56] [Client thread/INFO] [hbm]: [QMAW] Manual material/uranium-238.json references nonexistant trigger ["hbm:nugget_u238"]
[14:53:56] [Client thread/INFO] [hbm]: [QMAW] Found manual material/uranium-238.json
[14:53:56] [Client thread/ERROR] [hbm]: Error reading stack array ["hbm:ingot_uranium",1,0] - defaulting to NOTHING item!
[14:53:56] [Client thread/ERROR] [hbm]: Error reading stack array ["hbm:ingot_uranium"] - defaulting to NOTHING item!
[14:53:56] [Client thread/INFO] [hbm]: [QMAW] Manual material/uranium.json references nonexistant trigger ["hbm:ingot_uranium"]
[14:53:56] [Client thread/ERROR] [hbm]: Error reading stack array ["hbm:billet_uranium"] - defaulting to NOTHING item!
[14:53:56] [Client thread/INFO] [hbm]: [QMAW] Manual material/uranium.json references nonexistant trigger ["hbm:billet_uranium"]
[14:53:56] [Client thread/ERROR] [hbm]: Error reading stack array ["hbm:nugget_uranium"] - defaulting to NOTHING item!
[14:53:56] [Client thread/INFO] [hbm]: [QMAW] Manual material/uranium.json references nonexistant trigger ["hbm:nugget_uranium"]
[14:53:56] [Client thread/ERROR] [hbm]: Error reading stack array ["hbm:powder_uranium"] - defaulting to NOTHING item!
[14:53:56] [Client thread/INFO] [hbm]: [QMAW] Manual material/uranium.json references nonexistant trigger ["hbm:powder_uranium"]
[14:53:56] [Client thread/ERROR] [hbm]: Error reading stack array ["hbm:ore_uranium"] - defaulting to NOTHING item!
[14:53:56] [Client thread/INFO] [hbm]: [QMAW] Manual material/uranium.json references nonexistant trigger ["hbm:ore_uranium"]
[14:53:56] [Client thread/INFO] [hbm]: [QMAW] Found manual material/uranium.json
[14:53:56] [Client thread/ERROR] [hbm]: Error reading stack array ["hbm:ingot_weaponsteel",1,0] - defaulting to NOTHING item!
[14:53:56] [Client thread/ERROR] [hbm]: Error reading stack array ["hbm:ingot_weaponsteel"] - defaulting to NOTHING item!
[14:53:56] [Client thread/INFO] [hbm]: [QMAW] Manual material/weaponsteel.json references nonexistant trigger ["hbm:ingot_weaponsteel"]
[14:53:56] [Client thread/ERROR] [hbm]: Error reading stack array ["hbm:plate_weaponsteel"] - defaulting to NOTHING item!
[14:53:56] [Client thread/INFO] [hbm]: [QMAW] Manual material/weaponsteel.json references nonexistant trigger ["hbm:plate_weaponsteel"]
[14:53:56] [Client thread/INFO] [hbm]: [QMAW] Found manual material/weaponsteel.json
[14:53:56] [Client thread/ERROR] [hbm]: Error reading stack array ["hbm:pa_beamline",1,0] - defaulting to NOTHING item!
[14:53:56] [Client thread/ERROR] [hbm]: Error reading stack array ["hbm:pa_beamline"] - defaulting to NOTHING item!
[14:53:56] [Client thread/INFO] [hbm]: [QMAW] Manual pa/beamline.json references nonexistant trigger ["hbm:pa_beamline"]
[14:53:56] [Client thread/INFO] [hbm]: [QMAW] Found manual pa/beamline.json
[14:53:56] [Client thread/ERROR] [hbm]: Error reading stack array ["hbm:pa_coil",1,0] - defaulting to NOTHING item!
[14:53:56] [Client thread/ERROR] [hbm]: Error reading stack array ["hbm:pa_coil",1,32767] - defaulting to NOTHING item!
[14:53:56] [Client thread/INFO] [hbm]: [QMAW] Manual pa/coil.json references nonexistant trigger ["hbm:pa_coil",1,32767]
[14:53:56] [Client thread/INFO] [hbm]: [QMAW] Found manual pa/coil.json
[14:53:56] [Client thread/ERROR] [hbm]: Error reading stack array ["hbm:pa_detector",1,0] - defaulting to NOTHING item!
[14:53:56] [Client thread/ERROR] [hbm]: Error reading stack array ["hbm:pa_detector"] - defaulting to NOTHING item!
[14:53:56] [Client thread/INFO] [hbm]: [QMAW] Manual pa/detector.json references nonexistant trigger ["hbm:pa_detector"]
[14:53:56] [Client thread/INFO] [hbm]: [QMAW] Found manual pa/detector.json
[14:53:56] [Client thread/ERROR] [hbm]: Error reading stack array ["hbm:pa_dipole",1,0] - defaulting to NOTHING item!
[14:53:56] [Client thread/ERROR] [hbm]: Error reading stack array ["hbm:pa_dipole"] - defaulting to NOTHING item!
[14:53:56] [Client thread/INFO] [hbm]: [QMAW] Manual pa/dipole.json references nonexistant trigger ["hbm:pa_dipole"]
[14:53:56] [Client thread/INFO] [hbm]: [QMAW] Found manual pa/dipole.json
[14:53:56] [Client thread/ERROR] [hbm]: Error reading stack array ["hbm:pa_detector",1,0] - defaulting to NOTHING item!
[14:53:56] [Client thread/ERROR] [hbm]: Error reading stack array ["hbm:pa_detector"] - defaulting to NOTHING item!
[14:53:56] [Client thread/INFO] [hbm]: [QMAW] Manual pa/particleaccelerator.json references nonexistant trigger ["hbm:pa_detector"]
[14:53:56] [Client thread/INFO] [hbm]: [QMAW] Found manual pa/particleaccelerator.json
[14:53:56] [Client thread/ERROR] [hbm]: Error reading stack array ["hbm:pa_detector",1,0] - defaulting to NOTHING item!
[14:53:56] [Client thread/ERROR] [hbm]: Error reading stack array ["hbm:pa_detector"] - defaulting to NOTHING item!
[14:53:56] [Client thread/INFO] [hbm]: [QMAW] Manual pa/pastepbystep.json references nonexistant trigger ["hbm:pa_detector"]
[14:53:56] [Client thread/INFO] [hbm]: [QMAW] Found manual pa/pastepbystep.json
[14:53:56] [Client thread/ERROR] [hbm]: Error reading stack array ["hbm:pa_quadrupole",1,0] - defaulting to NOTHING item!
[14:53:56] [Client thread/ERROR] [hbm]: Error reading stack array ["hbm:pa_quadrupole"] - defaulting to NOTHING item!
[14:53:56] [Client thread/INFO] [hbm]: [QMAW] Manual pa/quadrupole.json references nonexistant trigger ["hbm:pa_quadrupole"]
[14:53:56] [Client thread/INFO] [hbm]: [QMAW] Found manual pa/quadrupole.json
[14:53:56] [Client thread/ERROR] [hbm]: Error reading stack array ["hbm:pa_rfc",1,0] - defaulting to NOTHING item!
[14:53:56] [Client thread/ERROR] [hbm]: Error reading stack array ["hbm:pa_rfc"] - defaulting to NOTHING item!
[14:53:56] [Client thread/INFO] [hbm]: [QMAW] Manual pa/rfc.json references nonexistant trigger ["hbm:pa_rfc"]
[14:53:56] [Client thread/INFO] [hbm]: [QMAW] Found manual pa/rfc.json
[14:53:56] [Client thread/ERROR] [hbm]: Error reading stack array ["hbm:pa_source",1,0] - defaulting to NOTHING item!
[14:53:56] [Client thread/ERROR] [hbm]: Error reading stack array ["hbm:pa_source"] - defaulting to NOTHING item!
[14:53:56] [Client thread/INFO] [hbm]: [QMAW] Manual pa/source.json references nonexistant trigger ["hbm:pa_source"]
[14:53:56] [Client thread/INFO] [hbm]: [QMAW] Found manual pa/source.json
[14:53:56] [Client thread/ERROR] [hbm]: Error reading stack array ["hbm:rbmk_absorber",1,0] - defaulting to NOTHING item!
[14:53:56] [Client thread/ERROR] [hbm]: Error reading stack array ["hbm:rbmk_absorber"] - defaulting to NOTHING item!
[14:53:56] [Client thread/INFO] [hbm]: [QMAW] Manual rbmk/absorber.json references nonexistant trigger ["hbm:rbmk_absorber"]
[14:53:56] [Client thread/INFO] [hbm]: [QMAW] Found manual rbmk/absorber.json
[14:53:56] [Client thread/ERROR] [hbm]: Error reading stack array ["hbm:rbmk_autoloader",1,0] - defaulting to NOTHING item!
[14:53:56] [Client thread/ERROR] [hbm]: Error reading stack array ["hbm:rbmk_autoloader"] - defaulting to NOTHING item!
[14:53:56] [Client thread/INFO] [hbm]: [QMAW] Manual rbmk/autoloader.json references nonexistant trigger ["hbm:rbmk_autoloader"]
[14:53:56] [Client thread/INFO] [hbm]: [QMAW] Found manual rbmk/autoloader.json
[14:53:56] [Client thread/ERROR] [hbm]: Error reading stack array ["hbm:rbmk_blank",1,0] - defaulting to NOTHING item!
[14:53:56] [Client thread/ERROR] [hbm]: Error reading stack array ["hbm:rbmk_blank"] - defaulting to NOTHING item!
[14:53:56] [Client thread/INFO] [hbm]: [QMAW] Manual rbmk/blank.json references nonexistant trigger ["hbm:rbmk_blank"]
[14:53:56] [Client thread/INFO] [hbm]: [QMAW] Found manual rbmk/blank.json
[14:53:56] [Client thread/ERROR] [hbm]: Error reading stack array ["hbm:rbmk_boiler",1,0] - defaulting to NOTHING item!
[14:53:56] [Client thread/ERROR] [hbm]: Error reading stack array ["hbm:rbmk_boiler"] - defaulting to NOTHING item!
[14:53:56] [Client thread/INFO] [hbm]: [QMAW] Manual rbmk/boiler.json references nonexistant trigger ["hbm:rbmk_boiler"]
[14:53:56] [Client thread/INFO] [hbm]: [QMAW] Found manual rbmk/boiler.json
[14:53:56] [Client thread/ERROR] [hbm]: Error reading stack array ["hbm:rbmk_console",1,0] - defaulting to NOTHING item!
[14:53:56] [Client thread/ERROR] [hbm]: Error reading stack array ["hbm:rbmk_console"] - defaulting to NOTHING item!
[14:53:56] [Client thread/INFO] [hbm]: [QMAW] Manual rbmk/console.json references nonexistant trigger ["hbm:rbmk_console"]
[14:53:56] [Client thread/INFO] [hbm]: [QMAW] Found manual rbmk/console.json
[14:53:56] [Client thread/ERROR] [hbm]: Error reading stack array ["hbm:rbmk_control_auto",1,0] - defaulting to NOTHING item!
[14:53:56] [Client thread/ERROR] [hbm]: Error reading stack array ["hbm:rbmk_control_auto"] - defaulting to NOTHING item!
[14:53:56] [Client thread/INFO] [hbm]: [QMAW] Manual rbmk/controlauto.json references nonexistant trigger ["hbm:rbmk_control_auto"]
[14:53:56] [Client thread/INFO] [hbm]: [QMAW] Found manual rbmk/controlauto.json
[14:53:56] [Client thread/ERROR] [hbm]: Error reading stack array ["hbm:rbmk_control",1,0] - defaulting to NOTHING item!
[14:53:56] [Client thread/ERROR] [hbm]: Error reading stack array ["hbm:rbmk_control"] - defaulting to NOTHING item!
[14:53:56] [Client thread/INFO] [hbm]: [QMAW] Manual rbmk/controlrod.json references nonexistant trigger ["hbm:rbmk_control"]
[14:53:56] [Client thread/ERROR] [hbm]: Error reading stack array ["hbm:rbmk_control_mod"] - defaulting to NOTHING item!
[14:53:56] [Client thread/INFO] [hbm]: [QMAW] Manual rbmk/controlrod.json references nonexistant trigger ["hbm:rbmk_control_mod"]
[14:53:56] [Client thread/INFO] [hbm]: [QMAW] Found manual rbmk/controlrod.json
[14:53:56] [Client thread/ERROR] [hbm]: Error reading stack array ["hbm:rbmk_cooler",1,0] - defaulting to NOTHING item!
[14:53:56] [Client thread/ERROR] [hbm]: Error reading stack array ["hbm:rbmk_cooler"] - defaulting to NOTHING item!
[14:53:56] [Client thread/INFO] [hbm]: [QMAW] Manual rbmk/cooler.json references nonexistant trigger ["hbm:rbmk_cooler"]
[14:53:56] [Client thread/INFO] [hbm]: [QMAW] Found manual rbmk/cooler.json
[14:53:56] [Client thread/ERROR] [hbm]: Error reading stack array ["hbm:rbmk_crane_console",1,0] - defaulting to NOTHING item!
[14:53:56] [Client thread/ERROR] [hbm]: Error reading stack array ["hbm:rbmk_crane_console"] - defaulting to NOTHING item!
[14:53:56] [Client thread/INFO] [hbm]: [QMAW] Manual rbmk/crane.json references nonexistant trigger ["hbm:rbmk_crane_console"]
[14:53:56] [Client thread/INFO] [hbm]: [QMAW] Found manual rbmk/crane.json
[14:53:56] [Client thread/ERROR] [hbm]: Error reading stack array ["hbm:rbmk_heater",1,0] - defaulting to NOTHING item!
[14:53:56] [Client thread/ERROR] [hbm]: Error reading stack array ["hbm:rbmk_heater"] - defaulting to NOTHING item!
[14:53:56] [Client thread/INFO] [hbm]: [QMAW] Manual rbmk/heater.json references nonexistant trigger ["hbm:rbmk_heater"]
[14:53:56] [Client thread/INFO] [hbm]: [QMAW] Found manual rbmk/heater.json
[14:53:56] [Client thread/ERROR] [hbm]: Error reading stack array ["hbm:rbmk_loader",1,0] - defaulting to NOTHING item!
[14:53:56] [Client thread/ERROR] [hbm]: Error reading stack array ["hbm:rbmk_loader"] - defaulting to NOTHING item!
[14:53:56] [Client thread/INFO] [hbm]: [QMAW] Manual rbmk/loader.json references nonexistant trigger ["hbm:rbmk_loader"]
[14:53:56] [Client thread/INFO] [hbm]: [QMAW] Found manual rbmk/loader.json
[14:53:56] [Client thread/ERROR] [hbm]: Error reading stack array ["hbm:rbmk_moderator",1,0] - defaulting to NOTHING item!
[14:53:56] [Client thread/ERROR] [hbm]: Error reading stack array ["hbm:rbmk_moderator"] - defaulting to NOTHING item!
[14:53:56] [Client thread/INFO] [hbm]: [QMAW] Manual rbmk/moderator.json references nonexistant trigger ["hbm:rbmk_moderator"]
[14:53:56] [Client thread/INFO] [hbm]: [QMAW] Found manual rbmk/moderator.json
[14:53:56] [Client thread/ERROR] [hbm]: Error reading stack array ["hbm:rbmk_reflector",1,0] - defaulting to NOTHING item!
[14:53:56] [Client thread/ERROR] [hbm]: Error reading stack array ["hbm:rbmk_reflector"] - defaulting to NOTHING item!
[14:53:56] [Client thread/INFO] [hbm]: [QMAW] Manual rbmk/reflector.json references nonexistant trigger ["hbm:rbmk_reflector"]
[14:53:56] [Client thread/INFO] [hbm]: [QMAW] Found manual rbmk/reflector.json
[14:53:56] [Client thread/ERROR] [hbm]: Error reading stack array ["hbm:rbmk_rod",1,0] - defaulting to NOTHING item!
[14:53:56] [Client thread/ERROR] [hbm]: Error reading stack array ["hbm:rbmk_rod"] - defaulting to NOTHING item!
[14:53:56] [Client thread/INFO] [hbm]: [QMAW] Manual rbmk/rod.json references nonexistant trigger ["hbm:rbmk_rod"]
[14:53:56] [Client thread/ERROR] [hbm]: Error reading stack array ["hbm:rbmk_rod_mod"] - defaulting to NOTHING item!
[14:53:56] [Client thread/INFO] [hbm]: [QMAW] Manual rbmk/rod.json references nonexistant trigger ["hbm:rbmk_rod_mod"]
[14:53:56] [Client thread/INFO] [hbm]: [QMAW] Found manual rbmk/rod.json
[14:53:56] [Client thread/ERROR] [hbm]: Error reading stack array ["hbm:rbmk_storage",1,0] - defaulting to NOTHING item!
[14:53:56] [Client thread/ERROR] [hbm]: Error reading stack array ["hbm:rbmk_storage"] - defaulting to NOTHING item!
[14:53:56] [Client thread/INFO] [hbm]: [QMAW] Manual rbmk/storage.json references nonexistant trigger ["hbm:rbmk_storage"]
[14:53:56] [Client thread/INFO] [hbm]: [QMAW] Found manual rbmk/storage.json
[14:53:56] [Client thread/ERROR] [hbm]: Error reading stack array ["hbm:tile.rbmk_key_pad",1,0] - defaulting to NOTHING item!
[14:53:56] [Client thread/ERROR] [hbm]: Error reading stack array ["hbm:tile.rbmk_key_pad"] - defaulting to NOTHING item!
[14:53:56] [Client thread/INFO] [hbm]: [QMAW] Manual ror/panelbutton.json references nonexistant trigger ["hbm:tile.rbmk_key_pad"]
[14:53:56] [Client thread/INFO] [hbm]: [QMAW] Found manual ror/panelbutton.json
[14:53:56] [Client thread/ERROR] [hbm]: Error reading stack array ["hbm:tile.rbmk_gauge",1,0] - defaulting to NOTHING item!
[14:53:56] [Client thread/ERROR] [hbm]: Error reading stack array ["hbm:tile.rbmk_gauge"] - defaulting to NOTHING item!
[14:53:56] [Client thread/INFO] [hbm]: [QMAW] Manual ror/panelgauge.json references nonexistant trigger ["hbm:tile.rbmk_gauge"]
[14:53:56] [Client thread/INFO] [hbm]: [QMAW] Found manual ror/panelgauge.json
[14:53:56] [Client thread/ERROR] [hbm]: Error reading stack array ["hbm:tile.rbmk_graph",1,0] - defaulting to NOTHING item!
[14:53:56] [Client thread/ERROR] [hbm]: Error reading stack array ["hbm:tile.rbmk_graph"] - defaulting to NOTHING item!
[14:53:56] [Client thread/INFO] [hbm]: [QMAW] Manual ror/panelgraph.json references nonexistant trigger ["hbm:tile.rbmk_graph"]
[14:53:56] [Client thread/INFO] [hbm]: [QMAW] Found manual ror/panelgraph.json
[14:53:56] [Client thread/ERROR] [hbm]: Error reading stack array ["hbm:tile.rbmk_indicator",1,0] - defaulting to NOTHING item!
[14:53:56] [Client thread/ERROR] [hbm]: Error reading stack array ["hbm:tile.rbmk_indicator"] - defaulting to NOTHING item!
[14:53:56] [Client thread/INFO] [hbm]: [QMAW] Manual ror/panelindicator.json references nonexistant trigger ["hbm:tile.rbmk_indicator"]
[14:53:56] [Client thread/INFO] [hbm]: [QMAW] Found manual ror/panelindicator.json
[14:53:56] [Client thread/ERROR] [hbm]: Error reading stack array ["hbm:tile.rbmk_lever",1,0] - defaulting to NOTHING item!
[14:53:56] [Client thread/ERROR] [hbm]: Error reading stack array ["hbm:tile.rbmk_lever"] - defaulting to NOTHING item!
[14:53:56] [Client thread/INFO] [hbm]: [QMAW] Manual ror/panellever.json references nonexistant trigger ["hbm:tile.rbmk_lever"]
[14:53:56] [Client thread/INFO] [hbm]: [QMAW] Found manual ror/panellever.json
[14:53:56] [Client thread/ERROR] [hbm]: Error reading stack array ["hbm:tile.rbmk_numitron",1,0] - defaulting to NOTHING item!
[14:53:56] [Client thread/ERROR] [hbm]: Error reading stack array ["hbm:tile.rbmk_numitron"] - defaulting to NOTHING item!
[14:53:56] [Client thread/INFO] [hbm]: [QMAW] Manual ror/panelnumitron.json references nonexistant trigger ["hbm:tile.rbmk_numitron"]
[14:53:56] [Client thread/INFO] [hbm]: [QMAW] Found manual ror/panelnumitron.json
[14:53:56] [Client thread/ERROR] [hbm]: Error reading stack array ["hbm:radio_telex",1,0] - defaulting to NOTHING item!
[14:53:56] [Client thread/INFO] [hbm]: [QMAW] Found manual ror/redstoneoverradio.json
[14:53:56] [Client thread/ERROR] [hbm]: Error reading stack array ["hbm:radio_torch_controller",1,0] - defaulting to NOTHING item!
[14:53:56] [Client thread/ERROR] [hbm]: Error reading stack array ["hbm:radio_torch_controller"] - defaulting to NOTHING item!
[14:53:56] [Client thread/INFO] [hbm]: [QMAW] Manual ror/rorcontroller.json references nonexistant trigger ["hbm:radio_torch_controller"]
[14:53:56] [Client thread/INFO] [hbm]: [QMAW] Found manual ror/rorcontroller.json
[14:53:56] [Client thread/ERROR] [hbm]: Error reading stack array ["hbm:radio_torch_counter",1,0] - defaulting to NOTHING item!
[14:53:56] [Client thread/ERROR] [hbm]: Error reading stack array ["hbm:radio_torch_counter"] - defaulting to NOTHING item!
[14:53:56] [Client thread/INFO] [hbm]: [QMAW] Manual ror/rorcounter.json references nonexistant trigger ["hbm:radio_torch_counter"]
[14:53:56] [Client thread/INFO] [hbm]: [QMAW] Found manual ror/rorcounter.json
[14:53:56] [Client thread/ERROR] [hbm]: Error reading stack array ["hbm:radio_torch_logic",1,0] - defaulting to NOTHING item!
[14:53:56] [Client thread/ERROR] [hbm]: Error reading stack array ["hbm:radio_torch_logic"] - defaulting to NOTHING item!
[14:53:56] [Client thread/INFO] [hbm]: [QMAW] Manual ror/rorlogic.json references nonexistant trigger ["hbm:radio_torch_logic"]
[14:53:56] [Client thread/INFO] [hbm]: [QMAW] Found manual ror/rorlogic.json
[14:53:56] [Client thread/ERROR] [hbm]: Error reading stack array ["hbm:radio_torch_reader",1,0] - defaulting to NOTHING item!
[14:53:56] [Client thread/ERROR] [hbm]: Error reading stack array ["hbm:radio_torch_reader"] - defaulting to NOTHING item!
[14:53:56] [Client thread/INFO] [hbm]: [QMAW] Manual ror/rorreader.json references nonexistant trigger ["hbm:radio_torch_reader"]
[14:53:56] [Client thread/INFO] [hbm]: [QMAW] Found manual ror/rorreader.json
[14:53:56] [Client thread/ERROR] [hbm]: Error reading stack array ["hbm:radio_torch_receiver",1,0] - defaulting to NOTHING item!
[14:53:56] [Client thread/ERROR] [hbm]: Error reading stack array ["hbm:radio_torch_receiver"] - defaulting to NOTHING item!
[14:53:56] [Client thread/INFO] [hbm]: [QMAW] Manual ror/rorreceiver.json references nonexistant trigger ["hbm:radio_torch_receiver"]
[14:53:56] [Client thread/INFO] [hbm]: [QMAW] Found manual ror/rorreceiver.json
[14:53:56] [Client thread/ERROR] [hbm]: Error reading stack array ["hbm:radio_torch_sender",1,0] - defaulting to NOTHING item!
[14:53:56] [Client thread/ERROR] [hbm]: Error reading stack array ["hbm:radio_torch_sender"] - defaulting to NOTHING item!
[14:53:56] [Client thread/INFO] [hbm]: [QMAW] Manual ror/rortransmitter.json references nonexistant trigger ["hbm:radio_torch_sender"]
[14:53:56] [Client thread/INFO] [hbm]: [QMAW] Found manual ror/rortransmitter.json
[14:53:56] [Client thread/ERROR] [hbm]: Error reading stack array ["hbm:ammo_standard",1,31] - defaulting to NOTHING item!
[14:53:56] [Client thread/ERROR] [hbm]: Error reading stack array ["hbm:ammo_standard",1,8] - defaulting to NOTHING item!
[14:53:56] [Client thread/INFO] [hbm]: [QMAW] Manual weapon/ap.json references nonexistant trigger ["hbm:ammo_standard",1,8]
[14:53:56] [Client thread/ERROR] [hbm]: Error reading stack array ["hbm:ammo_standard",1,14] - defaulting to NOTHING item!
[14:53:56] [Client thread/INFO] [hbm]: [QMAW] Manual weapon/ap.json references nonexistant trigger ["hbm:ammo_standard",1,14]
[14:53:56] [Client thread/ERROR] [hbm]: Error reading stack array ["hbm:ammo_standard",1,19] - defaulting to NOTHING item!
[14:53:56] [Client thread/INFO] [hbm]: [QMAW] Manual weapon/ap.json references nonexistant trigger ["hbm:ammo_standard",1,19]
[14:53:56] [Client thread/ERROR] [hbm]: Error reading stack array ["hbm:ammo_standard",1,23] - defaulting to NOTHING item!
[14:53:56] [Client thread/INFO] [hbm]: [QMAW] Manual weapon/ap.json references nonexistant trigger ["hbm:ammo_standard",1,23]
[14:53:56] [Client thread/ERROR] [hbm]: Error reading stack array ["hbm:ammo_standard",1,88] - defaulting to NOTHING item!
[14:53:56] [Client thread/INFO] [hbm]: [QMAW] Manual weapon/ap.json references nonexistant trigger ["hbm:ammo_standard",1,88]
[14:53:56] [Client thread/ERROR] [hbm]: Error reading stack array ["hbm:ammo_standard",1,27] - defaulting to NOTHING item!
[14:53:56] [Client thread/INFO] [hbm]: [QMAW] Manual weapon/ap.json references nonexistant trigger ["hbm:ammo_standard",1,27]
[14:53:56] [Client thread/ERROR] [hbm]: Error reading stack array ["hbm:ammo_standard",1,31] - defaulting to NOTHING item!
[14:53:56] [Client thread/INFO] [hbm]: [QMAW] Manual weapon/ap.json references nonexistant trigger ["hbm:ammo_standard",1,31]
[14:53:56] [Client thread/ERROR] [hbm]: Error reading stack array ["hbm:ammo_standard",1,36] - defaulting to NOTHING item!
[14:53:56] [Client thread/INFO] [hbm]: [QMAW] Manual weapon/ap.json references nonexistant trigger ["hbm:ammo_standard",1,36]
[14:53:56] [Client thread/INFO] [hbm]: [QMAW] Found manual weapon/ap.json
[14:53:56] [Client thread/ERROR] [hbm]: Error reading stack array ["hbm:ammo_standard",1,44] - defaulting to NOTHING item!
[14:53:56] [Client thread/ERROR] [hbm]: Error reading stack array ["hbm:ammo_standard",1,44] - defaulting to NOTHING item!
[14:53:56] [Client thread/INFO] [hbm]: [QMAW] Manual weapon/buckshot.json references nonexistant trigger ["hbm:ammo_standard",1,44]
[14:53:56] [Client thread/ERROR] [hbm]: Error reading stack array ["hbm:ammo_standard",1,78] - defaulting to NOTHING item!
[14:53:56] [Client thread/INFO] [hbm]: [QMAW] Manual weapon/buckshot.json references nonexistant trigger ["hbm:ammo_standard",1,78]
[14:53:56] [Client thread/INFO] [hbm]: [QMAW] Found manual weapon/buckshot.json
[14:53:56] [Client thread/ERROR] [hbm]: Error reading stack array ["hbm:ammo_standard",1,47] - defaulting to NOTHING item!
[14:53:56] [Client thread/ERROR] [hbm]: Error reading stack array ["hbm:ammo_standard",1,42] - defaulting to NOTHING item!
[14:53:56] [Client thread/INFO] [hbm]: [QMAW] Manual weapon/buckshotmagnum.json references nonexistant trigger ["hbm:ammo_standard",1,42]
[14:53:56] [Client thread/ERROR] [hbm]: Error reading stack array ["hbm:ammo_standard",1,47] - defaulting to NOTHING item!
[14:53:56] [Client thread/INFO] [hbm]: [QMAW] Manual weapon/buckshotmagnum.json references nonexistant trigger ["hbm:ammo_standard",1,47]
[14:53:56] [Client thread/INFO] [hbm]: [QMAW] Found manual weapon/buckshotmagnum.json
[14:53:56] [Client thread/ERROR] [hbm]: Error reading stack array ["hbm:ammo_standard",1,79] - defaulting to NOTHING item!
[14:53:56] [Client thread/ERROR] [hbm]: Error reading stack array ["hbm:ammo_standard",1,79] - defaulting to NOTHING item!
[14:53:56] [Client thread/INFO] [hbm]: [QMAW] Manual weapon/buckshotsharpnel.json references nonexistant trigger ["hbm:ammo_standard",1,79]
[14:53:56] [Client thread/INFO] [hbm]: [QMAW] Found manual weapon/buckshotsharpnel.json
[14:53:56] [Client thread/ERROR] [hbm]: Error reading stack array ["hbm:ammo_standard",1,60] - defaulting to NOTHING item!
[14:53:56] [Client thread/ERROR] [hbm]: Error reading stack array ["hbm:ammo_standard",1,55] - defaulting to NOTHING item!
[14:53:56] [Client thread/INFO] [hbm]: [QMAW] Manual weapon/demo.json references nonexistant trigger ["hbm:ammo_standard",1,55]
[14:53:56] [Client thread/ERROR] [hbm]: Error reading stack array ["hbm:ammo_standard",1,60] - defaulting to NOTHING item!
[14:53:56] [Client thread/INFO] [hbm]: [QMAW] Manual weapon/demo.json references nonexistant trigger ["hbm:ammo_standard",1,60]
[14:53:56] [Client thread/ERROR] [hbm]: Error reading stack array ["hbm:ammo_standard",1,74] - defaulting to NOTHING item!
[14:53:56] [Client thread/INFO] [hbm]: [QMAW] Manual weapon/demo.json references nonexistant trigger ["hbm:ammo_standard",1,74]
[14:53:56] [Client thread/INFO] [hbm]: [QMAW] Found manual weapon/demo.json
[14:53:56] [Client thread/ERROR] [hbm]: Error reading stack array ["hbm:ammo_standard",1,32] - defaulting to NOTHING item!
[14:53:56] [Client thread/ERROR] [hbm]: Error reading stack array ["hbm:ammo_standard",1,89] - defaulting to NOTHING item!
[14:53:56] [Client thread/INFO] [hbm]: [QMAW] Manual weapon/du.json references nonexistant trigger ["hbm:ammo_standard",1,89]
[14:53:56] [Client thread/ERROR] [hbm]: Error reading stack array ["hbm:ammo_standard",1,32] - defaulting to NOTHING item!
[14:53:56] [Client thread/INFO] [hbm]: [QMAW] Manual weapon/du.json references nonexistant trigger ["hbm:ammo_standard",1,32]
[14:53:56] [Client thread/ERROR] [hbm]: Error reading stack array ["hbm:ammo_standard",1,37] - defaulting to NOTHING item!
[14:53:56] [Client thread/INFO] [hbm]: [QMAW] Manual weapon/du.json references nonexistant trigger ["hbm:ammo_standard",1,37]
[14:53:56] [Client thread/ERROR] [hbm]: Error reading stack array ["hbm:ammo_standard",1,80] - defaulting to NOTHING item!
[14:53:56] [Client thread/INFO] [hbm]: [QMAW] Manual weapon/du.json references nonexistant trigger ["hbm:ammo_standard",1,80]
[14:53:56] [Client thread/INFO] [hbm]: [QMAW] Found manual weapon/du.json
[14:53:56] [Client thread/ERROR] [hbm]: Error reading stack array ["hbm:ammo_standard",1,15] - defaulting to NOTHING item!
[14:53:56] [Client thread/ERROR] [hbm]: Error reading stack array ["hbm:ammo_standard",1,9] - defaulting to NOTHING item!
[14:53:56] [Client thread/INFO] [hbm]: [QMAW] Manual weapon/express.json references nonexistant trigger ["hbm:ammo_standard",1,9]
[14:53:56] [Client thread/ERROR] [hbm]: Error reading stack array ["hbm:ammo_standard",1,15] - defaulting to NOTHING item!
[14:53:56] [Client thread/INFO] [hbm]: [QMAW] Manual weapon/express.json references nonexistant trigger ["hbm:ammo_standard",1,15]
[14:53:56] [Client thread/INFO] [hbm]: [QMAW] Found manual weapon/express.json
[14:53:56] [Client thread/ERROR] [hbm]: Error reading stack array ["hbm:ammo_standard",1,46] - defaulting to NOTHING item!
[14:53:56] [Client thread/ERROR] [hbm]: Error reading stack array ["hbm:ammo_standard",1,46] - defaulting to NOTHING item!
[14:53:56] [Client thread/INFO] [hbm]: [QMAW] Manual weapon/flechettes.json references nonexistant trigger ["hbm:ammo_standard",1,46]
[14:53:56] [Client thread/INFO] [hbm]: [QMAW] Found manual weapon/flechettes.json
[14:53:56] [Client thread/ERROR] [hbm]: Error reading stack array ["hbm:ammo_standard",1,29] - defaulting to NOTHING item!
[14:53:56] [Client thread/ERROR] [hbm]: Error reading stack array ["hbm:ammo_standard",1,6] - defaulting to NOTHING item!
[14:53:56] [Client thread/INFO] [hbm]: [QMAW] Manual weapon/fmj.json references nonexistant trigger ["hbm:ammo_standard",1,6]
[14:53:56] [Client thread/ERROR] [hbm]: Error reading stack array ["hbm:ammo_standard",1,12] - defaulting to NOTHING item!
[14:53:56] [Client thread/INFO] [hbm]: [QMAW] Manual weapon/fmj.json references nonexistant trigger ["hbm:ammo_standard",1,12]
[14:53:56] [Client thread/ERROR] [hbm]: Error reading stack array ["hbm:ammo_standard",1,17] - defaulting to NOTHING item!
[14:53:56] [Client thread/INFO] [hbm]: [QMAW] Manual weapon/fmj.json references nonexistant trigger ["hbm:ammo_standard",1,17]
[14:53:56] [Client thread/ERROR] [hbm]: Error reading stack array ["hbm:ammo_standard",1,21] - defaulting to NOTHING item!
[14:53:56] [Client thread/INFO] [hbm]: [QMAW] Manual weapon/fmj.json references nonexistant trigger ["hbm:ammo_standard",1,21]
[14:53:56] [Client thread/ERROR] [hbm]: Error reading stack array ["hbm:ammo_standard",1,86] - defaulting to NOTHING item!
[14:53:56] [Client thread/INFO] [hbm]: [QMAW] Manual weapon/fmj.json references nonexistant trigger ["hbm:ammo_standard",1,86]
[14:53:56] [Client thread/ERROR] [hbm]: Error reading stack array ["hbm:ammo_standard",1,25] - defaulting to NOTHING item!
[14:53:56] [Client thread/INFO] [hbm]: [QMAW] Manual weapon/fmj.json references nonexistant trigger ["hbm:ammo_standard",1,25]
[14:53:56] [Client thread/ERROR] [hbm]: Error reading stack array ["hbm:ammo_standard",1,29] - defaulting to NOTHING item!
[14:53:56] [Client thread/INFO] [hbm]: [QMAW] Manual weapon/fmj.json references nonexistant trigger ["hbm:ammo_standard",1,29]
[14:53:56] [Client thread/ERROR] [hbm]: Error reading stack array ["hbm:ammo_standard",1,34] - defaulting to NOTHING item!
[14:53:56] [Client thread/INFO] [hbm]: [QMAW] Manual weapon/fmj.json references nonexistant trigger ["hbm:ammo_standard",1,34]
[14:53:56] [Client thread/INFO] [hbm]: [QMAW] Found manual weapon/fmj.json
[14:53:56] [Client thread/ERROR] [hbm]: Error reading stack array ["hbm:ammo_standard",1,58] - defaulting to NOTHING item!
[14:53:56] [Client thread/ERROR] [hbm]: Error reading stack array ["hbm:ammo_standard",1,53] - defaulting to NOTHING item!
[14:53:56] [Client thread/INFO] [hbm]: [QMAW] Manual weapon/grenade.json references nonexistant trigger ["hbm:ammo_standard",1,53]
[14:53:56] [Client thread/ERROR] [hbm]: Error reading stack array ["hbm:ammo_standard",1,58] - defaulting to NOTHING item!
[14:53:56] [Client thread/INFO] [hbm]: [QMAW] Manual weapon/grenade.json references nonexistant trigger ["hbm:ammo_standard",1,58]
[14:53:56] [Client thread/INFO] [hbm]: [QMAW] Found manual weapon/grenade.json
[14:53:56] [Client thread/ERROR] [hbm]: Error reading stack array ["hbm:ammo_standard",1,82] - defaulting to NOTHING item!
[14:53:56] [Client thread/ERROR] [hbm]: Error reading stack array ["hbm:ammo_standard",1,82] - defaulting to NOTHING item!
[14:53:56] [Client thread/INFO] [hbm]: [QMAW] Manual weapon/he.json references nonexistant trigger ["hbm:ammo_standard",1,82]
[14:53:56] [Client thread/ERROR] [hbm]: Error reading stack array ["hbm:ammo_standard",1,83] - defaulting to NOTHING item!
[14:53:56] [Client thread/INFO] [hbm]: [QMAW] Manual weapon/he.json references nonexistant trigger ["hbm:ammo_standard",1,83]
[14:53:56] [Client thread/ERROR] [hbm]: Error reading stack array ["hbm:ammo_standard",1,84] - defaulting to NOTHING item!
[14:53:56] [Client thread/INFO] [hbm]: [QMAW] Manual weapon/he.json references nonexistant trigger ["hbm:ammo_standard",1,84]
[14:53:56] [Client thread/ERROR] [hbm]: Error reading stack array ["hbm:ammo_standard",1,48] - defaulting to NOTHING item!
[14:53:56] [Client thread/INFO] [hbm]: [QMAW] Manual weapon/he.json references nonexistant trigger ["hbm:ammo_standard",1,48]
[14:53:56] [Client thread/ERROR] [hbm]: Error reading stack array ["hbm:ammo_standard",1,73] - defaulting to NOTHING item!
[14:53:56] [Client thread/INFO] [hbm]: [QMAW] Manual weapon/he.json references nonexistant trigger ["hbm:ammo_standard",1,73]
[14:53:56] [Client thread/INFO] [hbm]: [QMAW] Found manual weapon/he.json
[14:53:56] [Client thread/ERROR] [hbm]: Error reading stack array ["hbm:ammo_standard",1,59] - defaulting to NOTHING item!
[14:53:56] [Client thread/ERROR] [hbm]: Error reading stack array ["hbm:ammo_standard",1,54] - defaulting to NOTHING item!
[14:53:56] [Client thread/INFO] [hbm]: [QMAW] Manual weapon/heat.json references nonexistant trigger ["hbm:ammo_standard",1,54]
[14:53:56] [Client thread/ERROR] [hbm]: Error reading stack array ["hbm:ammo_standard",1,59] - defaulting to NOTHING item!
[14:53:56] [Client thread/INFO] [hbm]: [QMAW] Manual weapon/heat.json references nonexistant trigger ["hbm:ammo_standard",1,59]
[14:53:56] [Client thread/INFO] [hbm]: [QMAW] Found manual weapon/heat.json
[14:53:56] [Client thread/ERROR] [hbm]: Error reading stack array ["hbm:ammo_standard",1,61] - defaulting to NOTHING item!
[14:53:56] [Client thread/ERROR] [hbm]: Error reading stack array ["hbm:ammo_standard",1,56] - defaulting to NOTHING item!
[14:53:56] [Client thread/INFO] [hbm]: [QMAW] Manual weapon/incendiary.json references nonexistant trigger ["hbm:ammo_standard",1,56]
[14:53:56] [Client thread/ERROR] [hbm]: Error reading stack array ["hbm:ammo_standard",1,61] - defaulting to NOTHING item!
[14:53:56] [Client thread/INFO] [hbm]: [QMAW] Manual weapon/incendiary.json references nonexistant trigger ["hbm:ammo_standard",1,61]
[14:53:56] [Client thread/INFO] [hbm]: [QMAW] Found manual weapon/incendiary.json
[14:53:56] [Client thread/ERROR] [hbm]: Error reading stack array ["hbm:ammo_standard",1,30] - defaulting to NOTHING item!
[14:53:56] [Client thread/ERROR] [hbm]: Error reading stack array ["hbm:ammo_standard",1,7] - defaulting to NOTHING item!
[14:53:56] [Client thread/INFO] [hbm]: [QMAW] Manual weapon/jhp.json references nonexistant trigger ["hbm:ammo_standard",1,7]
[14:53:56] [Client thread/ERROR] [hbm]: Error reading stack array ["hbm:ammo_standard",1,13] - defaulting to NOTHING item!
[14:53:56] [Client thread/INFO] [hbm]: [QMAW] Manual weapon/jhp.json references nonexistant trigger ["hbm:ammo_standard",1,13]
[14:53:56] [Client thread/ERROR] [hbm]: Error reading stack array ["hbm:ammo_standard",1,18] - defaulting to NOTHING item!
[14:53:56] [Client thread/INFO] [hbm]: [QMAW] Manual weapon/jhp.json references nonexistant trigger ["hbm:ammo_standard",1,18]
[14:53:56] [Client thread/ERROR] [hbm]: Error reading stack array ["hbm:ammo_standard",1,22] - defaulting to NOTHING item!
[14:53:56] [Client thread/INFO] [hbm]: [QMAW] Manual weapon/jhp.json references nonexistant trigger ["hbm:ammo_standard",1,22]
[14:53:56] [Client thread/ERROR] [hbm]: Error reading stack array ["hbm:ammo_standard",1,87] - defaulting to NOTHING item!
[14:53:56] [Client thread/INFO] [hbm]: [QMAW] Manual weapon/jhp.json references nonexistant trigger ["hbm:ammo_standard",1,87]
[14:53:56] [Client thread/ERROR] [hbm]: Error reading stack array ["hbm:ammo_standard",1,26] - defaulting to NOTHING item!
[14:53:56] [Client thread/INFO] [hbm]: [QMAW] Manual weapon/jhp.json references nonexistant trigger ["hbm:ammo_standard",1,26]
[14:53:56] [Client thread/ERROR] [hbm]: Error reading stack array ["hbm:ammo_standard",1,30] - defaulting to NOTHING item!
[14:53:56] [Client thread/INFO] [hbm]: [QMAW] Manual weapon/jhp.json references nonexistant trigger ["hbm:ammo_standard",1,30]
[14:53:56] [Client thread/ERROR] [hbm]: Error reading stack array ["hbm:ammo_standard",1,35] - defaulting to NOTHING item!
[14:53:56] [Client thread/INFO] [hbm]: [QMAW] Manual weapon/jhp.json references nonexistant trigger ["hbm:ammo_standard",1,35]
[14:53:56] [Client thread/INFO] [hbm]: [QMAW] Found manual weapon/jhp.json
[14:53:56] [Client thread/ERROR] [hbm]: Error reading stack array ["hbm:ammo_standard",1,75] - defaulting to NOTHING item!
[14:53:56] [Client thread/ERROR] [hbm]: Error reading stack array ["hbm:ammo_standard",1,75] - defaulting to NOTHING item!
[14:53:56] [Client thread/INFO] [hbm]: [QMAW] Manual weapon/muke.json references nonexistant trigger ["hbm:ammo_standard",1,75]
[14:53:56] [Client thread/INFO] [hbm]: [QMAW] Found manual weapon/muke.json
[14:53:56] [Client thread/ERROR] [hbm]: Error reading stack array ["hbm:ammo_standard",1,10] - defaulting to NOTHING item!
[14:53:56] [Client thread/ERROR] [hbm]: Error reading stack array ["hbm:ammo_standard",1,4] - defaulting to NOTHING item!
[14:53:56] [Client thread/INFO] [hbm]: [QMAW] Manual weapon/powder.json references nonexistant trigger ["hbm:ammo_standard",1,4]
[14:53:56] [Client thread/ERROR] [hbm]: Error reading stack array ["hbm:ammo_standard",1,10] - defaulting to NOTHING item!
[14:53:56] [Client thread/INFO] [hbm]: [QMAW] Manual weapon/powder.json references nonexistant trigger ["hbm:ammo_standard",1,10]
[14:53:56] [Client thread/ERROR] [hbm]: Error reading stack array ["hbm:ammo_standard",1,41] - defaulting to NOTHING item!
[14:53:56] [Client thread/INFO] [hbm]: [QMAW] Manual weapon/powder.json references nonexistant trigger ["hbm:ammo_standard",1,41]
[14:53:56] [Client thread/INFO] [hbm]: [QMAW] Found manual weapon/powder.json
[14:53:56] [Client thread/ERROR] [hbm]: Error reading stack array ["hbm:ammo_standard",1,45] - defaulting to NOTHING item!
[14:53:56] [Client thread/ERROR] [hbm]: Error reading stack array ["hbm:ammo_standard",1,43] - defaulting to NOTHING item!
[14:53:56] [Client thread/INFO] [hbm]: [QMAW] Manual weapon/slug.json references nonexistant trigger ["hbm:ammo_standard",1,43]
[14:53:56] [Client thread/ERROR] [hbm]: Error reading stack array ["hbm:ammo_standard",1,45] - defaulting to NOTHING item!
[14:53:56] [Client thread/INFO] [hbm]: [QMAW] Manual weapon/slug.json references nonexistant trigger ["hbm:ammo_standard",1,45]
[14:53:56] [Client thread/ERROR] [hbm]: Error reading stack array ["hbm:ammo_standard",1,81] - defaulting to NOTHING item!
[14:53:56] [Client thread/INFO] [hbm]: [QMAW] Manual weapon/slug.json references nonexistant trigger ["hbm:ammo_standard",1,81]
[14:53:56] [Client thread/INFO] [hbm]: [QMAW] Found manual weapon/slug.json
[14:53:56] [Client thread/ERROR] [hbm]: Error reading stack array ["hbm:ammo_standard",1,28] - defaulting to NOTHING item!
[14:53:56] [Client thread/ERROR] [hbm]: Error reading stack array ["hbm:ammo_standard",1,5] - defaulting to NOTHING item!
[14:53:56] [Client thread/INFO] [hbm]: [QMAW] Manual weapon/softpoint.json references nonexistant trigger ["hbm:ammo_standard",1,5]
[14:53:56] [Client thread/ERROR] [hbm]: Error reading stack array ["hbm:ammo_standard",1,11] - defaulting to NOTHING item!
[14:53:56] [Client thread/INFO] [hbm]: [QMAW] Manual weapon/softpoint.json references nonexistant trigger ["hbm:ammo_standard",1,11]
[14:53:56] [Client thread/ERROR] [hbm]: Error reading stack array ["hbm:ammo_standard",1,16] - defaulting to NOTHING item!
[14:53:56] [Client thread/INFO] [hbm]: [QMAW] Manual weapon/softpoint.json references nonexistant trigger ["hbm:ammo_standard",1,16]
[14:53:56] [Client thread/ERROR] [hbm]: Error reading stack array ["hbm:ammo_standard",1,20] - defaulting to NOTHING item!
[14:53:56] [Client thread/INFO] [hbm]: [QMAW] Manual weapon/softpoint.json references nonexistant trigger ["hbm:ammo_standard",1,20]
[14:53:56] [Client thread/ERROR] [hbm]: Error reading stack array ["hbm:ammo_standard",1,85] - defaulting to NOTHING item!
[14:53:56] [Client thread/INFO] [hbm]: [QMAW] Manual weapon/softpoint.json references nonexistant trigger ["hbm:ammo_standard",1,85]
[14:53:56] [Client thread/ERROR] [hbm]: Error reading stack array ["hbm:ammo_standard",1,24] - defaulting to NOTHING item!
[14:53:56] [Client thread/INFO] [hbm]: [QMAW] Manual weapon/softpoint.json references nonexistant trigger ["hbm:ammo_standard",1,24]
[14:53:56] [Client thread/ERROR] [hbm]: Error reading stack array ["hbm:ammo_standard",1,28] - defaulting to NOTHING item!
[14:53:56] [Client thread/INFO] [hbm]: [QMAW] Manual weapon/softpoint.json references nonexistant trigger ["hbm:ammo_standard",1,28]
[14:53:56] [Client thread/ERROR] [hbm]: Error reading stack array ["hbm:ammo_standard",1,33] - defaulting to NOTHING item!
[14:53:56] [Client thread/INFO] [hbm]: [QMAW] Manual weapon/softpoint.json references nonexistant trigger ["hbm:ammo_standard",1,33]
[14:53:56] [Client thread/INFO] [hbm]: [QMAW] Found manual weapon/softpoint.json
[14:53:56] [Client thread/ERROR] [hbm]: Error reading stack array ["hbm:ammo_standard",1,94] - defaulting to NOTHING item!
[14:53:56] [Client thread/ERROR] [hbm]: Error reading stack array ["hbm:ammo_standard",1,94] - defaulting to NOTHING item!
[14:53:56] [Client thread/INFO] [hbm]: [QMAW] Manual weapon/star.json references nonexistant trigger ["hbm:ammo_standard",1,94]
[14:53:56] [Client thread/INFO] [hbm]: [QMAW] Found manual weapon/star.json
[14:53:56] [Client thread/ERROR] [hbm]: Error reading stack array ["hbm:ammo_standard",1,62] - defaulting to NOTHING item!
[14:53:56] [Client thread/ERROR] [hbm]: Error reading stack array ["hbm:ammo_standard",1,49] - defaulting to NOTHING item!
[14:53:56] [Client thread/INFO] [hbm]: [QMAW] Manual weapon/wp.json references nonexistant trigger ["hbm:ammo_standard",1,49]
[14:53:56] [Client thread/ERROR] [hbm]: Error reading stack array ["hbm:ammo_standard",1,57] - defaulting to NOTHING item!
[14:53:56] [Client thread/INFO] [hbm]: [QMAW] Manual weapon/wp.json references nonexistant trigger ["hbm:ammo_standard",1,57]
[14:53:56] [Client thread/ERROR] [hbm]: Error reading stack array ["hbm:ammo_standard",1,62] - defaulting to NOTHING item!
[14:53:56] [Client thread/INFO] [hbm]: [QMAW] Manual weapon/wp.json references nonexistant trigger ["hbm:ammo_standard",1,62]
[14:53:56] [Client thread/INFO] [hbm]: [QMAW] Found manual weapon/wp.json
[14:53:56] [Client thread/INFO] [hbm]: [QMAW] Loaded 158 manual entries! (63ms)
[14:53:56] [Client thread/INFO] [FML]: OBJLoader: Domain hbm has been added.
[14:53:56] [Client thread/INFO] [Scape & Run: Parasites Info]: Initialized Scape & Run: Parasites Info
[14:53:56] [BobbleSkinFetch-d45aac48-013d-4efd-aa4d-bc40d6b6026d/WARN] [com.mojang.authlib.yggdrasil.YggdrasilMinecraftSessionService]: Couldn't look up profile properties for com.mojang.authlib.GameProfile@41a3f5c8[id=d45aac48-013d-4efd-aa4d-bc40d6b6026d,name=<null>,properties={},legacy=false]
com.mojang.authlib.exceptions.AuthenticationUnavailableException: Cannot contact authentication server
	at com.mojang.authlib.yggdrasil.YggdrasilAuthenticationService.makeRequest(YggdrasilAuthenticationService.java:85) ~[YggdrasilAuthenticationService.class:?]
	at com.mojang.authlib.yggdrasil.YggdrasilMinecraftSessionService.fillGameProfile(YggdrasilMinecraftSessionService.java:180) [YggdrasilMinecraftSessionService.class:?]
	at com.mojang.authlib.yggdrasil.YggdrasilMinecraftSessionService.fillProfileProperties(YggdrasilMinecraftSessionService.java:173) [YggdrasilMinecraftSessionService.class:?]
	at com.hbm.render.skinlayer.MojangSkinLoader.fetch(MojangSkinLoader.java:43) [MojangSkinLoader.class:?]
	at com.hbm.render.skinlayer.MojangSkinLoader.lambda$preload$0(MojangSkinLoader.java:34) [MojangSkinLoader.class:?]
	at com.hbm.render.skinlayer.MojangSkinLoader$$Lambda$1802/1677640680.run(Unknown Source) [MojangSkinLoader.class:?]
	at java.lang.Thread.run(Thread.java:745) [?:1.8.0_51]
Caused by: javax.net.ssl.SSLHandshakeException: sun.security.validator.ValidatorException: PKIX path building failed: sun.security.provider.certpath.SunCertPathBuilderException: unable to find valid certification path to requested target
	at sun.security.ssl.Alerts.getSSLException(Alerts.java:192) ~[?:1.8.0_51]
	at sun.security.ssl.SSLSocketImpl.fatal(SSLSocketImpl.java:1949) ~[?:1.8.0_51]
	at sun.security.ssl.Handshaker.fatalSE(Handshaker.java:302) ~[?:1.8.0_51]
	at sun.security.ssl.Handshaker.fatalSE(Handshaker.java:296) ~[?:1.8.0_51]
	at sun.security.ssl.ClientHandshaker.serverCertificate(ClientHandshaker.java:1497) ~[?:1.8.0_51]
	at sun.security.ssl.ClientHandshaker.processMessage(ClientHandshaker.java:212) ~[?:1.8.0_51]
	at sun.security.ssl.Handshaker.processLoop(Handshaker.java:979) ~[?:1.8.0_51]
	at sun.security.ssl.Handshaker.process_record(Handshaker.java:914) ~[?:1.8.0_51]
	at sun.security.ssl.SSLSocketImpl.readRecord(SSLSocketImpl.java:1062) ~[?:1.8.0_51]
	at sun.security.ssl.SSLSocketImpl.performInitialHandshake(SSLSocketImpl.java:1375) ~[?:1.8.0_51]
	at sun.security.ssl.SSLSocketImpl.startHandshake(SSLSocketImpl.java:1403) ~[?:1.8.0_51]
	at sun.security.ssl.SSLSocketImpl.startHandshake(SSLSocketImpl.java:1387) ~[?:1.8.0_51]
	at sun.net.www.protocol.https.HttpsClient.afterConnect(HttpsClient.java:563) ~[?:1.8.0_51]
	at sun.net.www.protocol.https.AbstractDelegateHttpsURLConnection.connect(AbstractDelegateHttpsURLConnection.java:185) ~[?:1.8.0_51]
	at sun.net.www.protocol.http.HttpURLConnection.getInputStream0(HttpURLConnection.java:1512) ~[?:1.8.0_51]
	at sun.net.www.protocol.http.HttpURLConnection.access$200(HttpURLConnection.java:90) ~[?:1.8.0_51]
	at sun.net.www.protocol.http.HttpURLConnection$9.run(HttpURLConnection.java:1432) ~[?:1.8.0_51]
	at sun.net.www.protocol.http.HttpURLConnection$9.run(HttpURLConnection.java:1430) ~[?:1.8.0_51]
	at java.security.AccessController.doPrivileged(Native Method) ~[?:1.8.0_51]
	at java.security.AccessController.doPrivileged(AccessController.java:713) ~[?:1.8.0_51]
	at sun.net.www.protocol.http.HttpURLConnection.getInputStream(HttpURLConnection.java:1429) ~[?:1.8.0_51]
	at sun.net.www.protocol.https.HttpsURLConnectionImpl.getInputStream(HttpsURLConnectionImpl.java:254) ~[?:1.8.0_51]
	at com.mojang.authlib.HttpAuthenticationService.performGetRequest(HttpAuthenticationService.java:130) ~[HttpAuthenticationService.class:?]
	at com.mojang.authlib.yggdrasil.YggdrasilAuthenticationService.makeRequest(YggdrasilAuthenticationService.java:66) ~[YggdrasilAuthenticationService.class:?]
	... 6 more
Caused by: sun.security.validator.ValidatorException: PKIX path building failed: sun.security.provider.certpath.SunCertPathBuilderException: unable to find valid certification path to requested target
	at sun.security.validator.PKIXValidator.doBuild(PKIXValidator.java:387) ~[?:1.8.0_51]
	at sun.security.validator.PKIXValidator.engineValidate(PKIXValidator.java:292) ~[?:1.8.0_51]
	at sun.security.validator.Validator.validate(Validator.java:260) ~[?:1.8.0_51]
	at sun.security.ssl.X509TrustManagerImpl.validate(X509TrustManagerImpl.java:324) ~[?:1.8.0_51]
	at sun.security.ssl.X509TrustManagerImpl.checkTrusted(X509TrustManagerImpl.java:229) ~[?:1.8.0_51]
	at sun.security.ssl.X509TrustManagerImpl.checkServerTrusted(X509TrustManagerImpl.java:124) ~[?:1.8.0_51]
	at sun.security.ssl.ClientHandshaker.serverCertificate(ClientHandshaker.java:1479) ~[?:1.8.0_51]
	at sun.security.ssl.ClientHandshaker.processMessage(ClientHandshaker.java:212) ~[?:1.8.0_51]
	at sun.security.ssl.Handshaker.processLoop(Handshaker.java:979) ~[?:1.8.0_51]
	at sun.security.ssl.Handshaker.process_record(Handshaker.java:914) ~[?:1.8.0_51]
	at sun.security.ssl.SSLSocketImpl.readRecord(SSLSocketImpl.java:1062) ~[?:1.8.0_51]
	at sun.security.ssl.SSLSocketImpl.performInitialHandshake(SSLSocketImpl.java:1375) ~[?:1.8.0_51]
	at sun.security.ssl.SSLSocketImpl.startHandshake(SSLSocketImpl.java:1403) ~[?:1.8.0_51]
	at sun.security.ssl.SSLSocketImpl.startHandshake(SSLSocketImpl.java:1387) ~[?:1.8.0_51]
	at sun.net.www.protocol.https.HttpsClient.afterConnect(HttpsClient.java:563) ~[?:1.8.0_51]
	at sun.net.www.protocol.https.AbstractDelegateHttpsURLConnection.connect(AbstractDelegateHttpsURLConnection.java:185) ~[?:1.8.0_51]
	at sun.net.www.protocol.http.HttpURLConnection.getInputStream0(HttpURLConnection.java:1512) ~[?:1.8.0_51]
	at sun.net.www.protocol.http.HttpURLConnection.access$200(HttpURLConnection.java:90) ~[?:1.8.0_51]
	at sun.net.www.protocol.http.HttpURLConnection$9.run(HttpURLConnection.java:1432) ~[?:1.8.0_51]
	at sun.net.www.protocol.http.HttpURLConnection$9.run(HttpURLConnection.java:1430) ~[?:1.8.0_51]
	at java.security.AccessController.doPrivileged(Native Method) ~[?:1.8.0_51]
	at java.security.AccessController.doPrivileged(AccessController.java:713) ~[?:1.8.0_51]
	at sun.net.www.protocol.http.HttpURLConnection.getInputStream(HttpURLConnection.java:1429) ~[?:1.8.0_51]
	at sun.net.www.protocol.https.HttpsURLConnectionImpl.getInputStream(HttpsURLConnectionImpl.java:254) ~[?:1.8.0_51]
	at com.mojang.authlib.HttpAuthenticationService.performGetRequest(HttpAuthenticationService.java:130) ~[HttpAuthenticationService.class:?]
	at com.mojang.authlib.yggdrasil.YggdrasilAuthenticationService.makeRequest(YggdrasilAuthenticationService.java:66) ~[YggdrasilAuthenticationService.class:?]
	... 6 more
Caused by: sun.security.provider.certpath.SunCertPathBuilderException: unable to find valid certification path to requested target
	at sun.security.provider.certpath.SunCertPathBuilder.build(SunCertPathBuilder.java:145) ~[?:1.8.0_51]
	at sun.security.provider.certpath.SunCertPathBuilder.engineBuild(SunCertPathBuilder.java:131) ~[?:1.8.0_51]
	at java.security.cert.CertPathBuilder.build(CertPathBuilder.java:280) ~[?:1.8.0_51]
	at sun.security.validator.PKIXValidator.doBuild(PKIXValidator.java:382) ~[?:1.8.0_51]
	at sun.security.validator.PKIXValidator.engineValidate(PKIXValidator.java:292) ~[?:1.8.0_51]
	at sun.security.validator.Validator.validate(Validator.java:260) ~[?:1.8.0_51]
	at sun.security.ssl.X509TrustManagerImpl.validate(X509TrustManagerImpl.java:324) ~[?:1.8.0_51]
	at sun.security.ssl.X509TrustManagerImpl.checkTrusted(X509TrustManagerImpl.java:229) ~[?:1.8.0_51]
	at sun.security.ssl.X509TrustManagerImpl.checkServerTrusted(X509TrustManagerImpl.java:124) ~[?:1.8.0_51]
	at sun.security.ssl.ClientHandshaker.serverCertificate(ClientHandshaker.java:1479) ~[?:1.8.0_51]
	at sun.security.ssl.ClientHandshaker.processMessage(ClientHandshaker.java:212) ~[?:1.8.0_51]
	at sun.security.ssl.Handshaker.processLoop(Handshaker.java:979) ~[?:1.8.0_51]
	at sun.security.ssl.Handshaker.process_record(Handshaker.java:914) ~[?:1.8.0_51]
	at sun.security.ssl.SSLSocketImpl.readRecord(SSLSocketImpl.java:1062) ~[?:1.8.0_51]
	at sun.security.ssl.SSLSocketImpl.performInitialHandshake(SSLSocketImpl.java:1375) ~[?:1.8.0_51]
	at sun.security.ssl.SSLSocketImpl.startHandshake(SSLSocketImpl.java:1403) ~[?:1.8.0_51]
	at sun.security.ssl.SSLSocketImpl.startHandshake(SSLSocketImpl.java:1387) ~[?:1.8.0_51]
	at sun.net.www.protocol.https.HttpsClient.afterConnect(HttpsClient.java:563) ~[?:1.8.0_51]
	at sun.net.www.protocol.https.AbstractDelegateHttpsURLConnection.connect(AbstractDelegateHttpsURLConnection.java:185) ~[?:1.8.0_51]
	at sun.net.www.protocol.http.HttpURLConnection.getInputStream0(HttpURLConnection.java:1512) ~[?:1.8.0_51]
	at sun.net.www.protocol.http.HttpURLConnection.access$200(HttpURLConnection.java:90) ~[?:1.8.0_51]
	at sun.net.www.protocol.http.HttpURLConnection$9.run(HttpURLConnection.java:1432) ~[?:1.8.0_51]
	at sun.net.www.protocol.http.HttpURLConnection$9.run(HttpURLConnection.java:1430) ~[?:1.8.0_51]
	at java.security.AccessController.doPrivileged(Native Method) ~[?:1.8.0_51]
	at java.security.AccessController.doPrivileged(AccessController.java:713) ~[?:1.8.0_51]
	at sun.net.www.protocol.http.HttpURLConnection.getInputStream(HttpURLConnection.java:1429) ~[?:1.8.0_51]
	at sun.net.www.protocol.https.HttpsURLConnectionImpl.getInputStream(HttpsURLConnectionImpl.java:254) ~[?:1.8.0_51]
	at com.mojang.authlib.HttpAuthenticationService.performGetRequest(HttpAuthenticationService.java:130) ~[HttpAuthenticationService.class:?]
	at com.mojang.authlib.yggdrasil.YggdrasilAuthenticationService.makeRequest(YggdrasilAuthenticationService.java:66) ~[YggdrasilAuthenticationService.class:?]
	... 6 more
[14:53:56] [BobbleSkinFetch-a53a3807-cd85-4833-b791-0c27705bb6fd/WARN] [com.mojang.authlib.yggdrasil.YggdrasilMinecraftSessionService]: Couldn't look up profile properties for com.mojang.authlib.GameProfile@115bbf34[id=a53a3807-cd85-4833-b791-0c27705bb6fd,name=<null>,properties={},legacy=false]
com.mojang.authlib.exceptions.AuthenticationUnavailableException: Cannot contact authentication server
	at com.mojang.authlib.yggdrasil.YggdrasilAuthenticationService.makeRequest(YggdrasilAuthenticationService.java:85) ~[YggdrasilAuthenticationService.class:?]
	at com.mojang.authlib.yggdrasil.YggdrasilMinecraftSessionService.fillGameProfile(YggdrasilMinecraftSessionService.java:180) [YggdrasilMinecraftSessionService.class:?]
	at com.mojang.authlib.yggdrasil.YggdrasilMinecraftSessionService.fillProfileProperties(YggdrasilMinecraftSessionService.java:173) [YggdrasilMinecraftSessionService.class:?]
	at com.hbm.render.skinlayer.MojangSkinLoader.fetch(MojangSkinLoader.java:43) [MojangSkinLoader.class:?]
	at com.hbm.render.skinlayer.MojangSkinLoader.lambda$preload$0(MojangSkinLoader.java:34) [MojangSkinLoader.class:?]
	at com.hbm.render.skinlayer.MojangSkinLoader$$Lambda$1802/1677640680.run(Unknown Source) [MojangSkinLoader.class:?]
	at java.lang.Thread.run(Thread.java:745) [?:1.8.0_51]
Caused by: javax.net.ssl.SSLHandshakeException: sun.security.validator.ValidatorException: PKIX path building failed: sun.security.provider.certpath.SunCertPathBuilderException: unable to find valid certification path to requested target
	at sun.security.ssl.Alerts.getSSLException(Alerts.java:192) ~[?:1.8.0_51]
	at sun.security.ssl.SSLSocketImpl.fatal(SSLSocketImpl.java:1949) ~[?:1.8.0_51]
	at sun.security.ssl.Handshaker.fatalSE(Handshaker.java:302) ~[?:1.8.0_51]
	at sun.security.ssl.Handshaker.fatalSE(Handshaker.java:296) ~[?:1.8.0_51]
	at sun.security.ssl.ClientHandshaker.serverCertificate(ClientHandshaker.java:1497) ~[?:1.8.0_51]
	at sun.security.ssl.ClientHandshaker.processMessage(ClientHandshaker.java:212) ~[?:1.8.0_51]
	at sun.security.ssl.Handshaker.processLoop(Handshaker.java:979) ~[?:1.8.0_51]
	at sun.security.ssl.Handshaker.process_record(Handshaker.java:914) ~[?:1.8.0_51]
	at sun.security.ssl.SSLSocketImpl.readRecord(SSLSocketImpl.java:1062) ~[?:1.8.0_51]
	at sun.security.ssl.SSLSocketImpl.performInitialHandshake(SSLSocketImpl.java:1375) ~[?:1.8.0_51]
	at sun.security.ssl.SSLSocketImpl.startHandshake(SSLSocketImpl.java:1403) ~[?:1.8.0_51]
	at sun.security.ssl.SSLSocketImpl.startHandshake(SSLSocketImpl.java:1387) ~[?:1.8.0_51]
	at sun.net.www.protocol.https.HttpsClient.afterConnect(HttpsClient.java:563) ~[?:1.8.0_51]
	at sun.net.www.protocol.https.AbstractDelegateHttpsURLConnection.connect(AbstractDelegateHttpsURLConnection.java:185) ~[?:1.8.0_51]
	at sun.net.www.protocol.http.HttpURLConnection.getInputStream0(HttpURLConnection.java:1512) ~[?:1.8.0_51]
	at sun.net.www.protocol.http.HttpURLConnection.access$200(HttpURLConnection.java:90) ~[?:1.8.0_51]
	at sun.net.www.protocol.http.HttpURLConnection$9.run(HttpURLConnection.java:1432) ~[?:1.8.0_51]
	at sun.net.www.protocol.http.HttpURLConnection$9.run(HttpURLConnection.java:1430) ~[?:1.8.0_51]
	at java.security.AccessController.doPrivileged(Native Method) ~[?:1.8.0_51]
	at java.security.AccessController.doPrivileged(AccessController.java:713) ~[?:1.8.0_51]
	at sun.net.www.protocol.http.HttpURLConnection.getInputStream(HttpURLConnection.java:1429) ~[?:1.8.0_51]
	at sun.net.www.protocol.https.HttpsURLConnectionImpl.getInputStream(HttpsURLConnectionImpl.java:254) ~[?:1.8.0_51]
	at com.mojang.authlib.HttpAuthenticationService.performGetRequest(HttpAuthenticationService.java:130) ~[HttpAuthenticationService.class:?]
	at com.mojang.authlib.yggdrasil.YggdrasilAuthenticationService.makeRequest(YggdrasilAuthenticationService.java:66) ~[YggdrasilAuthenticationService.class:?]
	... 6 more
Caused by: sun.security.validator.ValidatorException: PKIX path building failed: sun.security.provider.certpath.SunCertPathBuilderException: unable to find valid certification path to requested target
	at sun.security.validator.PKIXValidator.doBuild(PKIXValidator.java:387) ~[?:1.8.0_51]
	at sun.security.validator.PKIXValidator.engineValidate(PKIXValidator.java:292) ~[?:1.8.0_51]
	at sun.security.validator.Validator.validate(Validator.java:260) ~[?:1.8.0_51]
	at sun.security.ssl.X509TrustManagerImpl.validate(X509TrustManagerImpl.java:324) ~[?:1.8.0_51]
	at sun.security.ssl.X509TrustManagerImpl.checkTrusted(X509TrustManagerImpl.java:229) ~[?:1.8.0_51]
	at sun.security.ssl.X509TrustManagerImpl.checkServerTrusted(X509TrustManagerImpl.java:124) ~[?:1.8.0_51]
	at sun.security.ssl.ClientHandshaker.serverCertificate(ClientHandshaker.java:1479) ~[?:1.8.0_51]
	at sun.security.ssl.ClientHandshaker.processMessage(ClientHandshaker.java:212) ~[?:1.8.0_51]
	at sun.security.ssl.Handshaker.processLoop(Handshaker.java:979) ~[?:1.8.0_51]
	at sun.security.ssl.Handshaker.process_record(Handshaker.java:914) ~[?:1.8.0_51]
	at sun.security.ssl.SSLSocketImpl.readRecord(SSLSocketImpl.java:1062) ~[?:1.8.0_51]
	at sun.security.ssl.SSLSocketImpl.performInitialHandshake(SSLSocketImpl.java:1375) ~[?:1.8.0_51]
	at sun.security.ssl.SSLSocketImpl.startHandshake(SSLSocketImpl.java:1403) ~[?:1.8.0_51]
	at sun.security.ssl.SSLSocketImpl.startHandshake(SSLSocketImpl.java:1387) ~[?:1.8.0_51]
	at sun.net.www.protocol.https.HttpsClient.afterConnect(HttpsClient.java:563) ~[?:1.8.0_51]
	at sun.net.www.protocol.https.AbstractDelegateHttpsURLConnection.connect(AbstractDelegateHttpsURLConnection.java:185) ~[?:1.8.0_51]
	at sun.net.www.protocol.http.HttpURLConnection.getInputStream0(HttpURLConnection.java:1512) ~[?:1.8.0_51]
	at sun.net.www.protocol.http.HttpURLConnection.access$200(HttpURLConnection.java:90) ~[?:1.8.0_51]
	at sun.net.www.protocol.http.HttpURLConnection$9.run(HttpURLConnection.java:1432) ~[?:1.8.0_51]
	at sun.net.www.protocol.http.HttpURLConnection$9.run(HttpURLConnection.java:1430) ~[?:1.8.0_51]
	at java.security.AccessController.doPrivileged(Native Method) ~[?:1.8.0_51]
	at java.security.AccessController.doPrivileged(AccessController.java:713) ~[?:1.8.0_51]
	at sun.net.www.protocol.http.HttpURLConnection.getInputStream(HttpURLConnection.java:1429) ~[?:1.8.0_51]
	at sun.net.www.protocol.https.HttpsURLConnectionImpl.getInputStream(HttpsURLConnectionImpl.java:254) ~[?:1.8.0_51]
	at com.mojang.authlib.HttpAuthenticationService.performGetRequest(HttpAuthenticationService.java:130) ~[HttpAuthenticationService.class:?]
	at com.mojang.authlib.yggdrasil.YggdrasilAuthenticationService.makeRequest(YggdrasilAuthenticationService.java:66) ~[YggdrasilAuthenticationService.class:?]
	... 6 more
Caused by: sun.security.provider.certpath.SunCertPathBuilderException: unable to find valid certification path to requested target
	at sun.security.provider.certpath.SunCertPathBuilder.build(SunCertPathBuilder.java:145) ~[?:1.8.0_51]
	at sun.security.provider.certpath.SunCertPathBuilder.engineBuild(SunCertPathBuilder.java:131) ~[?:1.8.0_51]
	at java.security.cert.CertPathBuilder.build(CertPathBuilder.java:280) ~[?:1.8.0_51]
	at sun.security.validator.PKIXValidator.doBuild(PKIXValidator.java:382) ~[?:1.8.0_51]
	at sun.security.validator.PKIXValidator.engineValidate(PKIXValidator.java:292) ~[?:1.8.0_51]
	at sun.security.validator.Validator.validate(Validator.java:260) ~[?:1.8.0_51]
	at sun.security.ssl.X509TrustManagerImpl.validate(X509TrustManagerImpl.java:324) ~[?:1.8.0_51]
	at sun.security.ssl.X509TrustManagerImpl.checkTrusted(X509TrustManagerImpl.java:229) ~[?:1.8.0_51]
	at sun.security.ssl.X509TrustManagerImpl.checkServerTrusted(X509TrustManagerImpl.java:124) ~[?:1.8.0_51]
	at sun.security.ssl.ClientHandshaker.serverCertificate(ClientHandshaker.java:1479) ~[?:1.8.0_51]
	at sun.security.ssl.ClientHandshaker.processMessage(ClientHandshaker.java:212) ~[?:1.8.0_51]
	at sun.security.ssl.Handshaker.processLoop(Handshaker.java:979) ~[?:1.8.0_51]
	at sun.security.ssl.Handshaker.process_record(Handshaker.java:914) ~[?:1.8.0_51]
	at sun.security.ssl.SSLSocketImpl.readRecord(SSLSocketImpl.java:1062) ~[?:1.8.0_51]
	at sun.security.ssl.SSLSocketImpl.performInitialHandshake(SSLSocketImpl.java:1375) ~[?:1.8.0_51]
	at sun.security.ssl.SSLSocketImpl.startHandshake(SSLSocketImpl.java:1403) ~[?:1.8.0_51]
	at sun.security.ssl.SSLSocketImpl.startHandshake(SSLSocketImpl.java:1387) ~[?:1.8.0_51]
	at sun.net.www.protocol.https.HttpsClient.afterConnect(HttpsClient.java:563) ~[?:1.8.0_51]
	at sun.net.www.protocol.https.AbstractDelegateHttpsURLConnection.connect(AbstractDelegateHttpsURLConnection.java:185) ~[?:1.8.0_51]
	at sun.net.www.protocol.http.HttpURLConnection.getInputStream0(HttpURLConnection.java:1512) ~[?:1.8.0_51]
	at sun.net.www.protocol.http.HttpURLConnection.access$200(HttpURLConnection.java:90) ~[?:1.8.0_51]
	at sun.net.www.protocol.http.HttpURLConnection$9.run(HttpURLConnection.java:1432) ~[?:1.8.0_51]
	at sun.net.www.protocol.http.HttpURLConnection$9.run(HttpURLConnection.java:1430) ~[?:1.8.0_51]
	at java.security.AccessController.doPrivileged(Native Method) ~[?:1.8.0_51]
	at java.security.AccessController.doPrivileged(AccessController.java:713) ~[?:1.8.0_51]
	at sun.net.www.protocol.http.HttpURLConnection.getInputStream(HttpURLConnection.java:1429) ~[?:1.8.0_51]
	at sun.net.www.protocol.https.HttpsURLConnectionImpl.getInputStream(HttpsURLConnectionImpl.java:254) ~[?:1.8.0_51]
	at com.mojang.authlib.HttpAuthenticationService.performGetRequest(HttpAuthenticationService.java:130) ~[HttpAuthenticationService.class:?]
	at com.mojang.authlib.yggdrasil.YggdrasilAuthenticationService.makeRequest(YggdrasilAuthenticationService.java:66) ~[YggdrasilAuthenticationService.class:?]
	... 6 more
[14:53:56] [BobbleSkinFetch-cac1f285-001c-47dc-94a3-44052fb7e4e8/WARN] [com.mojang.authlib.yggdrasil.YggdrasilMinecraftSessionService]: Couldn't look up profile properties for com.mojang.authlib.GameProfile@53662daa[id=cac1f285-001c-47dc-94a3-44052fb7e4e8,name=<null>,properties={},legacy=false]
com.mojang.authlib.exceptions.AuthenticationUnavailableException: Cannot contact authentication server
	at com.mojang.authlib.yggdrasil.YggdrasilAuthenticationService.makeRequest(YggdrasilAuthenticationService.java:85) ~[YggdrasilAuthenticationService.class:?]
	at com.mojang.authlib.yggdrasil.YggdrasilMinecraftSessionService.fillGameProfile(YggdrasilMinecraftSessionService.java:180) [YggdrasilMinecraftSessionService.class:?]
	at com.mojang.authlib.yggdrasil.YggdrasilMinecraftSessionService.fillProfileProperties(YggdrasilMinecraftSessionService.java:173) [YggdrasilMinecraftSessionService.class:?]
	at com.hbm.render.skinlayer.MojangSkinLoader.fetch(MojangSkinLoader.java:43) [MojangSkinLoader.class:?]
	at com.hbm.render.skinlayer.MojangSkinLoader.lambda$preload$0(MojangSkinLoader.java:34) [MojangSkinLoader.class:?]
	at com.hbm.render.skinlayer.MojangSkinLoader$$Lambda$1802/1677640680.run(Unknown Source) [MojangSkinLoader.class:?]
	at java.lang.Thread.run(Thread.java:745) [?:1.8.0_51]
Caused by: javax.net.ssl.SSLHandshakeException: sun.security.validator.ValidatorException: PKIX path building failed: sun.security.provider.certpath.SunCertPathBuilderException: unable to find valid certification path to requested target
	at sun.security.ssl.Alerts.getSSLException(Alerts.java:192) ~[?:1.8.0_51]
	at sun.security.ssl.SSLSocketImpl.fatal(SSLSocketImpl.java:1949) ~[?:1.8.0_51]
	at sun.security.ssl.Handshaker.fatalSE(Handshaker.java:302) ~[?:1.8.0_51]
	at sun.security.ssl.Handshaker.fatalSE(Handshaker.java:296) ~[?:1.8.0_51]
	at sun.security.ssl.ClientHandshaker.serverCertificate(ClientHandshaker.java:1497) ~[?:1.8.0_51]
	at sun.security.ssl.ClientHandshaker.processMessage(ClientHandshaker.java:212) ~[?:1.8.0_51]
	at sun.security.ssl.Handshaker.processLoop(Handshaker.java:979) ~[?:1.8.0_51]
	at sun.security.ssl.Handshaker.process_record(Handshaker.java:914) ~[?:1.8.0_51]
	at sun.security.ssl.SSLSocketImpl.readRecord(SSLSocketImpl.java:1062) ~[?:1.8.0_51]
	at sun.security.ssl.SSLSocketImpl.performInitialHandshake(SSLSocketImpl.java:1375) ~[?:1.8.0_51]
	at sun.security.ssl.SSLSocketImpl.startHandshake(SSLSocketImpl.java:1403) ~[?:1.8.0_51]
	at sun.security.ssl.SSLSocketImpl.startHandshake(SSLSocketImpl.java:1387) ~[?:1.8.0_51]
	at sun.net.www.protocol.https.HttpsClient.afterConnect(HttpsClient.java:563) ~[?:1.8.0_51]
	at sun.net.www.protocol.https.AbstractDelegateHttpsURLConnection.connect(AbstractDelegateHttpsURLConnection.java:185) ~[?:1.8.0_51]
	at sun.net.www.protocol.http.HttpURLConnection.getInputStream0(HttpURLConnection.java:1512) ~[?:1.8.0_51]
	at sun.net.www.protocol.http.HttpURLConnection.access$200(HttpURLConnection.java:90) ~[?:1.8.0_51]
	at sun.net.www.protocol.http.HttpURLConnection$9.run(HttpURLConnection.java:1432) ~[?:1.8.0_51]
	at sun.net.www.protocol.http.HttpURLConnection$9.run(HttpURLConnection.java:1430) ~[?:1.8.0_51]
	at java.security.AccessController.doPrivileged(Native Method) ~[?:1.8.0_51]
	at java.security.AccessController.doPrivileged(AccessController.java:713) ~[?:1.8.0_51]
	at sun.net.www.protocol.http.HttpURLConnection.getInputStream(HttpURLConnection.java:1429) ~[?:1.8.0_51]
	at sun.net.www.protocol.https.HttpsURLConnectionImpl.getInputStream(HttpsURLConnectionImpl.java:254) ~[?:1.8.0_51]
	at com.mojang.authlib.HttpAuthenticationService.performGetRequest(HttpAuthenticationService.java:130) ~[HttpAuthenticationService.class:?]
	at com.mojang.authlib.yggdrasil.YggdrasilAuthenticationService.makeRequest(YggdrasilAuthenticationService.java:66) ~[YggdrasilAuthenticationService.class:?]
	... 6 more
Caused by: sun.security.validator.ValidatorException: PKIX path building failed: sun.security.provider.certpath.SunCertPathBuilderException: unable to find valid certification path to requested target
	at sun.security.validator.PKIXValidator.doBuild(PKIXValidator.java:387) ~[?:1.8.0_51]
	at sun.security.validator.PKIXValidator.engineValidate(PKIXValidator.java:292) ~[?:1.8.0_51]
	at sun.security.validator.Validator.validate(Validator.java:260) ~[?:1.8.0_51]
	at sun.security.ssl.X509TrustManagerImpl.validate(X509TrustManagerImpl.java:324) ~[?:1.8.0_51]
	at sun.security.ssl.X509TrustManagerImpl.checkTrusted(X509TrustManagerImpl.java:229) ~[?:1.8.0_51]
	at sun.security.ssl.X509TrustManagerImpl.checkServerTrusted(X509TrustManagerImpl.java:124) ~[?:1.8.0_51]
	at sun.security.ssl.ClientHandshaker.serverCertificate(ClientHandshaker.java:1479) ~[?:1.8.0_51]
	at sun.security.ssl.ClientHandshaker.processMessage(ClientHandshaker.java:212) ~[?:1.8.0_51]
	at sun.security.ssl.Handshaker.processLoop(Handshaker.java:979) ~[?:1.8.0_51]
	at sun.security.ssl.Handshaker.process_record(Handshaker.java:914) ~[?:1.8.0_51]
	at sun.security.ssl.SSLSocketImpl.readRecord(SSLSocketImpl.java:1062) ~[?:1.8.0_51]
	at sun.security.ssl.SSLSocketImpl.performInitialHandshake(SSLSocketImpl.java:1375) ~[?:1.8.0_51]
	at sun.security.ssl.SSLSocketImpl.startHandshake(SSLSocketImpl.java:1403) ~[?:1.8.0_51]
	at sun.security.ssl.SSLSocketImpl.startHandshake(SSLSocketImpl.java:1387) ~[?:1.8.0_51]
	at sun.net.www.protocol.https.HttpsClient.afterConnect(HttpsClient.java:563) ~[?:1.8.0_51]
	at sun.net.www.protocol.https.AbstractDelegateHttpsURLConnection.connect(AbstractDelegateHttpsURLConnection.java:185) ~[?:1.8.0_51]
	at sun.net.www.protocol.http.HttpURLConnection.getInputStream0(HttpURLConnection.java:1512) ~[?:1.8.0_51]
	at sun.net.www.protocol.http.HttpURLConnection.access$200(HttpURLConnection.java:90) ~[?:1.8.0_51]
	at sun.net.www.protocol.http.HttpURLConnection$9.run(HttpURLConnection.java:1432) ~[?:1.8.0_51]
	at sun.net.www.protocol.http.HttpURLConnection$9.run(HttpURLConnection.java:1430) ~[?:1.8.0_51]
	at java.security.AccessController.doPrivileged(Native Method) ~[?:1.8.0_51]
	at java.security.AccessController.doPrivileged(AccessController.java:713) ~[?:1.8.0_51]
	at sun.net.www.protocol.http.HttpURLConnection.getInputStream(HttpURLConnection.java:1429) ~[?:1.8.0_51]
	at sun.net.www.protocol.https.HttpsURLConnectionImpl.getInputStream(HttpsURLConnectionImpl.java:254) ~[?:1.8.0_51]
	at com.mojang.authlib.HttpAuthenticationService.performGetRequest(HttpAuthenticationService.java:130) ~[HttpAuthenticationService.class:?]
	at com.mojang.authlib.yggdrasil.YggdrasilAuthenticationService.makeRequest(YggdrasilAuthenticationService.java:66) ~[YggdrasilAuthenticationService.class:?]
	... 6 more
Caused by: sun.security.provider.certpath.SunCertPathBuilderException: unable to find valid certification path to requested target
	at sun.security.provider.certpath.SunCertPathBuilder.build(SunCertPathBuilder.java:145) ~[?:1.8.0_51]
	at sun.security.provider.certpath.SunCertPathBuilder.engineBuild(SunCertPathBuilder.java:131) ~[?:1.8.0_51]
	at java.security.cert.CertPathBuilder.build(CertPathBuilder.java:280) ~[?:1.8.0_51]
	at sun.security.validator.PKIXValidator.doBuild(PKIXValidator.java:382) ~[?:1.8.0_51]
	at sun.security.validator.PKIXValidator.engineValidate(PKIXValidator.java:292) ~[?:1.8.0_51]
	at sun.security.validator.Validator.validate(Validator.java:260) ~[?:1.8.0_51]
	at sun.security.ssl.X509TrustManagerImpl.validate(X509TrustManagerImpl.java:324) ~[?:1.8.0_51]
	at sun.security.ssl.X509TrustManagerImpl.checkTrusted(X509TrustManagerImpl.java:229) ~[?:1.8.0_51]
	at sun.security.ssl.X509TrustManagerImpl.checkServerTrusted(X509TrustManagerImpl.java:124) ~[?:1.8.0_51]
	at sun.security.ssl.ClientHandshaker.serverCertificate(ClientHandshaker.java:1479) ~[?:1.8.0_51]
	at sun.security.ssl.ClientHandshaker.processMessage(ClientHandshaker.java:212) ~[?:1.8.0_51]
	at sun.security.ssl.Handshaker.processLoop(Handshaker.java:979) ~[?:1.8.0_51]
	at sun.security.ssl.Handshaker.process_record(Handshaker.java:914) ~[?:1.8.0_51]
	at sun.security.ssl.SSLSocketImpl.readRecord(SSLSocketImpl.java:1062) ~[?:1.8.0_51]
	at sun.security.ssl.SSLSocketImpl.performInitialHandshake(SSLSocketImpl.java:1375) ~[?:1.8.0_51]
	at sun.security.ssl.SSLSocketImpl.startHandshake(SSLSocketImpl.java:1403) ~[?:1.8.0_51]
	at sun.security.ssl.SSLSocketImpl.startHandshake(SSLSocketImpl.java:1387) ~[?:1.8.0_51]
	at sun.net.www.protocol.https.HttpsClient.afterConnect(HttpsClient.java:563) ~[?:1.8.0_51]
	at sun.net.www.protocol.https.AbstractDelegateHttpsURLConnection.connect(AbstractDelegateHttpsURLConnection.java:185) ~[?:1.8.0_51]
	at sun.net.www.protocol.http.HttpURLConnection.getInputStream0(HttpURLConnection.java:1512) ~[?:1.8.0_51]
	at sun.net.www.protocol.http.HttpURLConnection.access$200(HttpURLConnection.java:90) ~[?:1.8.0_51]
	at sun.net.www.protocol.http.HttpURLConnection$9.run(HttpURLConnection.java:1432) ~[?:1.8.0_51]
	at sun.net.www.protocol.http.HttpURLConnection$9.run(HttpURLConnection.java:1430) ~[?:1.8.0_51]
	at java.security.AccessController.doPrivileged(Native Method) ~[?:1.8.0_51]
	at java.security.AccessController.doPrivileged(AccessController.java:713) ~[?:1.8.0_51]
	at sun.net.www.protocol.http.HttpURLConnection.getInputStream(HttpURLConnection.java:1429) ~[?:1.8.0_51]
	at sun.net.www.protocol.https.HttpsURLConnectionImpl.getInputStream(HttpsURLConnectionImpl.java:254) ~[?:1.8.0_51]
	at com.mojang.authlib.HttpAuthenticationService.performGetRequest(HttpAuthenticationService.java:130) ~[HttpAuthenticationService.class:?]
	at com.mojang.authlib.yggdrasil.YggdrasilAuthenticationService.makeRequest(YggdrasilAuthenticationService.java:66) ~[YggdrasilAuthenticationService.class:?]
	... 6 more
[14:53:56] [BobbleSkinFetch-d45aac48-013d-4efd-aa4d-bc40d6b6026d/WARN] [hbm]: Mojang profile for UUID 'd45aac48-013d-4efd-aa4d-bc40d6b6026d' returned no textures property
[14:53:56] [BobbleSkinFetch-a53a3807-cd85-4833-b791-0c27705bb6fd/WARN] [hbm]: Mojang profile for UUID 'a53a3807-cd85-4833-b791-0c27705bb6fd' returned no textures property
[14:53:56] [BobbleSkinFetch-cac1f285-001c-47dc-94a3-44052fb7e4e8/WARN] [hbm]: Mojang profile for UUID 'cac1f285-001c-47dc-94a3-44052fb7e4e8' returned no textures property
[14:53:56] [Client thread/INFO] [srparasites]: [MOD COMPATIBILITY] Checked for 2 mods that may be in the list that need patches or alternative code
[14:53:57] [Client thread/INFO] [FML]: OBJLoader: Domain srparasites has been added.
[14:53:57] [Client thread/INFO] [FML]: OBJLoader: Domain techguns has been added.
[14:53:57] [Client thread/INFO] [Universal Tweaks]: UTAttributes ::: Successfully altered attribute generic.maxHealth with 0.0 as minimum and 65536.0 as maximum
[14:53:57] [Client thread/INFO] [Universal Tweaks]: UTAttributes ::: Successfully altered attribute generic.followRange with 0.0 as minimum and 65536.0 as maximum
[14:53:57] [Client thread/INFO] [Universal Tweaks]: UTAttributes ::: Successfully altered attribute generic.knockbackResistance with 0.0 as minimum and 65536.0 as maximum
[14:53:57] [Client thread/INFO] [Universal Tweaks]: UTAttributes ::: Successfully altered attribute generic.movementSpeed with 0.0 as minimum and 65536.0 as maximum
[14:53:57] [Client thread/INFO] [Universal Tweaks]: UTAttributes ::: Successfully altered attribute generic.flyingSpeed with 0.0 as minimum and 65536.0 as maximum
[14:53:57] [Client thread/INFO] [Universal Tweaks]: UTAttributes ::: Successfully altered attribute generic.attackDamage with 0.0 as minimum and 65536.0 as maximum
[14:53:57] [Client thread/INFO] [Universal Tweaks]: UTAttributes ::: Successfully altered attribute generic.attackSpeed with 0.0 as minimum and 65536.0 as maximum
[14:53:57] [Client thread/INFO] [Universal Tweaks]: UTAttributes ::: Successfully altered attribute generic.armor with 0.0 as minimum and 65536.0 as maximum
[14:53:57] [Client thread/INFO] [Universal Tweaks]: UTAttributes ::: Successfully altered attribute generic.armorToughness with 0.0 as minimum and 65536.0 as maximum
[14:53:57] [Client thread/INFO] [Universal Tweaks]: UTAttributes ::: Successfully altered attribute generic.luck with -65536.0 as minimum and 65536.0 as maximum
[14:53:57] [Client thread/INFO] [Universal Tweaks]: Universal Tweaks pre-initialized
[14:53:57] [Client thread/INFO] [STDOUT]: [xaero.lib.core.transformer.ClassNodeTransformer:transform:29]: Transforming class pl net.minecraft.server.management.PlayerList
[14:53:57] [Client thread/INFO] [STDOUT]: [xaero.common.core.transformer.ClassNodeTransformer:transform:29]: Transforming class pl net.minecraft.server.management.PlayerList
[14:53:57] [Client thread/INFO] [STDOUT]: [xaero.map.core.transformer.ClassNodeTransformer:transform:29]: Transforming class net.minecraft.server.management.PlayerList
[14:53:57] [Client thread/INFO] [HBM CoreMod]: Patching class net.minecraft.server.management.PlayerInteractionManager / or
[14:53:57] [Client thread/INFO] [HBM CoreMod]: Patching method: func_187251_a(Lnet/minecraft/entity/player/EntityPlayer;Lnet/minecraft/world/World;Lnet/minecraft/item/ItemStack;Lnet/minecraft/util/EnumHand;Lnet/minecraft/util/math/BlockPos;Lnet/minecraft/util/EnumFacing;FFF)Lnet/minecraft/util/EnumActionResult;
[14:53:57] [Client thread/INFO] [HBM CoreMod]: Injected PlayerInteractionManagerHook.onSpectatorRightClickBlock before spectator PASS return
[14:53:57] [Client thread/INFO] [xaero.map.WorldMap]: Registering common data for channel xaeroworldmap:main!
[14:53:57] [Client thread/INFO] [xaero.map.WorldMap]: Registering client data for channel xaeroworldmap:main!
[14:53:57] [Client thread/INFO] [xaero.map.WorldMap]: Loading primary common config for channel xaeroworldmap:main!
[14:53:57] [Client thread/INFO] [xaero.map.WorldMap]: Loading server config profiles for channel xaeroworldmap:main!
[14:53:57] [Client thread/INFO] [xaero.map.WorldMap]: Loading primary client config for channel xaeroworldmap:main!
[14:53:57] [Client thread/INFO] [xaero.map.WorldMap]: Loading client config profiles for channel xaeroworldmap:main!
[14:53:57] [Client thread/INFO] [xaero.common.HudMod]: Registering common data for channel xaerominimap:main!
[14:53:57] [Client thread/INFO] [xaero.common.HudMod]: Registering client data for channel xaerominimap:main!
[14:53:57] [Client thread/INFO] [xaero.common.HudMod]: Loading primary common config for channel xaerominimap:main!
[14:53:57] [Client thread/INFO] [xaero.common.HudMod]: Loading server config profiles for channel xaerominimap:main!
[14:53:57] [Client thread/INFO] [xaero.common.HudMod]: Loading primary client config for channel xaerominimap:main!
[14:53:57] [Client thread/INFO] [xaero.common.HudMod]: Loading client config profiles for channel xaerominimap:main!
[14:53:58] [Client thread/INFO] [FML]: OBJLoader: Domain immersiveengineering has been added.
[14:53:58] [Client thread/INFO] [immersiveengineering]: Custom OBJLoader: Domain has been added: immersiveengineering
[14:53:58] [Immersive Engineering Contributors Thread/INFO] [immersiveengineering]: Attempting to download special revolvers from GitHub
[14:53:58] [Client thread/INFO] [deepmoblearning]: Registering Blocks...
[14:53:58] [Client thread/INFO] [STDOUT]: [com.valkyrieofnight.vliblegacy.lib.registry.VLGameRegistry$BlockItemHandler:registerBlocks:32]: TESTREGISTERINGBLOCKS
[14:53:58] [Immersive Engineering Contributors Thread/INFO] [immersiveengineering]: Could not load contributor+special revolver list.
[14:53:58] [Immersive Engineering Contributors Thread/INFO] [STDERR]: [blusunrize.immersiveengineering.ImmersiveEngineering$ThreadContributorSpecialsDownloader:run:313]: javax.net.ssl.SSLHandshakeException: sun.security.validator.ValidatorException: PKIX path building failed: sun.security.provider.certpath.SunCertPathBuilderException: unable to find valid certification path to requested target
[14:53:58] [Immersive Engineering Contributors Thread/INFO] [STDERR]: [blusunrize.immersiveengineering.ImmersiveEngineering$ThreadContributorSpecialsDownloader:run:313]: 	at sun.security.ssl.Alerts.getSSLException(Alerts.java:192)
[14:53:58] [Immersive Engineering Contributors Thread/INFO] [STDERR]: [blusunrize.immersiveengineering.ImmersiveEngineering$ThreadContributorSpecialsDownloader:run:313]: 	at sun.security.ssl.SSLSocketImpl.fatal(SSLSocketImpl.java:1949)
[14:53:58] [Immersive Engineering Contributors Thread/INFO] [STDERR]: [blusunrize.immersiveengineering.ImmersiveEngineering$ThreadContributorSpecialsDownloader:run:313]: 	at sun.security.ssl.Handshaker.fatalSE(Handshaker.java:302)
[14:53:58] [Immersive Engineering Contributors Thread/INFO] [STDERR]: [blusunrize.immersiveengineering.ImmersiveEngineering$ThreadContributorSpecialsDownloader:run:313]: 	at sun.security.ssl.Handshaker.fatalSE(Handshaker.java:296)
[14:53:58] [Immersive Engineering Contributors Thread/INFO] [STDERR]: [blusunrize.immersiveengineering.ImmersiveEngineering$ThreadContributorSpecialsDownloader:run:313]: 	at sun.security.ssl.ClientHandshaker.serverCertificate(ClientHandshaker.java:1497)
[14:53:58] [Immersive Engineering Contributors Thread/INFO] [STDERR]: [blusunrize.immersiveengineering.ImmersiveEngineering$ThreadContributorSpecialsDownloader:run:313]: 	at sun.security.ssl.ClientHandshaker.processMessage(ClientHandshaker.java:212)
[14:53:58] [Immersive Engineering Contributors Thread/INFO] [STDERR]: [blusunrize.immersiveengineering.ImmersiveEngineering$ThreadContributorSpecialsDownloader:run:313]: 	at sun.security.ssl.Handshaker.processLoop(Handshaker.java:979)
[14:53:58] [Immersive Engineering Contributors Thread/INFO] [STDERR]: [blusunrize.immersiveengineering.ImmersiveEngineering$ThreadContributorSpecialsDownloader:run:313]: 	at sun.security.ssl.Handshaker.process_record(Handshaker.java:914)
[14:53:58] [Immersive Engineering Contributors Thread/INFO] [STDERR]: [blusunrize.immersiveengineering.ImmersiveEngineering$ThreadContributorSpecialsDownloader:run:313]: 	at sun.security.ssl.SSLSocketImpl.readRecord(SSLSocketImpl.java:1062)
[14:53:58] [Immersive Engineering Contributors Thread/INFO] [STDERR]: [blusunrize.immersiveengineering.ImmersiveEngineering$ThreadContributorSpecialsDownloader:run:313]: 	at sun.security.ssl.SSLSocketImpl.performInitialHandshake(SSLSocketImpl.java:1375)
[14:53:58] [Immersive Engineering Contributors Thread/INFO] [STDERR]: [blusunrize.immersiveengineering.ImmersiveEngineering$ThreadContributorSpecialsDownloader:run:313]: 	at sun.security.ssl.SSLSocketImpl.startHandshake(SSLSocketImpl.java:1403)
[14:53:58] [Immersive Engineering Contributors Thread/INFO] [STDERR]: [blusunrize.immersiveengineering.ImmersiveEngineering$ThreadContributorSpecialsDownloader:run:313]: 	at sun.security.ssl.SSLSocketImpl.startHandshake(SSLSocketImpl.java:1387)
[14:53:58] [Immersive Engineering Contributors Thread/INFO] [STDERR]: [blusunrize.immersiveengineering.ImmersiveEngineering$ThreadContributorSpecialsDownloader:run:313]: 	at sun.net.www.protocol.https.HttpsClient.afterConnect(HttpsClient.java:563)
[14:53:58] [Immersive Engineering Contributors Thread/INFO] [STDERR]: [blusunrize.immersiveengineering.ImmersiveEngineering$ThreadContributorSpecialsDownloader:run:313]: 	at sun.net.www.protocol.https.AbstractDelegateHttpsURLConnection.connect(AbstractDelegateHttpsURLConnection.java:185)
[14:53:58] [Immersive Engineering Contributors Thread/INFO] [STDERR]: [blusunrize.immersiveengineering.ImmersiveEngineering$ThreadContributorSpecialsDownloader:run:313]: 	at sun.net.www.protocol.http.HttpURLConnection.getInputStream0(HttpURLConnection.java:1512)
[14:53:58] [Immersive Engineering Contributors Thread/INFO] [STDERR]: [blusunrize.immersiveengineering.ImmersiveEngineering$ThreadContributorSpecialsDownloader:run:313]: 	at sun.net.www.protocol.http.HttpURLConnection.access$200(HttpURLConnection.java:90)
[14:53:58] [Immersive Engineering Contributors Thread/INFO] [STDERR]: [blusunrize.immersiveengineering.ImmersiveEngineering$ThreadContributorSpecialsDownloader:run:313]: 	at sun.net.www.protocol.http.HttpURLConnection$9.run(HttpURLConnection.java:1432)
[14:53:58] [Immersive Engineering Contributors Thread/INFO] [STDERR]: [blusunrize.immersiveengineering.ImmersiveEngineering$ThreadContributorSpecialsDownloader:run:313]: 	at sun.net.www.protocol.http.HttpURLConnection$9.run(HttpURLConnection.java:1430)
[14:53:58] [Immersive Engineering Contributors Thread/INFO] [STDERR]: [blusunrize.immersiveengineering.ImmersiveEngineering$ThreadContributorSpecialsDownloader:run:313]: 	at java.security.AccessController.doPrivileged(Native Method)
[14:53:58] [Immersive Engineering Contributors Thread/INFO] [STDERR]: [blusunrize.immersiveengineering.ImmersiveEngineering$ThreadContributorSpecialsDownloader:run:313]: 	at java.security.AccessController.doPrivileged(AccessController.java:713)
[14:53:58] [Immersive Engineering Contributors Thread/INFO] [STDERR]: [blusunrize.immersiveengineering.ImmersiveEngineering$ThreadContributorSpecialsDownloader:run:313]: 	at sun.net.www.protocol.http.HttpURLConnection.getInputStream(HttpURLConnection.java:1429)
[14:53:58] [Immersive Engineering Contributors Thread/INFO] [STDERR]: [blusunrize.immersiveengineering.ImmersiveEngineering$ThreadContributorSpecialsDownloader:run:313]: 	at sun.net.www.protocol.https.HttpsURLConnectionImpl.getInputStream(HttpsURLConnectionImpl.java:254)
[14:53:58] [Immersive Engineering Contributors Thread/INFO] [STDERR]: [blusunrize.immersiveengineering.ImmersiveEngineering$ThreadContributorSpecialsDownloader:run:313]: 	at java.net.URL.openStream(URL.java:1038)
[14:53:58] [Immersive Engineering Contributors Thread/INFO] [STDERR]: [blusunrize.immersiveengineering.ImmersiveEngineering$ThreadContributorSpecialsDownloader:run:313]: 	at blusunrize.immersiveengineering.ImmersiveEngineering$ThreadContributorSpecialsDownloader.run(ImmersiveEngineering.java:291)
[14:53:58] [Immersive Engineering Contributors Thread/INFO] [STDERR]: [java.lang.Throwable:printStackTrace:634]: Caused by: sun.security.validator.ValidatorException: PKIX path building failed: sun.security.provider.certpath.SunCertPathBuilderException: unable to find valid certification path to requested target
[14:53:58] [Immersive Engineering Contributors Thread/INFO] [STDERR]: [java.lang.Throwable:printStackTrace:634]: 	at sun.security.validator.PKIXValidator.doBuild(PKIXValidator.java:387)
[14:53:58] [Immersive Engineering Contributors Thread/INFO] [STDERR]: [java.lang.Throwable:printStackTrace:634]: 	at sun.security.validator.PKIXValidator.engineValidate(PKIXValidator.java:292)
[14:53:58] [Immersive Engineering Contributors Thread/INFO] [STDERR]: [java.lang.Throwable:printStackTrace:634]: 	at sun.security.validator.Validator.validate(Validator.java:260)
[14:53:58] [Immersive Engineering Contributors Thread/INFO] [STDERR]: [java.lang.Throwable:printStackTrace:634]: 	at sun.security.ssl.X509TrustManagerImpl.validate(X509TrustManagerImpl.java:324)
[14:53:58] [Immersive Engineering Contributors Thread/INFO] [STDERR]: [java.lang.Throwable:printStackTrace:634]: 	at sun.security.ssl.X509TrustManagerImpl.checkTrusted(X509TrustManagerImpl.java:229)
[14:53:58] [Immersive Engineering Contributors Thread/INFO] [STDERR]: [java.lang.Throwable:printStackTrace:634]: 	at sun.security.ssl.X509TrustManagerImpl.checkServerTrusted(X509TrustManagerImpl.java:124)
[14:53:58] [Immersive Engineering Contributors Thread/INFO] [STDERR]: [java.lang.Throwable:printStackTrace:634]: 	at sun.security.ssl.ClientHandshaker.serverCertificate(ClientHandshaker.java:1479)
[14:53:58] [Immersive Engineering Contributors Thread/INFO] [STDERR]: [java.lang.Throwable:printStackTrace:634]: 	... 19 more
[14:53:58] [Immersive Engineering Contributors Thread/INFO] [STDERR]: [java.lang.Throwable:printStackTrace:643]: Caused by: sun.security.provider.certpath.SunCertPathBuilderException: unable to find valid certification path to requested target
[14:53:58] [Immersive Engineering Contributors Thread/INFO] [STDERR]: [java.lang.Throwable:printStackTrace:643]: 	at sun.security.provider.certpath.SunCertPathBuilder.build(SunCertPathBuilder.java:145)
[14:53:58] [Immersive Engineering Contributors Thread/INFO] [STDERR]: [java.lang.Throwable:printStackTrace:643]: 	at sun.security.provider.certpath.SunCertPathBuilder.engineBuild(SunCertPathBuilder.java:131)
[14:53:58] [Immersive Engineering Contributors Thread/INFO] [STDERR]: [java.lang.Throwable:printStackTrace:643]: 	at java.security.cert.CertPathBuilder.build(CertPathBuilder.java:280)
[14:53:58] [Immersive Engineering Contributors Thread/INFO] [STDERR]: [java.lang.Throwable:printStackTrace:643]: 	at sun.security.validator.PKIXValidator.doBuild(PKIXValidator.java:382)
[14:53:58] [Immersive Engineering Contributors Thread/INFO] [STDERR]: [java.lang.Throwable:printStackTrace:643]: 	... 25 more
[14:53:58] [Client thread/INFO] [FML]: Applying holder lookups
[14:53:58] [Client thread/INFO] [FML]: Holder lookups applied
[14:53:58] [Client thread/INFO] [deepmoblearning]: Registering Items...
[14:53:58] [Client thread/INFO] [deepmoblearning]: Registering Living Matter...
[14:53:58] [Client thread/INFO] [deepmoblearning]: Registering Data Models and Pristine Matter...
[14:53:58] [Client thread/INFO] [FML]: Applying holder lookups
[14:53:58] [Client thread/INFO] [FML]: Holder lookups applied
[14:53:58] [Client thread/INFO] [FML]: Applying holder lookups
[14:53:58] [Client thread/INFO] [FML]: Holder lookups applied
[14:53:58] [Client thread/INFO] [deepmoblearning]: Registering Models...
[14:53:58] [Client thread/ERROR] [srparasites]: registerItemModel(Item): item is NULL
[14:53:58] [Client thread/ERROR] [srparasites]: registerItemModel(Item): item is NULL
[14:53:58] [Client thread/INFO] [srparasites]: Models registered
[14:53:58] [Client thread/INFO] [FML]: Applying holder lookups
[14:53:58] [Client thread/INFO] [FML]: Holder lookups applied
[14:53:58] [Client thread/INFO] [FML]: Injecting itemstacks
[14:53:58] [Client thread/INFO] [FML]: Itemstack injection complete
[14:53:58] [Client thread/INFO] [STDOUT]: [xaero.common.core.transformer.ClassNodeTransformer:transform:29]: Transforming class bfc net.minecraft.world.storage.SaveFormatOld
[14:53:58] [Client thread/INFO] [STDOUT]: [xaero.map.core.transformer.ClassNodeTransformer:transform:29]: Transforming class net.minecraft.world.storage.SaveFormatOld
[14:53:59] [Client thread/WARN] [net.minecraft.client.audio.SoundHandler]: File srparasites:sounds/musicwellmeetagain.ogg does not exist, cannot add it to event srparasites:srparasites.discone
[14:53:59] [Client thread/WARN] [net.minecraft.client.audio.SoundHandler]: File srparasites:sounds/musicwellmeetagain.ogg does not exist, cannot add it to event srparasites:srparasites.disctwo
[14:53:59] [Client thread/WARN] [net.minecraft.client.audio.SoundHandler]: File srparasites:sounds/vector_removed.ogg does not exist, cannot add it to event srparasites:origin.deleted
[14:53:59] [Client thread/WARN] [net.minecraft.client.audio.SoundHandler]: File techguns:sounds/guns/shishkebap_swing_b.ogg does not exist, cannot add it to event techguns:guns.shishkebabfire
[14:53:59] [Client thread/WARN] [net.minecraft.client.audio.SoundHandler]: File techguns:sounds/guns/shishkebap_swing_c.ogg does not exist, cannot add it to event techguns:guns.shishkebabfire
[14:53:59] [Client thread/WARN] [net.minecraft.client.audio.SoundManager]: Missing sound for event: srparasites:dislo.s30
[14:53:59] [Client thread/WARN] [net.minecraft.client.audio.SoundManager]: Missing sound for event: techguns:guns.cyberdemonblasterreload
[14:53:59] [Client thread/WARN] [net.minecraft.client.audio.SoundManager]: Missing sound for event: techguns:jetpack.end
[14:53:59] [Sound Library Loader/INFO] [net.minecraft.client.audio.SoundManager]: Starting up SoundSystem...
[14:53:59] [ForkJoinPool-1-worker-25/INFO] [VintageFix]: Found 15501 sprites (some possibly duplicated among resource packs)
[14:53:59] [Client thread/WARN] [VintageFix Mixin Loader]: Not applying mixin 'mixin.dynamic_resources.hide_model_exceptions.ModelErrorMixin' as 'mixin.dynamic_resources.hide_model_exceptions' is disabled in config
[14:53:59] [Client thread/INFO] [VintageFix]: Early loading 6 models
[14:53:59] [Client thread/INFO] [VintageFix]: Permanently loaded 0 models
[14:53:59] [Thread-10/INFO] [net.minecraft.client.audio.SoundManager]: Initializing LWJGL OpenAL
[14:53:59] [Thread-10/INFO] [net.minecraft.client.audio.SoundManager]: (The LWJGL binding of OpenAL.  For more information, see http://www.lwjgl.org)
[14:53:59] [Thread-10/INFO] [net.minecraft.client.audio.SoundManager]: OpenAL initialized.
[14:53:59] [ForkJoinPool-1-worker-25/INFO] [VintageFix]: Texture search took 338.6 ms, total of 19983 collected sprites
[14:53:59] [Client thread/INFO] [immersiveengineering]: Stitching Revolver Textures!
[14:53:59] [Client thread/WARN] [VintageFix]: Can't preload sprite class com.hbm.render.icon.TextureAtlasSpriteMultipass (seen 20/10219 times)
[14:53:59] [Client thread/WARN] [VintageFix]: Can't preload sprite class com.hbm.render.icon.TextureAtlasSpriteMutatable (seen 493/10219 times)
[14:53:59] [Client thread/WARN] [VintageFix]: Can't preload sprite class net.minecraftforge.client.model.ModelLoader$White (seen 1/10219 times)
[14:53:59] [Client thread/WARN] [VintageFix]: Can't preload sprite class com.hbm.render.icon.TextureAtlasSpritePadded (seen 66/10219 times)
[14:53:59] [Client thread/WARN] [VintageFix]: Can't preload sprite class net.minecraftforge.client.model.ModelDynBucket$BucketCoverSprite (seen 1/10219 times)
[14:53:59] [Client thread/WARN] [VintageFix]: Can't preload sprite class net.minecraftforge.client.model.ModelDynBucket$BucketBaseSprite (seen 1/10219 times)
[14:53:59] [Sound Library Loader/INFO] [net.minecraft.client.audio.SoundManager]: Sound engine started
[14:54:00] [Client thread/INFO] [VintageFix]: Preloaded 9637 sprites in 386.7 ms
[14:54:00] [Client thread/INFO] [FML]: Max texture size: 32768
[14:54:00] [Client thread/INFO] [hbm]: Loading texture hbm:textures/items/wire_dense.png
[14:54:00] [Client thread/WARN] [hbm]: No animation metadata found for hbm:items/wire_dense-copper
[14:54:00] [Client thread/WARN] [net.minecraft.client.renderer.texture.TextureMap]: Texture hbm:textures/models/soyuz_authentic/booster.png with size 300x300 will have visual artifacts at mip level 4, it can only support level 2. Please report to the mod author that the texture should be some multiple of 16x16.
[14:54:00] [Client thread/INFO] [hbm]: Loading texture hbm:textures/items/part_mechanism.png
[14:54:00] [Client thread/WARN] [hbm]: No animation metadata found for hbm:items/part_mechanism-saturnite
[14:54:00] [Client thread/INFO] [hbm]: Loading texture hbm:textures/items/scraps.png
[14:54:00] [Client thread/WARN] [hbm]: No animation metadata found for hbm:items/scraps-coalcoke
[14:54:00] [Client thread/INFO] [hbm]: Loading texture hbm:textures/items/scraps.png
[14:54:00] [Client thread/WARN] [hbm]: No animation metadata found for hbm:items/scraps-americiumrg
[14:54:00] [Client thread/INFO] [hbm]: Loading texture hbm:textures/items/bedrock_ore_fragment.png
[14:54:00] [Client thread/WARN] [hbm]: No animation metadata found for hbm:items/bedrock_ore_fragment-uranium238
[14:54:00] [Client thread/WARN] [net.minecraft.client.renderer.texture.TextureMap]: Texture hbm:textures/models/soyuz_authentic/lesthrusters.png with size 40x40 will have visual artifacts at mip level 4, it can only support level 3. Please report to the mod author that the texture should be some multiple of 16x16.
[14:54:00] [Client thread/INFO] [hbm]: Loading texture hbm:textures/items/wire_fine.png
[14:54:00] [Client thread/WARN] [hbm]: No animation metadata found for hbm:items/wire_fine-zirconium
[14:54:00] [Client thread/WARN] [net.minecraft.client.renderer.texture.TextureMap]: Texture hbm:textures/models/weapons/shotty.png with size 500x500 will have visual artifacts at mip level 4, it can only support level 2. Please report to the mod author that the texture should be some multiple of 16x16.
[14:54:00] [Client thread/WARN] [net.minecraft.client.renderer.texture.TextureMap]: Texture hbm:textures/models/soyuz_authentic/payload.png with size 172x172 will have visual artifacts at mip level 4, it can only support level 2. Please report to the mod author that the texture should be some multiple of 16x16.
[14:54:00] [Client thread/INFO] [hbm]: Loading texture hbm:textures/items/scraps.png
[14:54:00] [Client thread/WARN] [hbm]: No animation metadata found for hbm:items/scraps-diamond
[14:54:00] [Client thread/WARN] [net.minecraft.client.renderer.texture.TextureMap]: Texture hbm:textures/models/machines/press_body.png with size 46x46 will have visual artifacts at mip level 4, it can only support level 1. Please report to the mod author that the texture should be some multiple of 16x16.
[14:54:00] [Client thread/INFO] [hbm]: Loading texture hbm:textures/items/scraps.png
[14:54:00] [Client thread/WARN] [hbm]: No animation metadata found for hbm:items/scraps-meteoriciron
[14:54:00] [Client thread/INFO] [hbm]: Loading texture hbm:textures/items/bedrock_ore_crumbs_crystal.png
[14:54:00] [Client thread/WARN] [hbm]: No animation metadata found for hbm:items/bedrock_ore_crumbs_crystal-83
[14:54:00] [Client thread/WARN] [net.minecraft.client.renderer.texture.TextureMap]: Texture hbm:textures/models/bombs/fleija.png with size 61x61 will have visual artifacts at mip level 4, it can only support level 0. Please report to the mod author that the texture should be some multiple of 16x16.
[14:54:00] [Client thread/WARN] [net.minecraft.client.renderer.texture.TextureMap]: Texture hbm:textures/items/drax.png with size 26x26 will have visual artifacts at mip level 4, it can only support level 1. Please report to the mod author that the texture should be some multiple of 16x16.
[14:54:00] [Client thread/WARN] [net.minecraft.client.renderer.texture.TextureMap]: Texture hbm:textures/models/missile_parts/warheads/mp_w_15_balefire_e.png with size 72x72 will have visual artifacts at mip level 4, it can only support level 3. Please report to the mod author that the texture should be some multiple of 16x16.
[14:54:00] [Client thread/WARN] [net.minecraft.client.renderer.texture.TextureMap]: Texture hbm:textures/models/machines/microwave.png with size 200x200 will have visual artifacts at mip level 4, it can only support level 3. Please report to the mod author that the texture should be some multiple of 16x16.
[14:54:00] [Client thread/INFO] [hbm]: Loading texture hbm:textures/items/wire_dense.png
[14:54:00] [Client thread/WARN] [hbm]: No animation metadata found for hbm:items/wire_dense-mingrade
[14:54:00] [Client thread/INFO] [hbm]: Loading texture hbm:textures/items/scraps.png
[14:54:00] [Client thread/WARN] [hbm]: No animation metadata found for hbm:items/scraps-actinium227
[14:54:00] [Client thread/WARN] [net.minecraft.client.renderer.texture.TextureMap]: Texture hbm:textures/models/missile_parts/thrusters/mp_t_15_balefire_large.png with size 94x94 will have visual artifacts at mip level 4, it can only support level 1. Please report to the mod author that the texture should be some multiple of 16x16.
[14:54:00] [Client thread/INFO] [hbm]: Loading texture hbm:textures/items/part_grip.png
[14:54:00] [Client thread/WARN] [hbm]: No animation metadata found for hbm:items/part_grip-bakelite
[14:54:00] [Client thread/INFO] [hbm]: Loading texture hbm:textures/items/bedrock_ore_fragment.png
[14:54:00] [Client thread/WARN] [hbm]: No animation metadata found for hbm:items/bedrock_ore_fragment-lanthanum
[14:54:00] [Client thread/WARN] [net.minecraft.client.renderer.texture.TextureMap]: Texture hbm:textures/models/soyuz/les.png with size 82x82 will have visual artifacts at mip level 4, it can only support level 1. Please report to the mod author that the texture should be some multiple of 16x16.
[14:54:00] [Client thread/INFO] [hbm]: Loading texture hbm:textures/items/plate_cast.png
[14:54:00] [Client thread/WARN] [hbm]: No animation metadata found for hbm:items/plate_cast-arsenicbronze
[14:54:00] [Client thread/INFO] [hbm]: Loading texture hbm:textures/items/scraps.png
[14:54:00] [Client thread/WARN] [hbm]: No animation metadata found for hbm:items/scraps-neptunium237
[14:54:00] [Client thread/INFO] [hbm]: Loading texture hbm:textures/items/scraps.png
[14:54:00] [Client thread/WARN] [hbm]: No animation metadata found for hbm:items/scraps-cryolite
[14:54:00] [Client thread/WARN] [net.minecraft.client.renderer.texture.TextureMap]: Texture hbm:textures/items/d_smoke8.png with size 8x8 will have visual artifacts at mip level 4, it can only support level 3. Please report to the mod author that the texture should be some multiple of 16x16.
[14:54:00] [Client thread/INFO] [hbm]: Loading texture hbm:textures/items/scraps.png
[14:54:00] [Client thread/WARN] [hbm]: No animation metadata found for hbm:items/scraps-magnetizedtungsten
[14:54:00] [Client thread/WARN] [net.minecraft.client.renderer.texture.TextureMap]: Texture hbm:textures/items/d_smoke6.png with size 8x8 will have visual artifacts at mip level 4, it can only support level 3. Please report to the mod author that the texture should be some multiple of 16x16.
[14:54:00] [Client thread/WARN] [net.minecraft.client.renderer.texture.TextureMap]: Texture hbm:textures/items/d_smoke7.png with size 8x8 will have visual artifacts at mip level 4, it can only support level 3. Please report to the mod author that the texture should be some multiple of 16x16.
[14:54:00] [Client thread/WARN] [net.minecraft.client.renderer.texture.TextureMap]: Texture hbm:textures/items/d_smoke4.png with size 8x8 will have visual artifacts at mip level 4, it can only support level 3. Please report to the mod author that the texture should be some multiple of 16x16.
[14:54:00] [Client thread/WARN] [net.minecraft.client.renderer.texture.TextureMap]: Texture hbm:textures/items/d_smoke5.png with size 8x8 will have visual artifacts at mip level 4, it can only support level 3. Please report to the mod author that the texture should be some multiple of 16x16.
[14:54:00] [Client thread/WARN] [net.minecraft.client.renderer.texture.TextureMap]: Texture hbm:textures/items/d_smoke2.png with size 8x8 will have visual artifacts at mip level 4, it can only support level 3. Please report to the mod author that the texture should be some multiple of 16x16.
[14:54:00] [Client thread/WARN] [net.minecraft.client.renderer.texture.TextureMap]: Texture hbm:textures/items/d_smoke3.png with size 8x8 will have visual artifacts at mip level 4, it can only support level 3. Please report to the mod author that the texture should be some multiple of 16x16.
[14:54:00] [Client thread/WARN] [net.minecraft.client.renderer.texture.TextureMap]: Texture hbm:textures/items/d_smoke1.png with size 8x8 will have visual artifacts at mip level 4, it can only support level 3. Please report to the mod author that the texture should be some multiple of 16x16.
[14:54:00] [Client thread/INFO] [hbm]: Loading texture hbm:textures/items/part_barrel_light.png
[14:54:00] [Client thread/WARN] [hbm]: No animation metadata found for hbm:items/part_barrel_light-arsenicbronze
[14:54:00] [Client thread/INFO] [hbm]: Loading texture hbm:textures/items/bedrock_ore_fragment.png
[14:54:00] [Client thread/WARN] [hbm]: No animation metadata found for hbm:items/bedrock_ore_fragment-lignite
[14:54:00] [Client thread/WARN] [net.minecraft.client.renderer.texture.TextureMap]: Texture hbm:textures/models/missile_parts/stability/mp_s_10_cruise.png with size 22x22 will have visual artifacts at mip level 4, it can only support level 1. Please report to the mod author that the texture should be some multiple of 16x16.
[14:54:00] [Client thread/WARN] [net.minecraft.client.renderer.texture.TextureMap]: Texture hbm:textures/models/machines/core_receiver.png with size 38x38 will have visual artifacts at mip level 4, it can only support level 1. Please report to the mod author that the texture should be some multiple of 16x16.
[14:54:00] [Client thread/INFO] [hbm]: Loading texture hbm:textures/items/bedrock_ore_fragment.png
[14:54:00] [Client thread/WARN] [hbm]: No animation metadata found for hbm:items/bedrock_ore_fragment-redphosphorus
[14:54:00] [Client thread/INFO] [hbm]: Loading texture hbm:textures/items/bedrock_ore_fragment.png
[14:54:00] [Client thread/WARN] [hbm]: No animation metadata found for hbm:items/bedrock_ore_fragment-chlorocalcite
[14:54:00] [Client thread/INFO] [hbm]: Loading texture hbm:textures/items/bedrock_ore_fragment.png
[14:54:00] [Client thread/WARN] [hbm]: No animation metadata found for hbm:items/bedrock_ore_fragment-lead
[14:54:00] [Client thread/INFO] [hbm]: Loading texture hbm:textures/items/part_stock.png
[14:54:00] [Client thread/WARN] [hbm]: No animation metadata found for hbm:items/part_stock-polymer
[14:54:00] [Client thread/INFO] [hbm]: Loading texture hbm:textures/items/scraps.png
[14:54:00] [Client thread/WARN] [hbm]: No animation metadata found for hbm:items/scraps-aluminum
[14:54:00] [Client thread/INFO] [hbm]: Loading texture hbm:textures/items/plate_cast.png
[14:54:00] [Client thread/WARN] [hbm]: No animation metadata found for hbm:items/plate_cast-cdalloy
[14:54:00] [Client thread/WARN] [net.minecraft.client.renderer.texture.TextureMap]: Texture hbm:textures/models/missile_parts/launch_table_large_scaffold_base.png with size 68x68 will have visual artifacts at mip level 4, it can only support level 2. Please report to the mod author that the texture should be some multiple of 16x16.
[14:54:00] [Client thread/WARN] [net.minecraft.client.renderer.texture.TextureMap]: Texture hbm:textures/blocks/geiger.png with size 55x55 will have visual artifacts at mip level 4, it can only support level 0. Please report to the mod author that the texture should be some multiple of 16x16.
[14:54:00] [Client thread/INFO] [hbm]: Loading texture hbm:textures/items/scraps.png
[14:54:00] [Client thread/WARN] [hbm]: No animation metadata found for hbm:items/scraps-cobalt
[14:54:00] [Client thread/INFO] [hbm]: Loading texture hbm:textures/items/part_barrel_light.png
[14:54:00] [Client thread/WARN] [hbm]: No animation metadata found for hbm:items/part_barrel_light-steel
[14:54:00] [Client thread/INFO] [hbm]: Loading texture hbm:textures/items/bedrock_ore_sulfuric_rare.png
[14:54:00] [Client thread/WARN] [hbm]: No animation metadata found for hbm:items/bedrock_ore_sulfuric_rare-92
[14:54:00] [Client thread/INFO] [hbm]: Loading texture hbm:textures/items/bedrock_ore_sulfuric_rare.png
[14:54:00] [Client thread/WARN] [hbm]: No animation metadata found for hbm:items/bedrock_ore_sulfuric_rare-98
[14:54:00] [Client thread/INFO] [hbm]: Loading texture hbm:textures/items/scraps.png
[14:54:00] [Client thread/WARN] [hbm]: No animation metadata found for hbm:items/scraps-lead
[14:54:00] [Client thread/WARN] [net.minecraft.client.renderer.texture.TextureMap]: Texture hbm:textures/models/soyuz_clean/les.png with size 82x82 will have visual artifacts at mip level 4, it can only support level 1. Please report to the mod author that the texture should be some multiple of 16x16.
[14:54:00] [Client thread/INFO] [hbm]: Loading texture hbm:textures/items/scraps.png
[14:54:00] [Client thread/WARN] [hbm]: No animation metadata found for hbm:items/scraps-carbon
[14:54:00] [Client thread/INFO] [hbm]: Loading texture hbm:textures/items/wire_dense.png
[14:54:00] [Client thread/WARN] [hbm]: No animation metadata found for hbm:items/wire_dense-neodymium
[14:54:00] [Client thread/INFO] [hbm]: Loading texture hbm:textures/items/bedrock_ore_sulfuric_rare.png
[14:54:00] [Client thread/WARN] [hbm]: No animation metadata found for hbm:items/bedrock_ore_sulfuric_rare-86
[14:54:00] [Client thread/INFO] [hbm]: Loading texture hbm:textures/items/bedrock_ore_solvent_light.png
[14:54:00] [Client thread/WARN] [hbm]: No animation metadata found for hbm:items/bedrock_ore_solvent_light-108
[14:54:00] [Client thread/WARN] [net.minecraft.client.renderer.texture.TextureMap]: Texture hbm:textures/models/weapons/vortex.png with size 500x500 will have visual artifacts at mip level 4, it can only support level 2. Please report to the mod author that the texture should be some multiple of 16x16.
[14:54:00] [Client thread/INFO] [hbm]: Loading texture hbm:textures/items/bedrock_ore_solvent_light.png
[14:54:00] [Client thread/WARN] [hbm]: No animation metadata found for hbm:items/bedrock_ore_solvent_light-126
[14:54:00] [Client thread/INFO] [hbm]: Loading texture hbm:textures/items/bedrock_ore_solvent_light.png
[14:54:00] [Client thread/WARN] [hbm]: No animation metadata found for hbm:items/bedrock_ore_solvent_light-120
[14:54:00] [Client thread/INFO] [hbm]: Loading texture hbm:textures/items/bedrock_ore_solvent_light.png
[14:54:00] [Client thread/WARN] [hbm]: No animation metadata found for hbm:items/bedrock_ore_solvent_light-114
[14:54:00] [Client thread/INFO] [hbm]: Loading texture hbm:textures/items/bedrock_ore_sulfuric_rare.png
[14:54:00] [Client thread/WARN] [hbm]: No animation metadata found for hbm:items/bedrock_ore_sulfuric_rare-104
[14:54:00] [Client thread/WARN] [net.minecraft.client.renderer.texture.TextureMap]: Texture hbm:textures/blocks/deco_tape_recorder_flipped.png with size 56x56 will have visual artifacts at mip level 4, it can only support level 3. Please report to the mod author that the texture should be some multiple of 16x16.
[14:54:00] [Client thread/INFO] [hbm]: Loading texture hbm:textures/items/scraps.png
[14:54:00] [Client thread/WARN] [hbm]: No animation metadata found for hbm:items/scraps-cmbsteel
[14:54:00] [Client thread/WARN] [net.minecraft.client.renderer.texture.TextureMap]: Texture hbm:textures/models/soyuz/launcher_support_base.png with size 136x136 will have visual artifacts at mip level 4, it can only support level 3. Please report to the mod author that the texture should be some multiple of 16x16.
[14:54:00] [Client thread/INFO] [hbm]: Loading texture hbm:textures/items/part_barrel_light.png
[14:54:00] [Client thread/WARN] [hbm]: No animation metadata found for hbm:items/part_barrel_light-tcalloy
[14:54:00] [Client thread/INFO] [hbm]: Loading texture hbm:textures/items/scraps.png
[14:54:00] [Client thread/WARN] [hbm]: No animation metadata found for hbm:items/scraps-sodium
[14:54:00] [Client thread/INFO] [hbm]: Loading texture hbm:textures/items/bedrock_ore_rad_heavy.png
[14:54:00] [Client thread/WARN] [hbm]: No animation metadata found for hbm:items/bedrock_ore_rad_heavy-139
[14:54:00] [Client thread/INFO] [hbm]: Loading texture hbm:textures/items/bedrock_ore_rad_heavy.png
[14:54:00] [Client thread/WARN] [hbm]: No animation metadata found for hbm:items/bedrock_ore_rad_heavy-133
[14:54:00] [Client thread/INFO] [hbm]: Loading texture hbm:textures/items/part_stock.png
[14:54:00] [Client thread/WARN] [hbm]: No animation metadata found for hbm:items/part_stock-pvc
[14:54:00] [Client thread/INFO] [hbm]: Loading texture hbm:textures/items/part_grip.png
[14:54:00] [Client thread/WARN] [hbm]: No animation metadata found for hbm:items/part_grip-pvc
[14:54:00] [Client thread/WARN] [net.minecraft.client.renderer.texture.TextureMap]: Texture hbm:textures/models/soyuz_authentic/boosterside.png with size 40x40 will have visual artifacts at mip level 4, it can only support level 3. Please report to the mod author that the texture should be some multiple of 16x16.
[14:54:00] [Client thread/INFO] [hbm]: Loading texture hbm:textures/items/bedrock_ore_rad_heavy.png
[14:54:00] [Client thread/WARN] [hbm]: No animation metadata found for hbm:items/bedrock_ore_rad_heavy-145
[14:54:00] [Client thread/INFO] [hbm]: Loading texture hbm:textures/items/bedrock_ore_rad_heavy.png
[14:54:00] [Client thread/WARN] [hbm]: No animation metadata found for hbm:items/bedrock_ore_rad_heavy-151
[14:54:00] [Client thread/INFO] [hbm]: Loading texture hbm:textures/items/bolt.png
[14:54:00] [Client thread/WARN] [hbm]: No animation metadata found for hbm:items/bolt-durasteel
[14:54:00] [Client thread/INFO] [hbm]: Loading texture hbm:textures/items/pipe.png
[14:54:00] [Client thread/WARN] [hbm]: No animation metadata found for hbm:items/pipe-steel
[14:54:00] [Client thread/WARN] [net.minecraft.client.renderer.texture.TextureMap]: Texture hbm:textures/particle/particle_base.png with size 8x8 will have visual artifacts at mip level 4, it can only support level 3. Please report to the mod author that the texture should be some multiple of 16x16.
[14:54:00] [Client thread/INFO] [hbm]: Loading texture hbm:textures/items/part_stock.png
[14:54:00] [Client thread/WARN] [hbm]: No animation metadata found for hbm:items/part_stock-bakelite
[14:54:00] [Client thread/INFO] [hbm]: Loading texture hbm:textures/items/part_barrel_heavy.png
[14:54:00] [Client thread/WARN] [hbm]: No animation metadata found for hbm:items/part_barrel_heavy-cdalloy
[14:54:00] [Client thread/WARN] [net.minecraft.client.renderer.texture.TextureMap]: Texture hbm:textures/models/machines/microwave_e.png with size 200x200 will have visual artifacts at mip level 4, it can only support level 3. Please report to the mod author that the texture should be some multiple of 16x16.
[14:54:00] [Client thread/WARN] [net.minecraft.client.renderer.texture.TextureMap]: Texture hbm:textures/models/soyuz_luna/sideengines.png with size 40x40 will have visual artifacts at mip level 4, it can only support level 3. Please report to the mod author that the texture should be some multiple of 16x16.
[14:54:00] [Client thread/INFO] [hbm]: Loading texture hbm:textures/items/bedrock_ore_base_heavy.png
[14:54:00] [Client thread/WARN] [hbm]: No animation metadata found for hbm:items/bedrock_ore_base_heavy-13
[14:54:00] [Client thread/INFO] [hbm]: Loading texture hbm:textures/items/scraps.png
[14:54:00] [Client thread/WARN] [hbm]: No animation metadata found for hbm:items/scraps-fluorite
[14:54:00] [Client thread/INFO] [hbm]: Loading texture hbm:textures/items/plate_cast.png
[14:54:00] [Client thread/WARN] [hbm]: No animation metadata found for hbm:items/plate_cast-ferrouranium
[14:54:00] [Client thread/INFO] [hbm]: Loading texture hbm:textures/blocks/sellafield_slaked.png
[14:54:00] [Client thread/WARN] [hbm]: No animation metadata found for hbm:blocks/sellafield_slaked-4
[14:54:00] [Client thread/INFO] [hbm]: Loading texture hbm:textures/blocks/sellafield_slaked.png
[14:54:00] [Client thread/WARN] [hbm]: No animation metadata found for hbm:blocks/sellafield_slaked-3
[14:54:00] [Client thread/INFO] [hbm]: Loading texture hbm:textures/blocks/sellafield_slaked.png
[14:54:00] [Client thread/WARN] [hbm]: No animation metadata found for hbm:blocks/sellafield_slaked-2
[14:54:00] [Client thread/INFO] [hbm]: Loading texture hbm:textures/blocks/sellafield_slaked.png
[14:54:00] [Client thread/WARN] [hbm]: No animation metadata found for hbm:blocks/sellafield_slaked-1
[14:54:00] [Client thread/INFO] [hbm]: Loading texture hbm:textures/blocks/sellafield_slaked.png
[14:54:00] [Client thread/WARN] [hbm]: No animation metadata found for hbm:blocks/sellafield_slaked-5
[14:54:00] [Client thread/INFO] [hbm]: Loading texture hbm:textures/blocks/sellafield_slaked.png
[14:54:00] [Client thread/WARN] [hbm]: No animation metadata found for hbm:blocks/sellafield_slaked-0
[14:54:00] [Client thread/INFO] [hbm]: Loading texture hbm:textures/items/scraps.png
[14:54:00] [Client thread/WARN] [hbm]: No animation metadata found for hbm:items/scraps-radium226
[14:54:00] [Client thread/INFO] [hbm]: Loading texture hbm:textures/items/part_barrel_heavy.png
[14:54:00] [Client thread/WARN] [hbm]: No animation metadata found for hbm:items/part_barrel_heavy-weaponsteel
[14:54:00] [Client thread/INFO] [hbm]: Loading texture hbm:textures/items/scraps.png
[14:54:00] [Client thread/WARN] [hbm]: No animation metadata found for hbm:items/scraps-workersalloy
[14:54:00] [Client thread/INFO] [hbm]: Loading texture hbm:textures/items/part_barrel_light.png
[14:54:00] [Client thread/WARN] [hbm]: No animation metadata found for hbm:items/part_barrel_light-gunmetal
[14:54:00] [Client thread/INFO] [hbm]: Loading texture hbm:textures/items/scraps.png
[14:54:00] [Client thread/WARN] [hbm]: No animation metadata found for hbm:items/scraps-tungsten
[14:54:00] [Client thread/INFO] [hbm]: Loading texture hbm:textures/items/bedrock_ore_fragment.png
[14:54:00] [Client thread/WARN] [hbm]: No animation metadata found for hbm:items/bedrock_ore_fragment-asbestos
[14:54:00] [Client thread/INFO] [hbm]: Loading texture hbm:textures/items/scraps.png
[14:54:00] [Client thread/WARN] [hbm]: No animation metadata found for hbm:items/scraps-cobalt60
[14:54:00] [Client thread/INFO] [hbm]: Loading texture hbm:textures/items/part_stock.png
[14:54:00] [Client thread/WARN] [hbm]: No animation metadata found for hbm:items/part_stock-weaponsteel
[14:54:00] [Client thread/INFO] [hbm]: Loading texture hbm:textures/items/scraps.png
[14:54:00] [Client thread/WARN] [hbm]: No animation metadata found for hbm:items/scraps-schrabidium
[14:54:00] [Client thread/INFO] [hbm]: Loading texture hbm:textures/items/bedrock_ore_primary_crystal.png
[14:54:00] [Client thread/WARN] [hbm]: No animation metadata found for hbm:items/bedrock_ore_primary_crystal-77
[14:54:00] [Client thread/INFO] [hbm]: Loading texture hbm:textures/items/bedrock_ore_solvent_nonmetal.png
[14:54:00] [Client thread/WARN] [hbm]: No animation metadata found for hbm:items/bedrock_ore_solvent_nonmetal-124
[14:54:00] [Client thread/INFO] [hbm]: Loading texture hbm:textures/blocks/sellafield_slaked_3.png
[14:54:00] [Client thread/WARN] [hbm]: No animation metadata found for hbm:blocks/sellafield_slaked_3-0
[14:54:00] [Client thread/INFO] [hbm]: Loading texture hbm:textures/blocks/sellafield_slaked_3.png
[14:54:00] [Client thread/WARN] [hbm]: No animation metadata found for hbm:blocks/sellafield_slaked_3-3
[14:54:00] [Client thread/INFO] [hbm]: Loading texture hbm:textures/blocks/sellafield_slaked_3.png
[14:54:00] [Client thread/WARN] [hbm]: No animation metadata found for hbm:blocks/sellafield_slaked_3-4
[14:54:00] [Client thread/INFO] [hbm]: Loading texture hbm:textures/blocks/sellafield_slaked_3.png
[14:54:00] [Client thread/WARN] [hbm]: No animation metadata found for hbm:blocks/sellafield_slaked_3-1
[14:54:00] [Client thread/INFO] [hbm]: Loading texture hbm:textures/blocks/sellafield_slaked_3.png
[14:54:00] [Client thread/WARN] [hbm]: No animation metadata found for hbm:blocks/sellafield_slaked_3-2
[14:54:00] [Client thread/INFO] [hbm]: Loading texture hbm:textures/items/bedrock_ore_solvent_nonmetal.png
[14:54:00] [Client thread/WARN] [hbm]: No animation metadata found for hbm:items/bedrock_ore_solvent_nonmetal-130
[14:54:00] [Client thread/INFO] [hbm]: Loading texture hbm:textures/blocks/sellafield_slaked_3.png
[14:54:00] [Client thread/WARN] [hbm]: No animation metadata found for hbm:blocks/sellafield_slaked_3-5
[14:54:00] [Client thread/INFO] [hbm]: Loading texture hbm:textures/items/bedrock_ore_primary_crystal.png
[14:54:00] [Client thread/WARN] [hbm]: No animation metadata found for hbm:items/bedrock_ore_primary_crystal-65
[14:54:00] [Client thread/INFO] [hbm]: Loading texture hbm:textures/items/bedrock_ore_primary_crystal.png
[14:54:00] [Client thread/WARN] [hbm]: No animation metadata found for hbm:items/bedrock_ore_primary_crystal-59
[14:54:00] [Client thread/INFO] [hbm]: Loading texture hbm:textures/items/bedrock_ore_primary_crystal.png
[14:54:00] [Client thread/WARN] [hbm]: No animation metadata found for hbm:items/bedrock_ore_primary_crystal-71
[14:54:00] [Client thread/INFO] [hbm]: Loading texture hbm:textures/items/part_barrel_light.png
[14:54:00] [Client thread/WARN] [hbm]: No animation metadata found for hbm:items/part_barrel_light-bismuthbronze
[14:54:00] [Client thread/WARN] [net.minecraft.client.renderer.texture.TextureMap]: Texture hbm:textures/items/b_smoke8.png with size 8x8 will have visual artifacts at mip level 4, it can only support level 3. Please report to the mod author that the texture should be some multiple of 16x16.
[14:54:00] [Client thread/WARN] [net.minecraft.client.renderer.texture.TextureMap]: Texture hbm:textures/items/b_smoke4.png with size 8x8 will have visual artifacts at mip level 4, it can only support level 3. Please report to the mod author that the texture should be some multiple of 16x16.
[14:54:00] [Client thread/WARN] [net.minecraft.client.renderer.texture.TextureMap]: Texture hbm:textures/items/b_smoke5.png with size 8x8 will have visual artifacts at mip level 4, it can only support level 3. Please report to the mod author that the texture should be some multiple of 16x16.
[14:54:00] [Client thread/WARN] [net.minecraft.client.renderer.texture.TextureMap]: Texture hbm:textures/items/b_smoke6.png with size 8x8 will have visual artifacts at mip level 4, it can only support level 3. Please report to the mod author that the texture should be some multiple of 16x16.
[14:54:00] [Client thread/WARN] [net.minecraft.client.renderer.texture.TextureMap]: Texture hbm:textures/items/b_smoke7.png with size 8x8 will have visual artifacts at mip level 4, it can only support level 3. Please report to the mod author that the texture should be some multiple of 16x16.
[14:54:00] [Client thread/WARN] [net.minecraft.client.renderer.texture.TextureMap]: Texture hbm:textures/items/b_smoke1.png with size 8x8 will have visual artifacts at mip level 4, it can only support level 3. Please report to the mod author that the texture should be some multiple of 16x16.
[14:54:00] [Client thread/WARN] [net.minecraft.client.renderer.texture.TextureMap]: Texture hbm:textures/items/b_smoke2.png with size 8x8 will have visual artifacts at mip level 4, it can only support level 3. Please report to the mod author that the texture should be some multiple of 16x16.
[14:54:00] [Client thread/WARN] [net.minecraft.client.renderer.texture.TextureMap]: Texture hbm:textures/items/b_smoke3.png with size 8x8 will have visual artifacts at mip level 4, it can only support level 3. Please report to the mod author that the texture should be some multiple of 16x16.
[14:54:00] [Client thread/INFO] [hbm]: Loading texture hbm:textures/items/bedrock_ore_fragment.png
[14:54:00] [Client thread/WARN] [hbm]: No animation metadata found for hbm:items/bedrock_ore_fragment-uranium
[14:54:00] [Client thread/WARN] [net.minecraft.client.renderer.texture.TextureMap]: Texture hbm:textures/models/machines/rtg_polonium.png with size 84x84 will have visual artifacts at mip level 4, it can only support level 2. Please report to the mod author that the texture should be some multiple of 16x16.
[14:54:00] [Client thread/INFO] [hbm]: Loading texture hbm:textures/items/part_receiver_heavy.png
[14:54:00] [Client thread/WARN] [hbm]: No animation metadata found for hbm:items/part_receiver_heavy-bismuthbronze
[14:54:00] [Client thread/INFO] [hbm]: Loading texture hbm:textures/items/bedrock_ore_primary_crystal.png
[14:54:00] [Client thread/WARN] [hbm]: No animation metadata found for hbm:items/bedrock_ore_primary_crystal-41
[14:54:00] [Client thread/WARN] [net.minecraft.client.renderer.texture.TextureMap]: Texture hbm:textures/models/network/fluid_diode.png with size 55x55 will have visual artifacts at mip level 4, it can only support level 0. Please report to the mod author that the texture should be some multiple of 16x16.
[14:54:00] [Client thread/INFO] [hbm]: Loading texture hbm:textures/items/bedrock_ore_primary_crystal.png
[14:54:00] [Client thread/WARN] [hbm]: No animation metadata found for hbm:items/bedrock_ore_primary_crystal-35
[14:54:00] [Client thread/INFO] [hbm]: Loading texture hbm:textures/items/bedrock_ore_primary_crystal.png
[14:54:00] [Client thread/WARN] [hbm]: No animation metadata found for hbm:items/bedrock_ore_primary_crystal-53
[14:54:00] [Client thread/INFO] [hbm]: Loading texture hbm:textures/items/bedrock_ore_primary_crystal.png
[14:54:00] [Client thread/WARN] [hbm]: No animation metadata found for hbm:items/bedrock_ore_primary_crystal-47
[14:54:00] [Client thread/INFO] [hbm]: Loading texture hbm:textures/items/part_grip.png
[14:54:00] [Client thread/WARN] [hbm]: No animation metadata found for hbm:items/part_grip-steel
[14:54:00] [Client thread/WARN] [net.minecraft.client.renderer.texture.TextureMap]: Texture hbm:textures/items/orange8.png with size 8x8 will have visual artifacts at mip level 4, it can only support level 3. Please report to the mod author that the texture should be some multiple of 16x16.
[14:54:00] [Client thread/WARN] [net.minecraft.client.renderer.texture.TextureMap]: Texture hbm:textures/items/orange5.png with size 8x8 will have visual artifacts at mip level 4, it can only support level 3. Please report to the mod author that the texture should be some multiple of 16x16.
[14:54:00] [Client thread/WARN] [net.minecraft.client.renderer.texture.TextureMap]: Texture hbm:textures/items/orange4.png with size 8x8 will have visual artifacts at mip level 4, it can only support level 3. Please report to the mod author that the texture should be some multiple of 16x16.
[14:54:00] [Client thread/WARN] [net.minecraft.client.renderer.texture.TextureMap]: Texture hbm:textures/items/orange7.png with size 8x8 will have visual artifacts at mip level 4, it can only support level 3. Please report to the mod author that the texture should be some multiple of 16x16.
[14:54:00] [Client thread/WARN] [net.minecraft.client.renderer.texture.TextureMap]: Texture hbm:textures/items/orange6.png with size 8x8 will have visual artifacts at mip level 4, it can only support level 3. Please report to the mod author that the texture should be some multiple of 16x16.
[14:54:00] [Client thread/WARN] [net.minecraft.client.renderer.texture.TextureMap]: Texture hbm:textures/items/orange1.png with size 8x8 will have visual artifacts at mip level 4, it can only support level 3. Please report to the mod author that the texture should be some multiple of 16x16.
[14:54:00] [Client thread/WARN] [net.minecraft.client.renderer.texture.TextureMap]: Texture hbm:textures/items/orange3.png with size 8x8 will have visual artifacts at mip level 4, it can only support level 3. Please report to the mod author that the texture should be some multiple of 16x16.
[14:54:00] [Client thread/WARN] [net.minecraft.client.renderer.texture.TextureMap]: Texture hbm:textures/items/orange2.png with size 8x8 will have visual artifacts at mip level 4, it can only support level 3. Please report to the mod author that the texture should be some multiple of 16x16.
[14:54:00] [Client thread/INFO] [hbm]: Loading texture hbm:textures/items/part_grip.png
[14:54:00] [Client thread/WARN] [hbm]: No animation metadata found for hbm:items/part_grip-weaponsteel
[14:54:00] [Client thread/INFO] [hbm]: Loading texture hbm:textures/items/bedrock_ore_primary_crystal.png
[14:54:00] [Client thread/WARN] [hbm]: No animation metadata found for hbm:items/bedrock_ore_primary_crystal-29
[14:54:00] [Client thread/INFO] [hbm]: Loading texture hbm:textures/items/bedrock_ore_solvent_nonmetal.png
[14:54:00] [Client thread/WARN] [hbm]: No animation metadata found for hbm:items/bedrock_ore_solvent_nonmetal-112
[14:54:00] [Client thread/INFO] [hbm]: Loading texture hbm:textures/items/bedrock_ore_primary_crystal.png
[14:54:00] [Client thread/WARN] [hbm]: No animation metadata found for hbm:items/bedrock_ore_primary_crystal-23
[14:54:00] [Client thread/INFO] [hbm]: Loading texture hbm:textures/items/bedrock_ore_solvent_nonmetal.png
[14:54:00] [Client thread/WARN] [hbm]: No animation metadata found for hbm:items/bedrock_ore_solvent_nonmetal-118
[14:54:00] [Client thread/INFO] [hbm]: Loading texture hbm:textures/items/scraps.png
[14:54:00] [Client thread/WARN] [hbm]: No animation metadata found for hbm:items/scraps-slag
[14:54:00] [Client thread/INFO] [hbm]: Loading texture hbm:textures/items/bedrock_ore_fragment.png
[14:54:00] [Client thread/WARN] [hbm]: No animation metadata found for hbm:items/bedrock_ore_fragment-cinnabar
[14:54:00] [Client thread/WARN] [net.minecraft.client.renderer.texture.TextureMap]: Texture hbm:textures/models/bombs/nmine.png with size 66x66 will have visual artifacts at mip level 4, it can only support level 1. Please report to the mod author that the texture should be some multiple of 16x16.
[14:54:00] [Client thread/INFO] [hbm]: Loading texture hbm:textures/items/bedrock_ore_fragment.png
[14:54:00] [Client thread/WARN] [hbm]: No animation metadata found for hbm:items/bedrock_ore_fragment-silicon
[14:54:00] [Client thread/WARN] [net.minecraft.client.renderer.texture.TextureMap]: Texture hbm:textures/models/machines/tank.png with size 88x88 will have visual artifacts at mip level 4, it can only support level 3. Please report to the mod author that the texture should be some multiple of 16x16.
[14:54:00] [Client thread/WARN] [net.minecraft.client.renderer.texture.TextureMap]: Texture hbm:textures/models/missile_parts/thrusters/mp_t_15_hydrogen_dual.png with size 72x72 will have visual artifacts at mip level 4, it can only support level 3. Please report to the mod author that the texture should be some multiple of 16x16.
[14:54:00] [Client thread/INFO] [hbm]: Loading texture hbm:textures/items/scraps.png
[14:54:00] [Client thread/WARN] [hbm]: No animation metadata found for hbm:items/scraps-bauxite
[14:54:00] [Client thread/INFO] [hbm]: Loading texture hbm:textures/items/scraps.png
[14:54:00] [Client thread/WARN] [hbm]: No animation metadata found for hbm:items/scraps-cadmium
[14:54:00] [Client thread/INFO] [hbm]: Loading texture hbm:textures/items/part_stock.png
[14:54:00] [Client thread/WARN] [hbm]: No animation metadata found for hbm:items/part_stock-saturnite
[14:54:00] [Client thread/INFO] [hbm]: Loading texture hbm:textures/items/scraps.png
[14:54:00] [Client thread/WARN] [hbm]: No animation metadata found for hbm:items/scraps-rareearth
[14:54:00] [Client thread/INFO] [hbm]: Loading texture hbm:textures/items/scraps.png
[14:54:00] [Client thread/WARN] [hbm]: No animation metadata found for hbm:items/scraps-polymer
[14:54:00] [Client thread/WARN] [net.minecraft.client.renderer.texture.TextureMap]: Texture hbm:textures/models/bombs/ufp.png with size 88x88 will have visual artifacts at mip level 4, it can only support level 3. Please report to the mod author that the texture should be some multiple of 16x16.
[14:54:00] [Client thread/WARN] [net.minecraft.client.renderer.texture.TextureMap]: Texture hbm:textures/models/soyuz_clean/mainengines.png with size 36x36 will have visual artifacts at mip level 4, it can only support level 2. Please report to the mod author that the texture should be some multiple of 16x16.
[14:54:00] [Client thread/WARN] [net.minecraft.client.renderer.texture.TextureMap]: Texture hbm:textures/items/smoke2.png with size 8x8 will have visual artifacts at mip level 4, it can only support level 3. Please report to the mod author that the texture should be some multiple of 16x16.
[14:54:00] [Client thread/WARN] [net.minecraft.client.renderer.texture.TextureMap]: Texture hbm:textures/items/smoke1.png with size 8x8 will have visual artifacts at mip level 4, it can only support level 3. Please report to the mod author that the texture should be some multiple of 16x16.
[14:54:00] [Client thread/WARN] [net.minecraft.client.renderer.texture.TextureMap]: Texture hbm:textures/models/explosion/blackhole.png with size 4x4 will have visual artifacts at mip level 4, it can only support level 2. Please report to the mod author that the texture should be some multiple of 16x16.
[14:54:00] [Client thread/INFO] [hbm]: Loading texture hbm:textures/items/bedrock_ore_sulfuric_nonmetal.png
[14:54:00] [Client thread/WARN] [hbm]: No animation metadata found for hbm:items/bedrock_ore_sulfuric_nonmetal-100
[14:54:00] [Client thread/INFO] [hbm]: Loading texture hbm:textures/items/bedrock_ore_sulfuric_nonmetal.png
[14:54:00] [Client thread/WARN] [hbm]: No animation metadata found for hbm:items/bedrock_ore_sulfuric_nonmetal-106
[14:54:00] [Client thread/INFO] [hbm]: Loading texture hbm:textures/items/scraps.png
[14:54:00] [Client thread/WARN] [hbm]: No animation metadata found for hbm:items/scraps-gunmetal
[14:54:00] [Client thread/INFO] [hbm]: Loading texture hbm:textures/items/bedrock_ore_solvent_heavy.png
[14:54:00] [Client thread/WARN] [hbm]: No animation metadata found for hbm:items/bedrock_ore_solvent_heavy-109
[14:54:00] [Client thread/INFO] [hbm]: Loading texture hbm:textures/items/bedrock_ore_rad_rare.png
[14:54:00] [Client thread/WARN] [hbm]: No animation metadata found for hbm:items/bedrock_ore_rad_rare-152
[14:54:00] [Client thread/INFO] [hbm]: Loading texture hbm:textures/items/plate_cast.png
[14:54:00] [Client thread/WARN] [hbm]: No animation metadata found for hbm:items/plate_cast-schrabidium
[14:54:00] [Client thread/INFO] [hbm]: Loading texture hbm:textures/items/bedrock_ore_rad_rare.png
[14:54:00] [Client thread/WARN] [hbm]: No animation metadata found for hbm:items/bedrock_ore_rad_rare-140
[14:54:00] [Client thread/INFO] [hbm]: Loading texture hbm:textures/items/bedrock_ore_rad_rare.png
[14:54:00] [Client thread/WARN] [hbm]: No animation metadata found for hbm:items/bedrock_ore_rad_rare-146
[14:54:00] [Client thread/WARN] [net.minecraft.client.renderer.texture.TextureMap]: Texture hbm:textures/models/missile_parts/thrusters/mp_t_15_kerosene_dual.png with size 72x72 will have visual artifacts at mip level 4, it can only support level 3. Please report to the mod author that the texture should be some multiple of 16x16.
[14:54:00] [Client thread/INFO] [hbm]: Loading texture hbm:textures/items/bedrock_ore_rad_rare.png
[14:54:00] [Client thread/WARN] [hbm]: No animation metadata found for hbm:items/bedrock_ore_rad_rare-134
[14:54:00] [Client thread/WARN] [net.minecraft.client.renderer.texture.TextureMap]: Texture hbm:textures/models/soyuz_luna/boosterside.png with size 40x40 will have visual artifacts at mip level 4, it can only support level 3. Please report to the mod author that the texture should be some multiple of 16x16.
[14:54:00] [Client thread/INFO] [hbm]: Loading texture hbm:textures/items/bedrock_ore_crumbs_rare.png
[14:54:00] [Client thread/WARN] [hbm]: No animation metadata found for hbm:items/bedrock_ore_crumbs_rare-80
[14:54:00] [Client thread/INFO] [hbm]: Loading texture hbm:textures/items/scraps.png
[14:54:00] [Client thread/WARN] [hbm]: No animation metadata found for hbm:items/scraps-cdalloy
[14:54:00] [Client thread/INFO] [hbm]: Loading texture hbm:textures/items/scraps.png
[14:54:00] [Client thread/WARN] [hbm]: No animation metadata found for hbm:items/scraps-titanium
[14:54:00] [Client thread/INFO] [hbm]: Loading texture hbm:textures/items/bedrock_ore_solvent_heavy.png
[14:54:00] [Client thread/WARN] [hbm]: No animation metadata found for hbm:items/bedrock_ore_solvent_heavy-121
[14:54:00] [Client thread/INFO] [hbm]: Loading texture hbm:textures/items/bedrock_ore_solvent_heavy.png
[14:54:00] [Client thread/WARN] [hbm]: No animation metadata found for hbm:items/bedrock_ore_solvent_heavy-127
[14:54:00] [Client thread/WARN] [net.minecraft.client.renderer.texture.TextureMap]: Texture hbm:textures/models/missile_parts/thrusters/mp_t_15_balefire_large_rad.png with size 94x94 will have visual artifacts at mip level 4, it can only support level 1. Please report to the mod author that the texture should be some multiple of 16x16.
[14:54:00] [Client thread/WARN] [net.minecraft.client.renderer.texture.TextureMap]: Texture hbm:textures/models/missile_parts/warheads/mp_w_15_incendiary.png with size 72x72 will have visual artifacts at mip level 4, it can only support level 3. Please report to the mod author that the texture should be some multiple of 16x16.
[14:54:00] [Client thread/WARN] [net.minecraft.client.renderer.texture.TextureMap]: Texture hbm:textures/blocks/rtg_polonium.png with size 84x84 will have visual artifacts at mip level 4, it can only support level 2. Please report to the mod author that the texture should be some multiple of 16x16.
[14:54:00] [Client thread/INFO] [hbm]: Loading texture hbm:textures/items/bedrock_ore_solvent_heavy.png
[14:54:00] [Client thread/WARN] [hbm]: No animation metadata found for hbm:items/bedrock_ore_solvent_heavy-115
[14:54:00] [Client thread/INFO] [hbm]: Loading texture hbm:textures/items/scraps.png
[14:54:00] [Client thread/WARN] [hbm]: No animation metadata found for hbm:items/scraps-zirconium
[14:54:00] [Client thread/INFO] [hbm]: Loading texture hbm:textures/items/part_grip.png
[14:54:00] [Client thread/WARN] [hbm]: No animation metadata found for hbm:items/part_grip-saturnite
[14:54:00] [Client thread/INFO] [hbm]: Loading texture hbm:textures/items/part_grip.png
[14:54:00] [Client thread/WARN] [hbm]: No animation metadata found for hbm:items/part_grip-durasteel
[14:54:00] [Client thread/WARN] [net.minecraft.client.renderer.texture.TextureMap]: Texture hbm:textures/blocks/rtg_cell.png with size 84x84 will have visual artifacts at mip level 4, it can only support level 2. Please report to the mod author that the texture should be some multiple of 16x16.
[14:54:00] [Client thread/INFO] [hbm]: Loading texture hbm:textures/items/scraps.png
[14:54:00] [Client thread/WARN] [hbm]: No animation metadata found for hbm:items/scraps-ghiorsium336
[14:54:00] [Client thread/INFO] [hbm]: Loading texture hbm:textures/items/bedrock_ore_base_actinide.png
[14:54:00] [Client thread/WARN] [hbm]: No animation metadata found for hbm:items/bedrock_ore_base_actinide-15
[14:54:00] [Client thread/INFO] [hbm]: Loading texture hbm:textures/items/plate_welded.png
[14:54:00] [Client thread/WARN] [hbm]: No animation metadata found for hbm:items/plate_welded-iron
[14:54:00] [Client thread/WARN] [net.minecraft.client.renderer.texture.TextureMap]: Texture hbm:textures/models/soyuz/payload.png with size 172x172 will have visual artifacts at mip level 4, it can only support level 2. Please report to the mod author that the texture should be some multiple of 16x16.
[14:54:00] [Client thread/INFO] [hbm]: Loading texture hbm:textures/items/bedrock_ore_sulfuric_crystal.png
[14:54:00] [Client thread/WARN] [hbm]: No animation metadata found for hbm:items/bedrock_ore_sulfuric_crystal-101
[14:54:00] [Client thread/INFO] [hbm]: Loading texture hbm:textures/items/bedrock_ore_base_light.png
[14:54:00] [Client thread/WARN] [hbm]: No animation metadata found for hbm:items/bedrock_ore_base_light-0
[14:54:00] [Client thread/INFO] [hbm]: Loading texture hbm:textures/items/bedrock_ore_sulfuric_crystal.png
[14:54:00] [Client thread/WARN] [hbm]: No animation metadata found for hbm:items/bedrock_ore_sulfuric_crystal-107
[14:54:00] [Client thread/INFO] [hbm]: Loading texture hbm:textures/items/bedrock_ore_base_light.png
[14:54:00] [Client thread/WARN] [hbm]: No animation metadata found for hbm:items/bedrock_ore_base_light-6
[14:54:00] [Client thread/INFO] [hbm]: Loading texture hbm:textures/items/scraps.png
[14:54:00] [Client thread/WARN] [hbm]: No animation metadata found for hbm:items/scraps-solinium
[14:54:00] [Client thread/INFO] [hbm]: Loading texture hbm:textures/items/pipe.png
[14:54:00] [Client thread/WARN] [hbm]: No animation metadata found for hbm:items/pipe-durasteel
[14:54:00] [Client thread/INFO] [hbm]: Loading texture hbm:textures/items/bolt.png
[14:54:00] [Client thread/WARN] [hbm]: No animation metadata found for hbm:items/bolt-tungsten
[14:54:00] [Client thread/INFO] [hbm]: Loading texture hbm:textures/items/bedrock_ore_base_actinide.png
[14:54:00] [Client thread/WARN] [hbm]: No animation metadata found for hbm:items/bedrock_ore_base_actinide-9
[14:54:00] [Client thread/INFO] [hbm]: Loading texture hbm:textures/items/scraps.png
[14:54:00] [Client thread/WARN] [hbm]: No animation metadata found for hbm:items/scraps-osmiridium
[14:54:00] [Client thread/INFO] [hbm]: Loading texture hbm:textures/items/scraps.png
[14:54:00] [Client thread/WARN] [hbm]: No animation metadata found for hbm:items/scraps-uranium235
[14:54:00] [Client thread/INFO] [hbm]: Loading texture hbm:textures/items/scraps.png
[14:54:00] [Client thread/WARN] [hbm]: No animation metadata found for hbm:items/scraps-uranium233
[14:54:00] [Client thread/INFO] [hbm]: Loading texture hbm:textures/items/scraps.png
[14:54:00] [Client thread/WARN] [hbm]: No animation metadata found for hbm:items/scraps-uranium238
[14:54:00] [Client thread/INFO] [hbm]: Loading texture hbm:textures/items/bedrock_ore_base_actinide.png
[14:54:00] [Client thread/WARN] [hbm]: No animation metadata found for hbm:items/bedrock_ore_base_actinide-3
[14:54:00] [Client thread/INFO] [hbm]: Loading texture hbm:textures/items/bedrock_ore_fragment.png
[14:54:00] [Client thread/WARN] [hbm]: No animation metadata found for hbm:items/bedrock_ore_fragment-sodalite
[14:54:00] [Client thread/INFO] [hbm]: Loading texture hbm:textures/items/scraps.png
[14:54:00] [Client thread/WARN] [hbm]: No animation metadata found for hbm:items/scraps-weaponsteel
[14:54:00] [Client thread/INFO] [hbm]: Loading texture hbm:textures/items/bedrock_ore_base_crystal.png
[14:54:00] [Client thread/WARN] [hbm]: No animation metadata found for hbm:items/bedrock_ore_base_crystal-17
[14:54:00] [Client thread/INFO] [hbm]: Loading texture hbm:textures/items/bedrock_ore_base_crystal.png
[14:54:00] [Client thread/WARN] [hbm]: No animation metadata found for hbm:items/bedrock_ore_base_crystal-11
[14:54:00] [Client thread/INFO] [hbm]: Loading texture hbm:textures/items/wire_dense.png
[14:54:00] [Client thread/WARN] [hbm]: No animation metadata found for hbm:items/wire_dense-titanium
[14:54:00] [Client thread/INFO] [hbm]: Loading texture hbm:textures/items/part_grip.png
[14:54:00] [Client thread/WARN] [hbm]: No animation metadata found for hbm:items/part_grip-gunmetal
[14:54:00] [Client thread/INFO] [hbm]: Loading texture hbm:textures/items/scraps.png
[14:54:00] [Client thread/WARN] [hbm]: No animation metadata found for hbm:items/scraps-durasteel
[14:54:00] [Client thread/INFO] [hbm]: Loading texture hbm:textures/items/watz_pellet_depleted.png
[14:54:00] [Client thread/WARN] [hbm]: No animation metadata found for hbm:items/watz_pellet_depleted-10
[14:54:00] [Client thread/INFO] [hbm]: Loading texture hbm:textures/items/bedrock_ore_primary_heavy.png
[14:54:00] [Client thread/WARN] [hbm]: No animation metadata found for hbm:items/bedrock_ore_primary_heavy-61
[14:54:00] [Client thread/INFO] [hbm]: Loading texture hbm:textures/items/bedrock_ore_primary_heavy.png
[14:54:00] [Client thread/WARN] [hbm]: No animation metadata found for hbm:items/bedrock_ore_primary_heavy-67
[14:54:00] [Client thread/WARN] [net.minecraft.client.renderer.texture.TextureMap]: Texture hbm:textures/models/missile_parts/thrusters/mp_t_15_balefire_e.png with size 72x72 will have visual artifacts at mip level 4, it can only support level 3. Please report to the mod author that the texture should be some multiple of 16x16.
[14:54:00] [Client thread/WARN] [net.minecraft.client.renderer.texture.TextureMap]: Texture hbm:textures/items/chlorine8.png with size 8x8 will have visual artifacts at mip level 4, it can only support level 3. Please report to the mod author that the texture should be some multiple of 16x16.
[14:54:00] [Client thread/WARN] [net.minecraft.client.renderer.texture.TextureMap]: Texture hbm:textures/items/chlorine6.png with size 8x8 will have visual artifacts at mip level 4, it can only support level 3. Please report to the mod author that the texture should be some multiple of 16x16.
[14:54:00] [Client thread/WARN] [net.minecraft.client.renderer.texture.TextureMap]: Texture hbm:textures/items/chlorine7.png with size 8x8 will have visual artifacts at mip level 4, it can only support level 3. Please report to the mod author that the texture should be some multiple of 16x16.
[14:54:00] [Client thread/WARN] [net.minecraft.client.renderer.texture.TextureMap]: Texture hbm:textures/items/chlorine4.png with size 8x8 will have visual artifacts at mip level 4, it can only support level 3. Please report to the mod author that the texture should be some multiple of 16x16.
[14:54:00] [Client thread/WARN] [net.minecraft.client.renderer.texture.TextureMap]: Texture hbm:textures/items/chlorine5.png with size 8x8 will have visual artifacts at mip level 4, it can only support level 3. Please report to the mod author that the texture should be some multiple of 16x16.
[14:54:00] [Client thread/WARN] [net.minecraft.client.renderer.texture.TextureMap]: Texture hbm:textures/items/chlorine2.png with size 8x8 will have visual artifacts at mip level 4, it can only support level 3. Please report to the mod author that the texture should be some multiple of 16x16.
[14:54:00] [Client thread/WARN] [net.minecraft.client.renderer.texture.TextureMap]: Texture hbm:textures/items/chlorine3.png with size 8x8 will have visual artifacts at mip level 4, it can only support level 3. Please report to the mod author that the texture should be some multiple of 16x16.
[14:54:00] [Client thread/WARN] [net.minecraft.client.renderer.texture.TextureMap]: Texture hbm:textures/items/chlorine1.png with size 8x8 will have visual artifacts at mip level 4, it can only support level 3. Please report to the mod author that the texture should be some multiple of 16x16.
[14:54:00] [Client thread/INFO] [hbm]: Loading texture hbm:textures/items/bedrock_ore_primary_heavy.png
[14:54:00] [Client thread/WARN] [hbm]: No animation metadata found for hbm:items/bedrock_ore_primary_heavy-55
[14:54:00] [Client thread/INFO] [hbm]: Loading texture hbm:textures/items/bedrock_ore_primary_heavy.png
[14:54:00] [Client thread/WARN] [hbm]: No animation metadata found for hbm:items/bedrock_ore_primary_heavy-73
[14:54:00] [Client thread/INFO] [hbm]: Loading texture hbm:textures/items/watz_pellet_depleted.png
[14:54:00] [Client thread/WARN] [hbm]: No animation metadata found for hbm:items/watz_pellet_depleted-11
[14:54:00] [Client thread/INFO] [hbm]: Loading texture hbm:textures/items/part_receiver_light.png
[14:54:00] [Client thread/WARN] [hbm]: No animation metadata found for hbm:items/part_receiver_light-steel
[14:54:00] [Client thread/INFO] [hbm]: Loading texture hbm:textures/items/bedrock_ore_crumbs_actinide.png
[14:54:00] [Client thread/WARN] [hbm]: No animation metadata found for hbm:items/bedrock_ore_crumbs_actinide-81
[14:54:00] [Client thread/INFO] [hbm]: Loading texture hbm:textures/items/scraps.png
[14:54:00] [Client thread/WARN] [hbm]: No animation metadata found for hbm:items/scraps-saturnite
[14:54:00] [Client thread/INFO] [hbm]: Loading texture hbm:textures/items/bedrock_ore_rad_light.png
[14:54:00] [Client thread/WARN] [hbm]: No animation metadata found for hbm:items/bedrock_ore_rad_light-150
[14:54:00] [Client thread/INFO] [hbm]: Loading texture hbm:textures/items/bedrock_ore_fragment.png
[14:54:00] [Client thread/WARN] [hbm]: No animation metadata found for hbm:items/bedrock_ore_fragment-niobium
[14:54:00] [Client thread/WARN] [net.minecraft.client.renderer.texture.TextureMap]: Texture hbm:textures/items/pc3.png with size 8x8 will have visual artifacts at mip level 4, it can only support level 3. Please report to the mod author that the texture should be some multiple of 16x16.
[14:54:00] [Client thread/WARN] [net.minecraft.client.renderer.texture.TextureMap]: Texture hbm:textures/items/pc4.png with size 8x8 will have visual artifacts at mip level 4, it can only support level 3. Please report to the mod author that the texture should be some multiple of 16x16.
[14:54:00] [Client thread/WARN] [net.minecraft.client.renderer.texture.TextureMap]: Texture hbm:textures/items/pc1.png with size 8x8 will have visual artifacts at mip level 4, it can only support level 3. Please report to the mod author that the texture should be some multiple of 16x16.
[14:54:00] [Client thread/WARN] [net.minecraft.client.renderer.texture.TextureMap]: Texture hbm:textures/items/pc2.png with size 8x8 will have visual artifacts at mip level 4, it can only support level 3. Please report to the mod author that the texture should be some multiple of 16x16.
[14:54:00] [Client thread/WARN] [net.minecraft.client.renderer.texture.TextureMap]: Texture hbm:textures/items/pc7.png with size 8x8 will have visual artifacts at mip level 4, it can only support level 3. Please report to the mod author that the texture should be some multiple of 16x16.
[14:54:00] [Client thread/WARN] [net.minecraft.client.renderer.texture.TextureMap]: Texture hbm:textures/items/pc8.png with size 8x8 will have visual artifacts at mip level 4, it can only support level 3. Please report to the mod author that the texture should be some multiple of 16x16.
[14:54:00] [Client thread/WARN] [net.minecraft.client.renderer.texture.TextureMap]: Texture hbm:textures/items/pc5.png with size 8x8 will have visual artifacts at mip level 4, it can only support level 3. Please report to the mod author that the texture should be some multiple of 16x16.
[14:54:00] [Client thread/WARN] [net.minecraft.client.renderer.texture.TextureMap]: Texture hbm:textures/items/pc6.png with size 8x8 will have visual artifacts at mip level 4, it can only support level 3. Please report to the mod author that the texture should be some multiple of 16x16.
[14:54:00] [Client thread/INFO] [hbm]: Loading texture hbm:textures/items/bedrock_ore_rad_light.png
[14:54:00] [Client thread/WARN] [hbm]: No animation metadata found for hbm:items/bedrock_ore_rad_light-144
[14:54:00] [Client thread/INFO] [hbm]: Loading texture hbm:textures/items/plate_cast.png
[14:54:00] [Client thread/WARN] [hbm]: No animation metadata found for hbm:items/plate_cast-zirconium
[14:54:00] [Client thread/INFO] [hbm]: Loading texture hbm:textures/blocks/sellafield_slaked_1.png
[14:54:00] [Client thread/WARN] [hbm]: No animation metadata found for hbm:blocks/sellafield_slaked_1-1
[14:54:00] [Client thread/INFO] [hbm]: Loading texture hbm:textures/blocks/sellafield_slaked_1.png
[14:54:00] [Client thread/WARN] [hbm]: No animation metadata found for hbm:blocks/sellafield_slaked_1-2
[14:54:00] [Client thread/INFO] [hbm]: Loading texture hbm:textures/blocks/sellafield_slaked_1.png
[14:54:00] [Client thread/WARN] [hbm]: No animation metadata found for hbm:blocks/sellafield_slaked_1-0
[14:54:00] [Client thread/INFO] [hbm]: Loading texture hbm:textures/blocks/sellafield_slaked_1.png
[14:54:00] [Client thread/WARN] [hbm]: No animation metadata found for hbm:blocks/sellafield_slaked_1-5
[14:54:00] [Client thread/INFO] [hbm]: Loading texture hbm:textures/blocks/sellafield_slaked_1.png
[14:54:00] [Client thread/WARN] [hbm]: No animation metadata found for hbm:blocks/sellafield_slaked_1-3
[14:54:00] [Client thread/INFO] [hbm]: Loading texture hbm:textures/blocks/sellafield_slaked_1.png
[14:54:00] [Client thread/WARN] [hbm]: No animation metadata found for hbm:blocks/sellafield_slaked_1-4
[14:54:00] [Client thread/INFO] [hbm]: Loading texture hbm:textures/items/wire_dense.png
[14:54:00] [Client thread/WARN] [hbm]: No animation metadata found for hbm:items/wire_dense-schrabidate
[14:54:00] [Client thread/WARN] [net.minecraft.client.renderer.texture.TextureMap]: Texture hbm:textures/models/soyuz_clean/boosterside.png with size 40x40 will have visual artifacts at mip level 4, it can only support level 3. Please report to the mod author that the texture should be some multiple of 16x16.
[14:54:00] [Client thread/INFO] [hbm]: Loading texture hbm:textures/items/scraps.png
[14:54:00] [Client thread/WARN] [hbm]: No animation metadata found for hbm:items/scraps-lead209
[14:54:00] [Client thread/WARN] [net.minecraft.client.renderer.texture.TextureMap]: Texture hbm:textures/models/soyuz/topstage.png with size 166x166 will have visual artifacts at mip level 4, it can only support level 1. Please report to the mod author that the texture should be some multiple of 16x16.
[14:54:00] [Client thread/WARN] [net.minecraft.client.renderer.texture.TextureMap]: Texture hbm:textures/models/missiles/bobmazon.png with size 100x100 will have visual artifacts at mip level 4, it can only support level 2. Please report to the mod author that the texture should be some multiple of 16x16.
[14:54:00] [Client thread/WARN] [net.minecraft.client.renderer.texture.TextureMap]: Texture immersiveengineering:textures/models/blueprint_frame.png with size 56x56 will have visual artifacts at mip level 4, it can only support level 3. Please report to the mod author that the texture should be some multiple of 16x16.
[14:54:00] [Client thread/INFO] [hbm]: Loading texture hbm:textures/items/scraps.png
[14:54:00] [Client thread/WARN] [hbm]: No animation metadata found for hbm:items/scraps-starmetal
[14:54:00] [Client thread/WARN] [net.minecraft.client.renderer.texture.TextureMap]: Texture hbm:textures/models/soyuz_luna/payload.png with size 172x172 will have visual artifacts at mip level 4, it can only support level 2. Please report to the mod author that the texture should be some multiple of 16x16.
[14:54:00] [Client thread/INFO] [hbm]: Loading texture hbm:textures/items/bedrock_ore_base_nonmetal.png
[14:54:00] [Client thread/WARN] [hbm]: No animation metadata found for hbm:items/bedrock_ore_base_nonmetal-16
[14:54:00] [Client thread/INFO] [hbm]: Loading texture hbm:textures/items/bedrock_ore_base_nonmetal.png
[14:54:00] [Client thread/WARN] [hbm]: No animation metadata found for hbm:items/bedrock_ore_base_nonmetal-10
[14:54:00] [Client thread/INFO] [hbm]: Loading texture hbm:textures/items/shell.png
[14:54:00] [Client thread/WARN] [hbm]: No animation metadata found for hbm:items/shell-aluminum
[14:54:00] [Client thread/INFO] [hbm]: Loading texture hbm:textures/items/part_receiver_light.png
[14:54:00] [Client thread/WARN] [hbm]: No animation metadata found for hbm:items/part_receiver_light-gunmetal
[14:54:00] [Client thread/INFO] [hbm]: Loading texture hbm:textures/items/scraps.png
[14:54:00] [Client thread/WARN] [hbm]: No animation metadata found for hbm:items/scraps-neodymium
[14:54:00] [Client thread/INFO] [hbm]: Loading texture hbm:textures/items/scraps.png
[14:54:00] [Client thread/WARN] [hbm]: No animation metadata found for hbm:items/scraps-schraranium
[14:54:00] [Client thread/INFO] [hbm]: Loading texture hbm:textures/items/scraps.png
[14:54:00] [Client thread/WARN] [hbm]: No animation metadata found for hbm:items/scraps-lithium
[14:54:00] [Client thread/INFO] [hbm]: Loading texture hbm:textures/items/bedrock_ore_fragment.png
[14:54:00] [Client thread/WARN] [hbm]: No animation metadata found for hbm:items/bedrock_ore_fragment-thorium232
[14:54:00] [Client thread/WARN] [net.minecraft.client.renderer.texture.TextureMap]: Texture hbm:textures/models/missile_parts/thrusters/mp_t_15_hydrogen.png with size 76x76 will have visual artifacts at mip level 4, it can only support level 2. Please report to the mod author that the texture should be some multiple of 16x16.
[14:54:00] [Client thread/WARN] [net.minecraft.client.renderer.texture.TextureMap]: Texture hbm:textures/models/pheodoors/vehicle_door.png with size 388x388 will have visual artifacts at mip level 4, it can only support level 2. Please report to the mod author that the texture should be some multiple of 16x16.
[14:54:00] [Client thread/INFO] [hbm]: Loading texture hbm:textures/items/bedrock_ore_fragment.png
[14:54:00] [Client thread/WARN] [hbm]: No animation metadata found for hbm:items/bedrock_ore_fragment-coal
[14:54:00] [Client thread/INFO] [hbm]: Loading texture hbm:textures/items/wire_fine.png
[14:54:00] [Client thread/WARN] [hbm]: No animation metadata found for hbm:items/wire_fine-lead
[14:54:00] [Client thread/INFO] [hbm]: Loading texture hbm:textures/items/scraps.png
[14:54:00] [Client thread/WARN] [hbm]: No animation metadata found for hbm:items/scraps-stone
[14:54:00] [Client thread/INFO] [hbm]: Loading texture hbm:textures/items/plate_cast.png
[14:54:00] [Client thread/WARN] [hbm]: No animation metadata found for hbm:items/plate_cast-iron
[14:54:00] [Client thread/WARN] [net.minecraft.client.renderer.texture.TextureMap]: Texture hbm:textures/models/soyuz_clean/booster.png with size 300x300 will have visual artifacts at mip level 4, it can only support level 2. Please report to the mod author that the texture should be some multiple of 16x16.
[14:54:00] [Client thread/INFO] [hbm]: Loading texture hbm:textures/items/scraps.png
[14:54:00] [Client thread/WARN] [hbm]: No animation metadata found for hbm:items/scraps-redstone
[14:54:00] [Client thread/INFO] [hbm]: Loading texture hbm:textures/items/scraps.png
[14:54:00] [Client thread/WARN] [hbm]: No animation metadata found for hbm:items/scraps-molysite
[14:54:00] [Client thread/INFO] [hbm]: Loading texture hbm:textures/items/scraps.png
[14:54:00] [Client thread/WARN] [hbm]: No animation metadata found for hbm:items/scraps-coal
[14:54:00] [Client thread/WARN] [net.minecraft.client.renderer.texture.TextureMap]: Texture hbm:textures/models/missile_parts/warheads/mp_w_10_cloud.png with size 56x56 will have visual artifacts at mip level 4, it can only support level 3. Please report to the mod author that the texture should be some multiple of 16x16.
[14:54:00] [Client thread/INFO] [hbm]: Loading texture hbm:textures/items/part_grip.png
[14:54:00] [Client thread/WARN] [hbm]: No animation metadata found for hbm:items/part_grip-polycarbonate
[14:54:00] [Client thread/INFO] [hbm]: Loading texture hbm:textures/items/bedrock_ore_fragment.png
[14:54:00] [Client thread/WARN] [hbm]: No animation metadata found for hbm:items/bedrock_ore_fragment-molysite
[14:54:00] [Client thread/INFO] [hbm]: Loading texture hbm:textures/items/scraps.png
[14:54:00] [Client thread/WARN] [hbm]: No animation metadata found for hbm:items/scraps-niobium
[14:54:00] [Client thread/INFO] [hbm]: Loading texture hbm:textures/items/part_receiver_light.png
[14:54:00] [Client thread/WARN] [hbm]: No animation metadata found for hbm:items/part_receiver_light-bismuthbronze
[14:54:00] [Client thread/INFO] [hbm]: Loading texture hbm:textures/blocks/sellafield_slaked_2.png
[14:54:00] [Client thread/WARN] [hbm]: No animation metadata found for hbm:blocks/sellafield_slaked_2-0
[14:54:00] [Client thread/INFO] [hbm]: Loading texture hbm:textures/blocks/sellafield_slaked_2.png
[14:54:00] [Client thread/WARN] [hbm]: No animation metadata found for hbm:blocks/sellafield_slaked_2-1
[14:54:00] [Client thread/INFO] [hbm]: Loading texture hbm:textures/blocks/sellafield_slaked_2.png
[14:54:00] [Client thread/WARN] [hbm]: No animation metadata found for hbm:blocks/sellafield_slaked_2-4
[14:54:00] [Client thread/INFO] [hbm]: Loading texture hbm:textures/blocks/sellafield_slaked_2.png
[14:54:00] [Client thread/WARN] [hbm]: No animation metadata found for hbm:blocks/sellafield_slaked_2-5
[14:54:00] [Client thread/INFO] [hbm]: Loading texture hbm:textures/blocks/sellafield_slaked_2.png
[14:54:00] [Client thread/WARN] [hbm]: No animation metadata found for hbm:blocks/sellafield_slaked_2-2
[14:54:00] [Client thread/INFO] [hbm]: Loading texture hbm:textures/blocks/sellafield_slaked_2.png
[14:54:00] [Client thread/WARN] [hbm]: No animation metadata found for hbm:blocks/sellafield_slaked_2-3
[14:54:00] [Client thread/INFO] [hbm]: Loading texture hbm:textures/items/scraps.png
[14:54:00] [Client thread/WARN] [hbm]: No animation metadata found for hbm:items/scraps-dineutronium
[14:54:00] [Client thread/WARN] [net.minecraft.client.renderer.texture.TextureMap]: Texture hbm:textures/models/misc/poster.png with size 100x100 will have visual artifacts at mip level 4, it can only support level 2. Please report to the mod author that the texture should be some multiple of 16x16.
[14:54:00] [Client thread/INFO] [hbm]: Loading texture hbm:textures/items/scraps.png
[14:54:00] [Client thread/WARN] [hbm]: No animation metadata found for hbm:items/scraps-cinnabar
[14:54:00] [Client thread/INFO] [hbm]: Loading texture hbm:textures/items/part_receiver_light.png
[14:54:00] [Client thread/WARN] [hbm]: No animation metadata found for hbm:items/part_receiver_light-arsenicbronze
[14:54:00] [Client thread/INFO] [hbm]: Loading texture hbm:textures/items/ingot_raw.png
[14:54:00] [Client thread/WARN] [hbm]: No animation metadata found for hbm:items/ingot_raw-neodymium
[14:54:00] [Client thread/INFO] [hbm]: Loading texture hbm:textures/items/part_grip.png
[14:54:00] [Client thread/WARN] [hbm]: No animation metadata found for hbm:items/part_grip-rubber
[14:54:00] [Client thread/WARN] [net.minecraft.client.renderer.texture.TextureMap]: Texture hbm:textures/models/pheodoors/airlock_door_clean.png with size 227x227 will have visual artifacts at mip level 4, it can only support level 0. Please report to the mod author that the texture should be some multiple of 16x16.
[14:54:00] [Client thread/INFO] [hbm]: Loading texture hbm:textures/items/bedrock_ore_fragment.png
[14:54:00] [Client thread/WARN] [hbm]: No animation metadata found for hbm:items/bedrock_ore_fragment-borax
[14:54:00] [Client thread/INFO] [hbm]: Loading texture hbm:textures/items/bedrock_ore_sulfuric_actinide.png
[14:54:00] [Client thread/WARN] [hbm]: No animation metadata found for hbm:items/bedrock_ore_sulfuric_actinide-99
[14:54:00] [Client thread/INFO] [hbm]: Loading texture hbm:textures/items/plate_cast.png
[14:54:00] [Client thread/WARN] [hbm]: No animation metadata found for hbm:items/plate_cast-copper
[14:54:00] [Client thread/INFO] [hbm]: Loading texture hbm:textures/items/bedrock_ore_sulfuric_actinide.png
[14:54:00] [Client thread/WARN] [hbm]: No animation metadata found for hbm:items/bedrock_ore_sulfuric_actinide-93
[14:54:00] [Client thread/WARN] [net.minecraft.client.renderer.texture.TextureMap]: Texture hbm:textures/models/missile_parts/fuselages/mp_f_10_15_kerosene.png with size 168x168 will have visual artifacts at mip level 4, it can only support level 3. Please report to the mod author that the texture should be some multiple of 16x16.
[14:54:00] [Client thread/INFO] [hbm]: Loading texture hbm:textures/items/bedrock_ore_sulfuric_heavy.png
[14:54:00] [Client thread/WARN] [hbm]: No animation metadata found for hbm:items/bedrock_ore_sulfuric_heavy-103
[14:54:00] [Client thread/INFO] [hbm]: Loading texture hbm:textures/items/bedrock_ore_sulfuric_actinide.png
[14:54:00] [Client thread/WARN] [hbm]: No animation metadata found for hbm:items/bedrock_ore_sulfuric_actinide-87
[14:54:00] [Client thread/INFO] [hbm]: Loading texture hbm:textures/items/scraps.png
[14:54:00] [Client thread/WARN] [hbm]: No animation metadata found for hbm:items/scraps-bone
[14:54:00] [Client thread/WARN] [net.minecraft.client.renderer.texture.TextureMap]: Texture hbm:textures/blocks/deco_computer.png with size 66x66 will have visual artifacts at mip level 4, it can only support level 1. Please report to the mod author that the texture should be some multiple of 16x16.
[14:54:00] [Client thread/INFO] [hbm]: Loading texture hbm:textures/items/plate_welded.png
[14:54:00] [Client thread/WARN] [hbm]: No animation metadata found for hbm:items/plate_welded-tcalloy
[14:54:00] [Client thread/INFO] [hbm]: Loading texture hbm:textures/items/scraps.png
[14:54:00] [Client thread/WARN] [hbm]: No animation metadata found for hbm:items/scraps-saltpeter
[14:54:00] [Client thread/INFO] [hbm]: Loading texture hbm:textures/items/part_stock.png
[14:54:00] [Client thread/WARN] [hbm]: No animation metadata found for hbm:items/part_stock-workersalloy
[14:54:00] [Client thread/WARN] [net.minecraft.client.renderer.texture.TextureMap]: Texture hbm:textures/models/pheodoors/vault/label_111.png with size 13x13 will have visual artifacts at mip level 4, it can only support level 0. Please report to the mod author that the texture should be some multiple of 16x16.
[14:54:00] [Client thread/INFO] [hbm]: Loading texture hbm:textures/items/bedrock_ore_sulfuric_nonmetal.png
[14:54:00] [Client thread/WARN] [hbm]: No animation metadata found for hbm:items/bedrock_ore_sulfuric_nonmetal-94
[14:54:00] [Client thread/WARN] [net.minecraft.client.renderer.texture.TextureMap]: Texture hbm:textures/models/pheodoors/vault/label_101.png with size 13x13 will have visual artifacts at mip level 4, it can only support level 0. Please report to the mod author that the texture should be some multiple of 16x16.
[14:54:00] [Client thread/WARN] [net.minecraft.client.renderer.texture.TextureMap]: Texture hbm:textures/models/pheodoors/vault/label_106.png with size 13x13 will have visual artifacts at mip level 4, it can only support level 0. Please report to the mod author that the texture should be some multiple of 16x16.
[14:54:00] [Client thread/INFO] [hbm]: Loading texture hbm:textures/items/plate_cast.png
[14:54:00] [Client thread/WARN] [hbm]: No animation metadata found for hbm:items/plate_cast-gold
[14:54:00] [Client thread/INFO] [hbm]: Loading texture hbm:textures/items/bedrock_ore_fragment.png
[14:54:00] [Client thread/WARN] [hbm]: No animation metadata found for hbm:items/bedrock_ore_fragment-sulfur
[14:54:00] [Client thread/WARN] [net.minecraft.client.renderer.texture.TextureMap]: Texture hbm:textures/items/discharge.png with size 24x24 will have visual artifacts at mip level 4, it can only support level 3. Please report to the mod author that the texture should be some multiple of 16x16.
[14:54:00] [Client thread/WARN] [net.minecraft.client.renderer.texture.TextureMap]: Texture hbm:textures/items/discharge_e.png with size 24x24 will have visual artifacts at mip level 4, it can only support level 3. Please report to the mod author that the texture should be some multiple of 16x16.
[14:54:00] [Client thread/INFO] [hbm]: Loading texture hbm:textures/items/bedrock_ore_fragment.png
[14:54:00] [Client thread/WARN] [hbm]: No animation metadata found for hbm:items/bedrock_ore_fragment-tantalum
[14:54:00] [Client thread/INFO] [hbm]: Loading texture hbm:textures/items/scraps.png
[14:54:00] [Client thread/WARN] [hbm]: No animation metadata found for hbm:items/scraps-lignitecoke
[14:54:00] [Client thread/WARN] [net.minecraft.client.renderer.texture.TextureMap]: Texture hbm:textures/models/misc/duchessgambit.png with size 598x598 will have visual artifacts at mip level 4, it can only support level 1. Please report to the mod author that the texture should be some multiple of 16x16.
[14:54:00] [Client thread/INFO] [hbm]: Loading texture hbm:textures/items/scraps.png
[14:54:00] [Client thread/WARN] [hbm]: No animation metadata found for hbm:items/scraps-chlorocalcite
[14:54:00] [Client thread/INFO] [hbm]: Loading texture hbm:textures/items/scraps.png
[14:54:00] [Client thread/WARN] [hbm]: No animation metadata found for hbm:items/scraps-borax
[14:54:00] [Client thread/WARN] [net.minecraft.client.renderer.texture.TextureMap]: Texture hbm:textures/models/soyuz/boosterside.png with size 40x40 will have visual artifacts at mip level 4, it can only support level 3. Please report to the mod author that the texture should be some multiple of 16x16.
[14:54:00] [Client thread/INFO] [hbm]: Loading texture hbm:textures/items/scraps.png
[14:54:00] [Client thread/WARN] [hbm]: No animation metadata found for hbm:items/scraps-calcium
[14:54:00] [Client thread/INFO] [hbm]: Loading texture hbm:textures/items/wire_dense.png
[14:54:00] [Client thread/WARN] [hbm]: No animation metadata found for hbm:items/wire_dense-bscco
[14:54:00] [Client thread/WARN] [net.minecraft.client.renderer.texture.TextureMap]: Texture hbm:textures/models/pheodoors/vault/label_99.png with size 13x13 will have visual artifacts at mip level 4, it can only support level 0. Please report to the mod author that the texture should be some multiple of 16x16.
[14:54:00] [Client thread/WARN] [net.minecraft.client.renderer.texture.TextureMap]: Texture hbm:textures/models/pheodoors/vault/label_81.png with size 13x13 will have visual artifacts at mip level 4, it can only support level 0. Please report to the mod author that the texture should be some multiple of 16x16.
[14:54:00] [Client thread/WARN] [net.minecraft.client.renderer.texture.TextureMap]: Texture hbm:textures/models/pheodoors/vault/label_87.png with size 13x13 will have visual artifacts at mip level 4, it can only support level 0. Please report to the mod author that the texture should be some multiple of 16x16.
[14:54:00] [Client thread/INFO] [hbm]: Loading texture hbm:textures/items/plate_cast.png
[14:54:00] [Client thread/WARN] [hbm]: No animation metadata found for hbm:items/plate_cast-starmetal
[14:54:00] [Client thread/INFO] [hbm]: Loading texture hbm:textures/items/part_receiver_light.png
[14:54:00] [Client thread/WARN] [hbm]: No animation metadata found for hbm:items/part_receiver_light-tcalloy
[14:54:00] [Client thread/WARN] [net.minecraft.client.renderer.texture.TextureMap]: Texture hbm:textures/models/missile_parts/warheads/mp_w_15_n2.png with size 74x74 will have visual artifacts at mip level 4, it can only support level 1. Please report to the mod author that the texture should be some multiple of 16x16.
[14:54:00] [Client thread/INFO] [hbm]: Loading texture hbm:textures/items/bedrock_ore_base_crystal.png
[14:54:00] [Client thread/WARN] [hbm]: No animation metadata found for hbm:items/bedrock_ore_base_crystal-5
[14:54:00] [Client thread/WARN] [net.minecraft.client.renderer.texture.TextureMap]: Texture hbm:textures/models/tools/shimmer_sledge.png with size 51x51 will have visual artifacts at mip level 4, it can only support level 0. Please report to the mod author that the texture should be some multiple of 16x16.
[14:54:00] [Client thread/INFO] [hbm]: Loading texture hbm:textures/items/part_barrel_heavy.png
[14:54:00] [Client thread/WARN] [hbm]: No animation metadata found for hbm:items/part_barrel_heavy-workersalloy
[14:54:00] [Client thread/INFO] [hbm]: Loading texture hbm:textures/items/watz_pellet_depleted.png
[14:54:00] [Client thread/WARN] [hbm]: No animation metadata found for hbm:items/watz_pellet_depleted-1
[14:54:00] [Client thread/WARN] [net.minecraft.client.renderer.texture.TextureMap]: Texture hbm:textures/models/missiles/minerrocket_gerald.png with size 100x100 will have visual artifacts at mip level 4, it can only support level 2. Please report to the mod author that the texture should be some multiple of 16x16.
[14:54:00] [Client thread/INFO] [hbm]: Loading texture hbm:textures/items/watz_pellet_depleted.png
[14:54:00] [Client thread/WARN] [hbm]: No animation metadata found for hbm:items/watz_pellet_depleted-0
[14:54:00] [Client thread/INFO] [hbm]: Loading texture hbm:textures/items/watz_pellet_depleted.png
[14:54:00] [Client thread/WARN] [hbm]: No animation metadata found for hbm:items/watz_pellet_depleted-3
[14:54:00] [Client thread/INFO] [hbm]: Loading texture hbm:textures/items/watz_pellet_depleted.png
[14:54:00] [Client thread/WARN] [hbm]: No animation metadata found for hbm:items/watz_pellet_depleted-2
[14:54:00] [Client thread/INFO] [hbm]: Loading texture hbm:textures/items/watz_pellet_depleted.png
[14:54:00] [Client thread/WARN] [hbm]: No animation metadata found for hbm:items/watz_pellet_depleted-5
[14:54:00] [Client thread/INFO] [hbm]: Loading texture hbm:textures/items/watz_pellet_depleted.png
[14:54:00] [Client thread/WARN] [hbm]: No animation metadata found for hbm:items/watz_pellet_depleted-4
[14:54:00] [Client thread/INFO] [hbm]: Loading texture hbm:textures/items/watz_pellet_depleted.png
[14:54:00] [Client thread/WARN] [hbm]: No animation metadata found for hbm:items/watz_pellet_depleted-7
[14:54:00] [Client thread/INFO] [hbm]: Loading texture hbm:textures/items/watz_pellet_depleted.png
[14:54:00] [Client thread/WARN] [hbm]: No animation metadata found for hbm:items/watz_pellet_depleted-6
[14:54:00] [Client thread/INFO] [hbm]: Loading texture hbm:textures/items/watz_pellet_depleted.png
[14:54:00] [Client thread/WARN] [hbm]: No animation metadata found for hbm:items/watz_pellet_depleted-9
[14:54:00] [Client thread/INFO] [hbm]: Loading texture hbm:textures/items/watz_pellet_depleted.png
[14:54:00] [Client thread/WARN] [hbm]: No animation metadata found for hbm:items/watz_pellet_depleted-8
[14:54:00] [Client thread/INFO] [hbm]: Loading texture hbm:textures/items/bedrock_ore_fragment.png
[14:54:00] [Client thread/WARN] [hbm]: No animation metadata found for hbm:items/bedrock_ore_fragment-copper
[14:54:00] [Client thread/INFO] [hbm]: Loading texture hbm:textures/items/scraps.png
[14:54:00] [Client thread/WARN] [hbm]: No animation metadata found for hbm:items/scraps-boron
[14:54:00] [Client thread/WARN] [net.minecraft.client.renderer.texture.TextureMap]: Texture hbm:textures/models/missile_parts/warheads/mp_w_15_he.png with size 72x72 will have visual artifacts at mip level 4, it can only support level 3. Please report to the mod author that the texture should be some multiple of 16x16.
[14:54:00] [Client thread/WARN] [net.minecraft.client.renderer.texture.TextureMap]: Texture hbm:textures/models/soyuz_luna/les.png with size 82x82 will have visual artifacts at mip level 4, it can only support level 1. Please report to the mod author that the texture should be some multiple of 16x16.
[14:54:00] [Client thread/WARN] [net.minecraft.client.renderer.texture.TextureMap]: Texture hbm:textures/models/missile_parts/warheads/mp_w_15_balefire.png with size 72x72 will have visual artifacts at mip level 4, it can only support level 3. Please report to the mod author that the texture should be some multiple of 16x16.
[14:54:00] [Client thread/INFO] [hbm]: Loading texture hbm:textures/items/bolt.png
[14:54:00] [Client thread/WARN] [hbm]: No animation metadata found for hbm:items/bolt-lead
[14:54:00] [Client thread/INFO] [hbm]: Loading texture hbm:textures/items/ingot_raw.png
[14:54:00] [Client thread/WARN] [hbm]: No animation metadata found for hbm:items/ingot_raw-borax
[14:54:00] [Client thread/WARN] [net.minecraft.client.renderer.texture.TextureMap]: Texture hbm:textures/items/empblast.png with size 24x24 will have visual artifacts at mip level 4, it can only support level 3. Please report to the mod author that the texture should be some multiple of 16x16.
[14:54:00] [Client thread/INFO] [hbm]: Loading texture hbm:textures/items/bedrock_ore_fragment.png
[14:54:00] [Client thread/WARN] [hbm]: No animation metadata found for hbm:items/bedrock_ore_fragment-emerald
[14:54:00] [Client thread/INFO] [hbm]: Loading texture hbm:textures/items/plate_cast.png
[14:54:00] [Client thread/WARN] [hbm]: No animation metadata found for hbm:items/plate_cast-durasteel
[14:54:00] [Client thread/INFO] [hbm]: Loading texture hbm:textures/items/part_receiver_heavy.png
[14:54:00] [Client thread/WARN] [hbm]: No animation metadata found for hbm:items/part_receiver_heavy-weaponsteel
[14:54:00] [Client thread/WARN] [net.minecraft.client.renderer.texture.TextureMap]: Texture hbm:textures/models/missile_parts/stability/mp_s_10_space.png with size 22x22 will have visual artifacts at mip level 4, it can only support level 1. Please report to the mod author that the texture should be some multiple of 16x16.
[14:54:00] [Client thread/INFO] [hbm]: Loading texture hbm:textures/items/part_barrel_light.png
[14:54:00] [Client thread/WARN] [hbm]: No animation metadata found for hbm:items/part_barrel_light-workersalloy
[14:54:00] [Client thread/WARN] [net.minecraft.client.renderer.texture.TextureMap]: Texture hbm:textures/blocks/deco_tape_recorder_flipped_e.png with size 56x56 will have visual artifacts at mip level 4, it can only support level 3. Please report to the mod author that the texture should be some multiple of 16x16.
[14:54:00] [Client thread/INFO] [hbm]: Loading texture hbm:textures/items/plate_cast.png
[14:54:00] [Client thread/WARN] [hbm]: No animation metadata found for hbm:items/plate_cast-aluminum
[14:54:00] [Client thread/INFO] [hbm]: Loading texture hbm:textures/items/bedrock_ore_fragment.png
[14:54:00] [Client thread/WARN] [hbm]: No animation metadata found for hbm:items/bedrock_ore_fragment-titanium
[14:54:00] [Client thread/WARN] [net.minecraft.client.renderer.texture.TextureMap]: Texture hbm:textures/models/machines/rtg_cell_flipped.png with size 84x84 will have visual artifacts at mip level 4, it can only support level 2. Please report to the mod author that the texture should be some multiple of 16x16.
[14:54:00] [Client thread/INFO] [hbm]: Loading texture hbm:textures/items/scraps.png
[14:54:00] [Client thread/WARN] [hbm]: No animation metadata found for hbm:items/scraps-arsenic
[14:54:00] [Client thread/INFO] [hbm]: Loading texture hbm:textures/items/bedrock_ore_crumbs_heavy.png
[14:54:00] [Client thread/WARN] [hbm]: No animation metadata found for hbm:items/bedrock_ore_crumbs_heavy-79
[14:54:00] [Client thread/INFO] [hbm]: Loading texture hbm:textures/items/scraps.png
[14:54:00] [Client thread/WARN] [hbm]: No animation metadata found for hbm:items/scraps-iron
[14:54:00] [Client thread/INFO] [hbm]: Loading texture hbm:textures/items/plate_cast.png
[14:54:00] [Client thread/WARN] [hbm]: No animation metadata found for hbm:items/plate_cast-saturnite
[14:54:00] [Client thread/INFO] [hbm]: Loading texture hbm:textures/items/bedrock_ore_fragment.png
[14:54:00] [Client thread/WARN] [hbm]: No animation metadata found for hbm:items/bedrock_ore_fragment-iron
[14:54:00] [Client thread/WARN] [net.minecraft.client.renderer.texture.TextureMap]: Texture hbm:textures/models/soyuz_clean/sideengines.png with size 40x40 will have visual artifacts at mip level 4, it can only support level 3. Please report to the mod author that the texture should be some multiple of 16x16.
[14:54:00] [Client thread/INFO] [hbm]: Loading texture hbm:textures/items/shell.png
[14:54:00] [Client thread/WARN] [hbm]: No animation metadata found for hbm:items/shell-steel
[14:54:00] [Client thread/INFO] [hbm]: Loading texture hbm:textures/items/scraps.png
[14:54:00] [Client thread/WARN] [hbm]: No animation metadata found for hbm:items/scraps-plutonium240
[14:54:00] [Client thread/INFO] [hbm]: Loading texture hbm:textures/items/scraps.png
[14:54:00] [Client thread/WARN] [hbm]: No animation metadata found for hbm:items/scraps-plutonium241
[14:54:00] [Client thread/INFO] [hbm]: Loading texture hbm:textures/items/scraps.png
[14:54:00] [Client thread/WARN] [hbm]: No animation metadata found for hbm:items/scraps-plutonium239
[14:54:00] [Client thread/INFO] [hbm]: Loading texture hbm:textures/items/scraps.png
[14:54:00] [Client thread/WARN] [hbm]: No animation metadata found for hbm:items/scraps-plutonium238
[14:54:00] [Client thread/WARN] [net.minecraft.client.renderer.texture.TextureMap]: Texture hbm:textures/items/drax_mk3.png with size 26x26 will have visual artifacts at mip level 4, it can only support level 1. Please report to the mod author that the texture should be some multiple of 16x16.
[14:54:00] [Client thread/WARN] [net.minecraft.client.renderer.texture.TextureMap]: Texture hbm:textures/items/drax_mk2.png with size 26x26 will have visual artifacts at mip level 4, it can only support level 1. Please report to the mod author that the texture should be some multiple of 16x16.
[14:54:00] [Client thread/INFO] [hbm]: Loading texture hbm:textures/items/part_barrel_light.png
[14:54:00] [Client thread/WARN] [hbm]: No animation metadata found for hbm:items/part_barrel_light-durasteel
[14:54:00] [Client thread/INFO] [hbm]: Loading texture hbm:textures/items/bedrock_ore_base_light.png
[14:54:00] [Client thread/WARN] [hbm]: No animation metadata found for hbm:items/bedrock_ore_base_light-12
[14:54:00] [Client thread/INFO] [hbm]: Loading texture hbm:textures/items/part_receiver_heavy.png
[14:54:00] [Client thread/WARN] [hbm]: No animation metadata found for hbm:items/part_receiver_heavy-cdalloy
[14:54:00] [Client thread/INFO] [hbm]: Loading texture hbm:textures/items/scraps.png
[14:54:00] [Client thread/WARN] [hbm]: No animation metadata found for hbm:items/scraps-plutonium
[14:54:00] [Client thread/INFO] [hbm]: Loading texture hbm:textures/items/scraps.png
[14:54:00] [Client thread/WARN] [hbm]: No animation metadata found for hbm:items/scraps-redphosphorus
[14:54:00] [Client thread/INFO] [hbm]: Loading texture hbm:textures/items/bedrock_ore_fragment.png
[14:54:00] [Client thread/WARN] [hbm]: No animation metadata found for hbm:items/bedrock_ore_fragment-cobalt
[14:54:00] [Client thread/INFO] [hbm]: Loading texture hbm:textures/items/bedrock_ore_fragment.png
[14:54:00] [Client thread/WARN] [hbm]: No animation metadata found for hbm:items/bedrock_ore_fragment-diamond
[14:54:00] [Client thread/WARN] [net.minecraft.client.renderer.texture.TextureMap]: Texture hbm:textures/models/soyuz_clean/lesthrusters.png with size 40x40 will have visual artifacts at mip level 4, it can only support level 3. Please report to the mod author that the texture should be some multiple of 16x16.
[14:54:00] [Client thread/INFO] [hbm]: Loading texture hbm:textures/items/bedrock_ore_base_heavy.png
[14:54:00] [Client thread/WARN] [hbm]: No animation metadata found for hbm:items/bedrock_ore_base_heavy-1
[14:54:00] [Client thread/INFO] [hbm]: Loading texture hbm:textures/items/bedrock_ore_base_heavy.png
[14:54:00] [Client thread/WARN] [hbm]: No animation metadata found for hbm:items/bedrock_ore_base_heavy-7
[14:54:00] [Client thread/WARN] [net.minecraft.client.renderer.texture.TextureMap]: Texture hbm:textures/blocks/rtg.png with size 84x84 will have visual artifacts at mip level 4, it can only support level 2. Please report to the mod author that the texture should be some multiple of 16x16.
[14:54:00] [Client thread/WARN] [net.minecraft.client.renderer.texture.TextureMap]: Texture hbm:textures/models/soyuz/payloadblocks.png with size 100x100 will have visual artifacts at mip level 4, it can only support level 2. Please report to the mod author that the texture should be some multiple of 16x16.
[14:54:00] [Client thread/INFO] [hbm]: Loading texture hbm:textures/items/part_mechanism.png
[14:54:00] [Client thread/WARN] [hbm]: No animation metadata found for hbm:items/part_mechanism-weaponsteel
[14:54:00] [Client thread/INFO] [hbm]: Loading texture hbm:textures/items/scraps.png
[14:54:00] [Client thread/WARN] [hbm]: No animation metadata found for hbm:items/scraps-sulfur
[14:54:00] [Client thread/INFO] [hbm]: Loading texture hbm:textures/items/scraps.png
[14:54:00] [Client thread/WARN] [hbm]: No animation metadata found for hbm:items/scraps-flux
[14:54:00] [Client thread/WARN] [net.minecraft.client.renderer.texture.TextureMap]: Texture hbm:textures/models/soyuz_authentic/topstage.png with size 166x166 will have visual artifacts at mip level 4, it can only support level 1. Please report to the mod author that the texture should be some multiple of 16x16.
[14:54:00] [Client thread/INFO] [hbm]: Loading texture hbm:textures/items/scraps.png
[14:54:00] [Client thread/WARN] [hbm]: No animation metadata found for hbm:items/scraps-watzmud
[14:54:00] [Client thread/INFO] [hbm]: Loading texture hbm:textures/items/pipe.png
[14:54:00] [Client thread/WARN] [hbm]: No animation metadata found for hbm:items/pipe-iron
[14:54:00] [Client thread/INFO] [hbm]: Loading texture hbm:textures/items/bedrock_ore_fragment.png
[14:54:00] [Client thread/WARN] [hbm]: No animation metadata found for hbm:items/bedrock_ore_fragment-radium226
[14:54:00] [Client thread/WARN] [net.minecraft.client.renderer.texture.TextureMap]: Texture hbm:textures/models/weapons/g3.png with size 259x259 will have visual artifacts at mip level 4, it can only support level 0. Please report to the mod author that the texture should be some multiple of 16x16.
[14:54:00] [Client thread/INFO] [hbm]: Loading texture hbm:textures/items/shell.png
[14:54:00] [Client thread/WARN] [hbm]: No animation metadata found for hbm:items/shell-saturnite
[14:54:00] [Client thread/INFO] [hbm]: Loading texture hbm:textures/items/bedrock_ore_rad_nonmetal.png
[14:54:00] [Client thread/WARN] [hbm]: No animation metadata found for hbm:items/bedrock_ore_rad_nonmetal-154
[14:54:00] [Client thread/INFO] [hbm]: Loading texture hbm:textures/items/part_barrel_light.png
[14:54:00] [Client thread/WARN] [hbm]: No animation metadata found for hbm:items/part_barrel_light-saturnite
[14:54:00] [Client thread/WARN] [net.minecraft.client.renderer.texture.TextureMap]: Texture hbm:textures/items/drax_mk3_e.png with size 26x26 will have visual artifacts at mip level 4, it can only support level 1. Please report to the mod author that the texture should be some multiple of 16x16.
[14:54:00] [Client thread/INFO] [hbm]: Loading texture hbm:textures/items/bedrock_ore_rad_nonmetal.png
[14:54:00] [Client thread/WARN] [hbm]: No animation metadata found for hbm:items/bedrock_ore_rad_nonmetal-136
[14:54:00] [Client thread/INFO] [hbm]: Loading texture hbm:textures/items/bedrock_ore_rad_nonmetal.png
[14:54:00] [Client thread/WARN] [hbm]: No animation metadata found for hbm:items/bedrock_ore_rad_nonmetal-148
[14:54:00] [Client thread/INFO] [hbm]: Loading texture hbm:textures/items/wire_fine.png
[14:54:00] [Client thread/WARN] [hbm]: No animation metadata found for hbm:items/wire_fine-steel
[14:54:00] [Client thread/INFO] [hbm]: Loading texture hbm:textures/items/bedrock_ore_rad_nonmetal.png
[14:54:00] [Client thread/WARN] [hbm]: No animation metadata found for hbm:items/bedrock_ore_rad_nonmetal-142
[14:54:00] [Client thread/WARN] [net.minecraft.client.renderer.texture.TextureMap]: Texture hbm:textures/models/soyuz_luna/mainengines.png with size 36x36 will have visual artifacts at mip level 4, it can only support level 2. Please report to the mod author that the texture should be some multiple of 16x16.
[14:54:00] [Client thread/INFO] [hbm]: Loading texture hbm:textures/items/bedrock_ore_fragment.png
[14:54:00] [Client thread/WARN] [hbm]: No animation metadata found for hbm:items/bedrock_ore_fragment-strontium
[14:54:00] [Client thread/INFO] [hbm]: Loading texture hbm:textures/items/scraps.png
[14:54:00] [Client thread/WARN] [hbm]: No animation metadata found for hbm:items/scraps-obsidian
[14:54:00] [Client thread/WARN] [net.minecraft.client.renderer.texture.TextureMap]: Texture hbm:textures/items/cloud8.png with size 8x8 will have visual artifacts at mip level 4, it can only support level 3. Please report to the mod author that the texture should be some multiple of 16x16.
[14:54:00] [Client thread/WARN] [net.minecraft.client.renderer.texture.TextureMap]: Texture hbm:textures/items/cloud7.png with size 8x8 will have visual artifacts at mip level 4, it can only support level 3. Please report to the mod author that the texture should be some multiple of 16x16.
[14:54:00] [Client thread/WARN] [net.minecraft.client.renderer.texture.TextureMap]: Texture hbm:textures/items/cloud2.png with size 8x8 will have visual artifacts at mip level 4, it can only support level 3. Please report to the mod author that the texture should be some multiple of 16x16.
[14:54:00] [Client thread/WARN] [net.minecraft.client.renderer.texture.TextureMap]: Texture hbm:textures/items/cloud1.png with size 8x8 will have visual artifacts at mip level 4, it can only support level 3. Please report to the mod author that the texture should be some multiple of 16x16.
[14:54:00] [Client thread/WARN] [net.minecraft.client.renderer.texture.TextureMap]: Texture hbm:textures/items/cloud6.png with size 8x8 will have visual artifacts at mip level 4, it can only support level 3. Please report to the mod author that the texture should be some multiple of 16x16.
[14:54:00] [Client thread/WARN] [net.minecraft.client.renderer.texture.TextureMap]: Texture hbm:textures/items/cloud5.png with size 8x8 will have visual artifacts at mip level 4, it can only support level 3. Please report to the mod author that the texture should be some multiple of 16x16.
[14:54:00] [Client thread/WARN] [net.minecraft.client.renderer.texture.TextureMap]: Texture hbm:textures/items/cloud4.png with size 8x8 will have visual artifacts at mip level 4, it can only support level 3. Please report to the mod author that the texture should be some multiple of 16x16.
[14:54:00] [Client thread/INFO] [hbm]: Loading texture hbm:textures/items/scraps.png
[14:54:00] [Client thread/WARN] [hbm]: No animation metadata found for hbm:items/scraps-arsenicbronze
[14:54:00] [Client thread/WARN] [net.minecraft.client.renderer.texture.TextureMap]: Texture hbm:textures/items/cloud3.png with size 8x8 will have visual artifacts at mip level 4, it can only support level 3. Please report to the mod author that the texture should be some multiple of 16x16.
[14:54:00] [Client thread/INFO] [hbm]: Loading texture hbm:textures/items/scraps.png
[14:54:00] [Client thread/WARN] [hbm]: No animation metadata found for hbm:items/scraps-silicon
[14:54:00] [Client thread/INFO] [hbm]: Loading texture hbm:textures/items/plate_cast.png
[14:54:00] [Client thread/WARN] [hbm]: No animation metadata found for hbm:items/plate_cast-workersalloy
[14:54:00] [Client thread/INFO] [hbm]: Loading texture hbm:textures/items/scraps.png
[14:54:00] [Client thread/WARN] [hbm]: No animation metadata found for hbm:items/scraps-technetium99
[14:54:00] [Client thread/INFO] [hbm]: Loading texture hbm:textures/items/bedrock_ore_fragment.png
[14:54:00] [Client thread/WARN] [hbm]: No animation metadata found for hbm:items/bedrock_ore_fragment-bauxite
[14:54:00] [Client thread/INFO] [hbm]: Loading texture hbm:textures/items/part_grip.png
[14:54:00] [Client thread/WARN] [hbm]: No animation metadata found for hbm:items/part_grip-polymer
[14:54:00] [Client thread/INFO] [hbm]: Loading texture hbm:textures/items/scraps.png
[14:54:00] [Client thread/WARN] [hbm]: No animation metadata found for hbm:items/scraps-asbestos
[14:54:00] [Client thread/INFO] [hbm]: Loading texture hbm:textures/items/scraps.png
[14:54:00] [Client thread/WARN] [hbm]: No animation metadata found for hbm:items/scraps-gold
[14:54:00] [Client thread/INFO] [hbm]: Loading texture hbm:textures/items/plate_cast.png
[14:54:00] [Client thread/WARN] [hbm]: No animation metadata found for hbm:items/plate_cast-titanium
[14:54:00] [Client thread/INFO] [hbm]: Loading texture hbm:textures/items/scraps.png
[14:54:00] [Client thread/WARN] [hbm]: No animation metadata found for hbm:items/scraps-plutoniumrg
[14:54:00] [Client thread/INFO] [hbm]: Loading texture hbm:textures/items/bedrock_ore_fragment.png
[14:54:00] [Client thread/WARN] [hbm]: No animation metadata found for hbm:items/bedrock_ore_fragment-cryolite
[14:54:00] [Client thread/WARN] [net.minecraft.client.renderer.texture.TextureMap]: Texture hbm:textures/models/missile_parts/stability/mp_s_15_flat.png with size 34x34 will have visual artifacts at mip level 4, it can only support level 1. Please report to the mod author that the texture should be some multiple of 16x16.
[14:54:00] [Client thread/WARN] [net.minecraft.client.renderer.texture.TextureMap]: Texture hbm:textures/models/soyuz/sideengines.png with size 40x40 will have visual artifacts at mip level 4, it can only support level 3. Please report to the mod author that the texture should be some multiple of 16x16.
[14:54:00] [Client thread/INFO] [hbm]: Loading texture hbm:textures/items/plate_welded.png
[14:54:00] [Client thread/WARN] [hbm]: No animation metadata found for hbm:items/plate_welded-tungsten
[14:54:00] [Client thread/INFO] [hbm]: Loading texture hbm:textures/items/scraps.png
[14:54:00] [Client thread/WARN] [hbm]: No animation metadata found for hbm:items/scraps-bscco
[14:54:00] [Client thread/INFO] [hbm]: Loading texture hbm:textures/items/plate_welded.png
[14:54:00] [Client thread/WARN] [hbm]: No animation metadata found for hbm:items/plate_welded-cdalloy
[14:54:00] [Client thread/INFO] [hbm]: Loading texture hbm:textures/items/bedrock_ore_sulfuric_nonmetal.png
[14:54:00] [Client thread/WARN] [hbm]: No animation metadata found for hbm:items/bedrock_ore_sulfuric_nonmetal-88
[14:54:00] [Client thread/WARN] [net.minecraft.client.renderer.texture.TextureMap]: Texture hbm:textures/models/missile_parts/stability/mp_s_15_soyuz.png with size 36x36 will have visual artifacts at mip level 4, it can only support level 2. Please report to the mod author that the texture should be some multiple of 16x16.
[14:54:00] [Client thread/INFO] [hbm]: Loading texture hbm:textures/items/scraps.png
[14:54:00] [Client thread/WARN] [hbm]: No animation metadata found for hbm:items/scraps-tcalloy
[14:54:00] [Client thread/WARN] [net.minecraft.client.renderer.texture.TextureMap]: Texture srparasites:textures/particle/particle_pure2.png with size 6x6 will have visual artifacts at mip level 4, it can only support level 1. Please report to the mod author that the texture should be some multiple of 16x16.
[14:54:00] [Client thread/WARN] [net.minecraft.client.renderer.texture.TextureMap]: Texture srparasites:textures/particle/particle_pure1.png with size 6x6 will have visual artifacts at mip level 4, it can only support level 1. Please report to the mod author that the texture should be some multiple of 16x16.
[14:54:00] [Client thread/INFO] [hbm]: Loading texture hbm:textures/items/wire_dense.png
[14:54:00] [Client thread/WARN] [hbm]: No animation metadata found for hbm:items/wire_dense-starmetal
[14:54:00] [Client thread/WARN] [net.minecraft.client.renderer.texture.TextureMap]: Texture hbm:textures/models/weapons/g3_zebra.png with size 259x259 will have visual artifacts at mip level 4, it can only support level 0. Please report to the mod author that the texture should be some multiple of 16x16.
[14:54:00] [Client thread/INFO] [hbm]: Loading texture hbm:textures/items/part_receiver_light.png
[14:54:00] [Client thread/WARN] [hbm]: No animation metadata found for hbm:items/part_receiver_light-weaponsteel
[14:54:00] [Client thread/INFO] [hbm]: Loading texture hbm:textures/items/plate_cast.png
[14:54:00] [Client thread/WARN] [hbm]: No animation metadata found for hbm:items/plate_cast-tungsten
[14:54:00] [Client thread/WARN] [net.minecraft.client.renderer.texture.TextureMap]: Texture hbm:textures/models/machines/rtg_cell.png with size 84x84 will have visual artifacts at mip level 4, it can only support level 2. Please report to the mod author that the texture should be some multiple of 16x16.
[14:54:00] [Client thread/WARN] [net.minecraft.client.renderer.texture.TextureMap]: Texture hbm:textures/models/soyuz_luna/lesthrusters.png with size 40x40 will have visual artifacts at mip level 4, it can only support level 3. Please report to the mod author that the texture should be some multiple of 16x16.
[14:54:00] [Client thread/INFO] [hbm]: Loading texture hbm:textures/items/bedrock_ore_fragment.png
[14:54:00] [Client thread/WARN] [hbm]: No animation metadata found for hbm:items/bedrock_ore_fragment-boron
[14:54:00] [Client thread/WARN] [net.minecraft.client.renderer.texture.TextureMap]: Texture hbm:textures/models/machines/rtg.png with size 84x84 will have visual artifacts at mip level 4, it can only support level 2. Please report to the mod author that the texture should be some multiple of 16x16.
[14:54:00] [Client thread/INFO] [hbm]: Loading texture hbm:textures/items/part_grip.png
[14:54:00] [Client thread/WARN] [hbm]: No animation metadata found for hbm:items/part_grip-wood
[14:54:00] [Client thread/INFO] [hbm]: Loading texture hbm:textures/items/bedrock_ore_fragment.png
[14:54:00] [Client thread/WARN] [hbm]: No animation metadata found for hbm:items/bedrock_ore_fragment-aluminum
[14:54:00] [Client thread/INFO] [hbm]: Loading texture hbm:textures/items/part_barrel_heavy.png
[14:54:00] [Client thread/WARN] [hbm]: No animation metadata found for hbm:items/part_barrel_heavy-gunmetal
[14:54:00] [Client thread/WARN] [net.minecraft.client.renderer.texture.TextureMap]: Texture hbm:textures/models/missile_parts/thrusters/mp_t_15_balefire.png with size 72x72 will have visual artifacts at mip level 4, it can only support level 3. Please report to the mod author that the texture should be some multiple of 16x16.
[14:54:00] [Client thread/INFO] [hbm]: Loading texture hbm:textures/items/bedrock_ore_sulfuric_actinide.png
[14:54:00] [Client thread/WARN] [hbm]: No animation metadata found for hbm:items/bedrock_ore_sulfuric_actinide-105
[14:54:00] [Client thread/INFO] [hbm]: Loading texture hbm:textures/items/part_barrel_light.png
[14:54:00] [Client thread/WARN] [hbm]: No animation metadata found for hbm:items/part_barrel_light-cdalloy
[14:54:00] [Client thread/INFO] [hbm]: Loading texture hbm:textures/items/bedrock_ore_solvent_actinide.png
[14:54:00] [Client thread/WARN] [hbm]: No animation metadata found for hbm:items/bedrock_ore_solvent_actinide-123
[14:54:00] [Client thread/INFO] [hbm]: Loading texture hbm:textures/items/part_barrel_heavy.png
[14:54:00] [Client thread/WARN] [hbm]: No animation metadata found for hbm:items/part_barrel_heavy-steel
[14:54:00] [Client thread/INFO] [hbm]: Loading texture hbm:textures/items/bedrock_ore_solvent_actinide.png
[14:54:00] [Client thread/WARN] [hbm]: No animation metadata found for hbm:items/bedrock_ore_solvent_actinide-117
[14:54:00] [Client thread/INFO] [hbm]: Loading texture hbm:textures/items/bedrock_ore_solvent_actinide.png
[14:54:00] [Client thread/WARN] [hbm]: No animation metadata found for hbm:items/bedrock_ore_solvent_actinide-111
[14:54:00] [Client thread/INFO] [hbm]: Loading texture hbm:textures/items/scraps.png
[14:54:00] [Client thread/WARN] [hbm]: No animation metadata found for hbm:items/scraps-copper
[14:54:00] [Client thread/INFO] [hbm]: Loading texture hbm:textures/items/plate_cast.png
[14:54:00] [Client thread/WARN] [hbm]: No animation metadata found for hbm:items/plate_cast-tcalloy
[14:54:00] [Client thread/INFO] [hbm]: Loading texture hbm:textures/items/bedrock_ore_solvent_actinide.png
[14:54:00] [Client thread/WARN] [hbm]: No animation metadata found for hbm:items/bedrock_ore_solvent_actinide-129
[14:54:00] [Client thread/INFO] [hbm]: Loading texture hbm:textures/items/scraps.png
[14:54:00] [Client thread/WARN] [hbm]: No animation metadata found for hbm:items/scraps-gold198
[14:54:00] [Client thread/WARN] [net.minecraft.client.renderer.texture.TextureMap]: Texture hbm:textures/particle/debug_fluid.png with size 8x8 will have visual artifacts at mip level 4, it can only support level 3. Please report to the mod author that the texture should be some multiple of 16x16.
[14:54:00] [Client thread/INFO] [hbm]: Loading texture hbm:textures/items/part_barrel_heavy.png
[14:54:00] [Client thread/WARN] [hbm]: No animation metadata found for hbm:items/part_barrel_heavy-ferrouranium
[14:54:00] [Client thread/WARN] [net.minecraft.client.renderer.texture.TextureMap]: Texture hbm:textures/models/missile_parts/stability/mp_s_15_thin.png with size 34x34 will have visual artifacts at mip level 4, it can only support level 1. Please report to the mod author that the texture should be some multiple of 16x16.
[14:54:00] [Client thread/INFO] [hbm]: Loading texture hbm:textures/items/bedrock_ore_primary_light.png
[14:54:00] [Client thread/WARN] [hbm]: No animation metadata found for hbm:items/bedrock_ore_primary_light-42
[14:54:00] [Client thread/WARN] [net.minecraft.client.renderer.texture.TextureMap]: Texture hbm:textures/models/explosion/tomblast.png with size 1025x1025 will have visual artifacts at mip level 4, it can only support level 0. Please report to the mod author that the texture should be some multiple of 16x16.
[14:54:00] [Client thread/INFO] [hbm]: Loading texture hbm:textures/items/bedrock_ore_primary_light.png
[14:54:00] [Client thread/WARN] [hbm]: No animation metadata found for hbm:items/bedrock_ore_primary_light-36
[14:54:00] [Client thread/INFO] [hbm]: Loading texture hbm:textures/items/bedrock_ore_fragment.png
[14:54:00] [Client thread/WARN] [hbm]: No animation metadata found for hbm:items/bedrock_ore_fragment-polonium210
[14:54:00] [Client thread/INFO] [hbm]: Loading texture hbm:textures/items/shell.png
[14:54:00] [Client thread/WARN] [hbm]: No animation metadata found for hbm:items/shell-titanium
[14:54:00] [Client thread/INFO] [hbm]: Loading texture hbm:textures/items/bedrock_ore_primary_light.png
[14:54:00] [Client thread/WARN] [hbm]: No animation metadata found for hbm:items/bedrock_ore_primary_light-30
[14:54:00] [Client thread/INFO] [hbm]: Loading texture hbm:textures/items/bedrock_ore_primary_light.png
[14:54:00] [Client thread/WARN] [hbm]: No animation metadata found for hbm:items/bedrock_ore_primary_light-24
[14:54:00] [Client thread/WARN] [net.minecraft.client.renderer.texture.TextureMap]: Texture hbm:textures/models/missiles/minerrocket.png with size 100x100 will have visual artifacts at mip level 4, it can only support level 2. Please report to the mod author that the texture should be some multiple of 16x16.
[14:54:00] [Client thread/INFO] [hbm]: Loading texture hbm:textures/items/ingot_raw.png
[14:54:00] [Client thread/WARN] [hbm]: No animation metadata found for hbm:items/ingot_raw-sodium
[14:54:00] [Client thread/INFO] [hbm]: Loading texture hbm:textures/items/bedrock_ore_primary_light.png
[14:54:00] [Client thread/WARN] [hbm]: No animation metadata found for hbm:items/bedrock_ore_primary_light-60
[14:54:00] [Client thread/WARN] [net.minecraft.client.renderer.texture.TextureMap]: Texture hbm:textures/models/soyuz_authentic/les.png with size 82x82 will have visual artifacts at mip level 4, it can only support level 1. Please report to the mod author that the texture should be some multiple of 16x16.
[14:54:00] [Client thread/INFO] [hbm]: Loading texture hbm:textures/items/bedrock_ore_primary_light.png
[14:54:00] [Client thread/WARN] [hbm]: No animation metadata found for hbm:items/bedrock_ore_primary_light-54
[14:54:00] [Client thread/INFO] [hbm]: Loading texture hbm:textures/items/bedrock_ore_primary_light.png
[14:54:00] [Client thread/WARN] [hbm]: No animation metadata found for hbm:items/bedrock_ore_primary_light-48
[14:54:00] [Client thread/WARN] [net.minecraft.client.renderer.texture.TextureMap]: Texture hbm:textures/models/soyuz/lesthrusters.png with size 40x40 will have visual artifacts at mip level 4, it can only support level 3. Please report to the mod author that the texture should be some multiple of 16x16.
[14:54:00] [Client thread/INFO] [hbm]: Loading texture hbm:textures/items/bedrock_ore_primary_light.png
[14:54:00] [Client thread/WARN] [hbm]: No animation metadata found for hbm:items/bedrock_ore_primary_light-72
[14:54:00] [Client thread/INFO] [hbm]: Loading texture hbm:textures/items/scraps.png
[14:54:00] [Client thread/WARN] [hbm]: No animation metadata found for hbm:items/scraps-malachite
[14:54:00] [Client thread/INFO] [hbm]: Loading texture hbm:textures/items/bedrock_ore_primary_light.png
[14:54:00] [Client thread/WARN] [hbm]: No animation metadata found for hbm:items/bedrock_ore_primary_light-66
[14:54:00] [Client thread/INFO] [hbm]: Loading texture hbm:textures/items/scraps.png
[14:54:00] [Client thread/WARN] [hbm]: No animation metadata found for hbm:items/scraps-rubber
[14:54:00] [Client thread/WARN] [net.minecraft.client.renderer.texture.TextureMap]: Texture hbm:textures/models/weapons/rpc.png with size 92x92 will have visual artifacts at mip level 4, it can only support level 2. Please report to the mod author that the texture should be some multiple of 16x16.
[14:54:00] [Client thread/INFO] [hbm]: Loading texture hbm:textures/items/ingot_raw.png
[14:54:00] [Client thread/WARN] [hbm]: No animation metadata found for hbm:items/ingot_raw-strontium
[14:54:00] [Client thread/WARN] [net.minecraft.client.renderer.texture.TextureMap]: Texture hbm:textures/models/missile_parts/thrusters/mp_t_20_kerosene.png with size 110x110 will have visual artifacts at mip level 4, it can only support level 1. Please report to the mod author that the texture should be some multiple of 16x16.
[14:54:00] [Client thread/WARN] [net.minecraft.client.renderer.texture.TextureMap]: Texture hbm:textures/models/missile_parts/launch_table_small_scaffold_connector.png with size 86x86 will have visual artifacts at mip level 4, it can only support level 1. Please report to the mod author that the texture should be some multiple of 16x16.
[14:54:00] [Client thread/INFO] [hbm]: Loading texture hbm:textures/items/bedrock_ore_base_rare.png
[14:54:00] [Client thread/WARN] [hbm]: No animation metadata found for hbm:items/bedrock_ore_base_rare-8
[14:54:00] [Client thread/INFO] [hbm]: Loading texture hbm:textures/items/bedrock_ore_base_rare.png
[14:54:00] [Client thread/WARN] [hbm]: No animation metadata found for hbm:items/bedrock_ore_base_rare-2
[14:54:00] [Client thread/INFO] [hbm]: Loading texture hbm:textures/items/bedrock_ore_sulfuric_light.png
[14:54:00] [Client thread/WARN] [hbm]: No animation metadata found for hbm:items/bedrock_ore_sulfuric_light-90
[14:54:00] [Client thread/INFO] [hbm]: Loading texture hbm:textures/items/bedrock_ore_sulfuric_light.png
[14:54:00] [Client thread/WARN] [hbm]: No animation metadata found for hbm:items/bedrock_ore_sulfuric_light-96
[14:54:00] [Client thread/INFO] [hbm]: Loading texture hbm:textures/items/bedrock_ore_fragment.png
[14:54:00] [Client thread/WARN] [hbm]: No animation metadata found for hbm:items/bedrock_ore_fragment-gold
[14:54:00] [Client thread/INFO] [hbm]: Loading texture hbm:textures/items/part_barrel_heavy.png
[14:54:00] [Client thread/WARN] [hbm]: No animation metadata found for hbm:items/part_barrel_heavy-saturnite
[14:54:00] [Client thread/INFO] [hbm]: Loading texture hbm:textures/items/bedrock_ore_sulfuric_light.png
[14:54:00] [Client thread/WARN] [hbm]: No animation metadata found for hbm:items/bedrock_ore_sulfuric_light-84
[14:54:00] [Client thread/INFO] [hbm]: Loading texture hbm:textures/items/bedrock_ore_primary_light.png
[14:54:00] [Client thread/WARN] [hbm]: No animation metadata found for hbm:items/bedrock_ore_primary_light-18
[14:54:00] [Client thread/INFO] [hbm]: Loading texture hbm:textures/items/wire_dense.png
[14:54:00] [Client thread/WARN] [hbm]: No animation metadata found for hbm:items/wire_dense-magnetizedtungsten
[14:54:00] [Client thread/INFO] [hbm]: Loading texture hbm:textures/items/scraps.png
[14:54:00] [Client thread/WARN] [hbm]: No animation metadata found for hbm:items/scraps-schrabidate
[14:54:00] [Client thread/WARN] [net.minecraft.client.renderer.texture.TextureMap]: Texture hbm:textures/models/soyuz_clean/topstage.png with size 166x166 will have visual artifacts at mip level 4, it can only support level 1. Please report to the mod author that the texture should be some multiple of 16x16.
[14:54:00] [Client thread/WARN] [net.minecraft.client.renderer.texture.TextureMap]: Texture srparasites:textures/blocks/halflife3.png with size 45x45 will have visual artifacts at mip level 4, it can only support level 0. Please report to the mod author that the texture should be some multiple of 16x16.
[14:54:00] [Client thread/INFO] [hbm]: Loading texture hbm:textures/items/part_barrel_heavy.png
[14:54:00] [Client thread/WARN] [hbm]: No animation metadata found for hbm:items/part_barrel_heavy-durasteel
[14:54:00] [Client thread/WARN] [net.minecraft.client.renderer.texture.TextureMap]: Texture hbm:textures/models/machines/rtg_polonium_flipped.png with size 84x84 will have visual artifacts at mip level 4, it can only support level 2. Please report to the mod author that the texture should be some multiple of 16x16.
[14:54:00] [Client thread/INFO] [hbm]: Loading texture hbm:textures/items/scraps.png
[14:54:00] [Client thread/WARN] [hbm]: No animation metadata found for hbm:items/scraps-sodalite
[14:54:00] [Client thread/WARN] [net.minecraft.client.renderer.texture.TextureMap]: Texture hbm:textures/models/tools/shimmer_axe.png with size 50x50 will have visual artifacts at mip level 4, it can only support level 1. Please report to the mod author that the texture should be some multiple of 16x16.
[14:54:00] [Client thread/INFO] [hbm]: Loading texture hbm:textures/items/bedrock_ore_rad_light.png
[14:54:00] [Client thread/WARN] [hbm]: No animation metadata found for hbm:items/bedrock_ore_rad_light-138
[14:54:00] [Client thread/INFO] [hbm]: Loading texture hbm:textures/items/bedrock_ore_rad_light.png
[14:54:00] [Client thread/WARN] [hbm]: No animation metadata found for hbm:items/bedrock_ore_rad_light-132
[14:54:00] [Client thread/WARN] [net.minecraft.client.renderer.texture.TextureMap]: Texture hbm:textures/models/missile_parts/warheads/mp_w_10_incendiary.png with size 52x52 will have visual artifacts at mip level 4, it can only support level 2. Please report to the mod author that the texture should be some multiple of 16x16.
[14:54:00] [Client thread/INFO] [hbm]: Loading texture hbm:textures/items/part_barrel_light.png
[14:54:00] [Client thread/WARN] [hbm]: No animation metadata found for hbm:items/part_barrel_light-weaponsteel
[14:54:00] [Client thread/INFO] [hbm]: Loading texture hbm:textures/items/pipe.png
[14:54:00] [Client thread/WARN] [hbm]: No animation metadata found for hbm:items/pipe-copper
[14:54:00] [Client thread/INFO] [hbm]: Loading texture hbm:textures/items/plate_cast.png
[14:54:00] [Client thread/WARN] [hbm]: No animation metadata found for hbm:items/plate_cast-schrabidate
[14:54:00] [Client thread/INFO] [hbm]: Loading texture hbm:textures/items/bedrock_ore_primary_heavy.png
[14:54:00] [Client thread/WARN] [hbm]: No animation metadata found for hbm:items/bedrock_ore_primary_heavy-25
[14:54:00] [Client thread/WARN] [net.minecraft.client.renderer.texture.TextureMap]: Texture hbm:textures/models/missile_parts/thrusters/mp_t_15_balefire_large_rad_e.png with size 94x94 will have visual artifacts at mip level 4, it can only support level 1. Please report to the mod author that the texture should be some multiple of 16x16.
[14:54:00] [Client thread/INFO] [hbm]: Loading texture hbm:textures/items/plate_welded.png
[14:54:00] [Client thread/WARN] [hbm]: No animation metadata found for hbm:items/plate_welded-copper
[14:54:00] [Client thread/INFO] [hbm]: Loading texture hbm:textures/items/bedrock_ore_primary_heavy.png
[14:54:00] [Client thread/WARN] [hbm]: No animation metadata found for hbm:items/bedrock_ore_primary_heavy-19
[14:54:00] [Client thread/INFO] [hbm]: Loading texture hbm:textures/items/bedrock_ore_primary_heavy.png
[14:54:00] [Client thread/WARN] [hbm]: No animation metadata found for hbm:items/bedrock_ore_primary_heavy-43
[14:54:00] [Client thread/INFO] [hbm]: Loading texture hbm:textures/items/bedrock_ore_primary_heavy.png
[14:54:00] [Client thread/WARN] [hbm]: No animation metadata found for hbm:items/bedrock_ore_primary_heavy-49
[14:54:00] [Client thread/INFO] [hbm]: Loading texture hbm:textures/items/scraps.png
[14:54:00] [Client thread/WARN] [hbm]: No animation metadata found for hbm:items/scraps-petcoke
[14:54:00] [Client thread/INFO] [hbm]: Loading texture hbm:textures/items/bedrock_ore_primary_heavy.png
[14:54:00] [Client thread/WARN] [hbm]: No animation metadata found for hbm:items/bedrock_ore_primary_heavy-31
[14:54:00] [Client thread/INFO] [hbm]: Loading texture hbm:textures/items/bedrock_ore_primary_heavy.png
[14:54:00] [Client thread/WARN] [hbm]: No animation metadata found for hbm:items/bedrock_ore_primary_heavy-37
[14:54:00] [Client thread/INFO] [hbm]: Loading texture hbm:textures/items/scraps.png
[14:54:00] [Client thread/WARN] [hbm]: No animation metadata found for hbm:items/scraps-wood
[14:54:00] [Client thread/INFO] [hbm]: Loading texture hbm:textures/items/plate_welded.png
[14:54:00] [Client thread/WARN] [hbm]: No animation metadata found for hbm:items/plate_welded-cmbsteel
[14:54:00] [Client thread/WARN] [net.minecraft.client.renderer.texture.TextureMap]: Texture hbm:textures/models/missile_parts/thrusters/mp_t_15_balefire_large_e.png with size 94x94 will have visual artifacts at mip level 4, it can only support level 1. Please report to the mod author that the texture should be some multiple of 16x16.
[14:54:00] [Client thread/INFO] [hbm]: Loading texture hbm:textures/items/bedrock_ore_fragment.png
[14:54:00] [Client thread/WARN] [hbm]: No animation metadata found for hbm:items/bedrock_ore_fragment-beryllium
[14:54:00] [Client thread/WARN] [net.minecraft.client.renderer.texture.TextureMap]: Texture hbm:textures/models/missile_parts/warheads/mp_w_10_taint.png with size 56x56 will have visual artifacts at mip level 4, it can only support level 3. Please report to the mod author that the texture should be some multiple of 16x16.
[14:54:00] [Client thread/INFO] [hbm]: Loading texture hbm:textures/items/bedrock_ore_fragment.png
[14:54:00] [Client thread/WARN] [hbm]: No animation metadata found for hbm:items/bedrock_ore_fragment-technetium99
[14:54:00] [Client thread/WARN] [net.minecraft.client.renderer.texture.TextureMap]: Texture hbm:textures/models/machines/reactor_small_rods.png with size 34x34 will have visual artifacts at mip level 4, it can only support level 1. Please report to the mod author that the texture should be some multiple of 16x16.
[14:54:00] [Client thread/INFO] [hbm]: Loading texture hbm:textures/items/scraps.png
[14:54:00] [Client thread/WARN] [hbm]: No animation metadata found for hbm:items/scraps-bismuthbronze
[14:54:00] [Client thread/WARN] [net.minecraft.client.renderer.texture.TextureMap]: Texture hbm:textures/models/soyuz_authentic/sideengines.png with size 40x40 will have visual artifacts at mip level 4, it can only support level 3. Please report to the mod author that the texture should be some multiple of 16x16.
[14:54:00] [Client thread/WARN] [net.minecraft.client.renderer.texture.TextureMap]: Texture hbm:textures/models/missile_parts/thrusters/mp_t_15_solid_hexdecuple.png with size 72x72 will have visual artifacts at mip level 4, it can only support level 3. Please report to the mod author that the texture should be some multiple of 16x16.
[14:54:00] [Client thread/INFO] [hbm]: Loading texture hbm:textures/items/part_receiver_light.png
[14:54:00] [Client thread/WARN] [hbm]: No animation metadata found for hbm:items/part_receiver_light-durasteel
[14:54:00] [Client thread/WARN] [net.minecraft.client.renderer.texture.TextureMap]: Texture hbm:textures/models/soyuz_authentic/payloadblocks.png with size 100x100 will have visual artifacts at mip level 4, it can only support level 2. Please report to the mod author that the texture should be some multiple of 16x16.
[14:54:00] [Client thread/WARN] [net.minecraft.client.renderer.texture.TextureMap]: Texture hbm:textures/models/soyuz/booster.png with size 300x300 will have visual artifacts at mip level 4, it can only support level 2. Please report to the mod author that the texture should be some multiple of 16x16.
[14:54:00] [Client thread/INFO] [hbm]: Loading texture hbm:textures/items/part_receiver_heavy.png
[14:54:00] [Client thread/WARN] [hbm]: No animation metadata found for hbm:items/part_receiver_heavy-durasteel
[14:54:00] [Client thread/INFO] [hbm]: Loading texture hbm:textures/items/shell.png
[14:54:00] [Client thread/WARN] [hbm]: No animation metadata found for hbm:items/shell-copper
[14:54:00] [Client thread/INFO] [hbm]: Loading texture hbm:textures/items/part_receiver_heavy.png
[14:54:00] [Client thread/WARN] [hbm]: No animation metadata found for hbm:items/part_receiver_heavy-saturnite
[14:54:00] [Client thread/WARN] [net.minecraft.client.renderer.texture.TextureMap]: Texture hbm:textures/models/tools/geiger.png with size 55x55 will have visual artifacts at mip level 4, it can only support level 0. Please report to the mod author that the texture should be some multiple of 16x16.
[14:54:00] [Client thread/INFO] [hbm]: Loading texture hbm:textures/items/bolt.png
[14:54:00] [Client thread/WARN] [hbm]: No animation metadata found for hbm:items/bolt-steel
[14:54:00] [Client thread/INFO] [hbm]: Loading texture hbm:textures/items/scraps.png
[14:54:00] [Client thread/WARN] [hbm]: No animation metadata found for hbm:items/scraps-polonium210
[14:54:00] [Client thread/INFO] [hbm]: Loading texture hbm:textures/items/part_receiver_light.png
[14:54:00] [Client thread/WARN] [hbm]: No animation metadata found for hbm:items/part_receiver_light-saturnite
[14:54:00] [Client thread/INFO] [hbm]: Loading texture hbm:textures/items/scraps.png
[14:54:00] [Client thread/WARN] [hbm]: No animation metadata found for hbm:items/scraps-lignite
[14:54:00] [Client thread/WARN] [net.minecraft.client.renderer.texture.TextureMap]: Texture hbm:textures/models/network/terminal.png with size 20x20 will have visual artifacts at mip level 4, it can only support level 2. Please report to the mod author that the texture should be some multiple of 16x16.
[14:54:00] [Client thread/INFO] [hbm]: Loading texture hbm:textures/items/wire_dense.png
[14:54:00] [Client thread/WARN] [hbm]: No animation metadata found for hbm:items/wire_dense-niobium
[14:54:00] [Client thread/INFO] [hbm]: Loading texture hbm:textures/items/plate_cast.png
[14:54:00] [Client thread/WARN] [hbm]: No animation metadata found for hbm:items/plate_cast-cmbsteel
[14:54:00] [Client thread/INFO] [hbm]: Loading texture hbm:textures/items/part_receiver_light.png
[14:54:00] [Client thread/WARN] [hbm]: No animation metadata found for hbm:items/part_receiver_light-cdalloy
[14:54:00] [Client thread/INFO] [hbm]: Loading texture hbm:textures/items/scraps.png
[14:54:00] [Client thread/WARN] [hbm]: No animation metadata found for hbm:items/scraps-steel
[14:54:00] [Client thread/WARN] [net.minecraft.client.renderer.texture.TextureMap]: Texture hbm:textures/models/pheodoors/airlock_door_green.png with size 227x227 will have visual artifacts at mip level 4, it can only support level 0. Please report to the mod author that the texture should be some multiple of 16x16.
[14:54:00] [Client thread/INFO] [hbm]: Loading texture hbm:textures/items/plate_welded.png
[14:54:00] [Client thread/WARN] [hbm]: No animation metadata found for hbm:items/plate_welded-osmiridium
[14:54:00] [Client thread/WARN] [net.minecraft.client.renderer.texture.TextureMap]: Texture hbm:textures/models/missile_parts/fuselages/mp_f_10_15_solid.png with size 168x168 will have visual artifacts at mip level 4, it can only support level 3. Please report to the mod author that the texture should be some multiple of 16x16.
[14:54:00] [Client thread/INFO] [hbm]: Loading texture hbm:textures/items/bedrock_ore_crumbs_nonmetal.png
[14:54:00] [Client thread/WARN] [hbm]: No animation metadata found for hbm:items/bedrock_ore_crumbs_nonmetal-82
[14:54:00] [Client thread/WARN] [net.minecraft.client.renderer.texture.TextureMap]: Texture hbm:textures/models/soyuz_clean/payload.png with size 172x172 will have visual artifacts at mip level 4, it can only support level 2. Please report to the mod author that the texture should be some multiple of 16x16.
[14:54:00] [Client thread/INFO] [hbm]: Loading texture hbm:textures/items/part_receiver_heavy.png
[14:54:00] [Client thread/WARN] [hbm]: No animation metadata found for hbm:items/part_receiver_heavy-arsenicbronze
[14:54:00] [Client thread/INFO] [hbm]: Loading texture hbm:textures/items/bedrock_ore_fragment.png
[14:54:00] [Client thread/WARN] [hbm]: No animation metadata found for hbm:items/bedrock_ore_fragment-saltpeter
[14:54:00] [Client thread/INFO] [hbm]: Loading texture hbm:textures/items/wire_dense.png
[14:54:00] [Client thread/WARN] [hbm]: No animation metadata found for hbm:items/wire_dense-schrabidium
[14:54:00] [Client thread/INFO] [hbm]: Loading texture hbm:textures/items/scraps.png
[14:54:00] [Client thread/WARN] [hbm]: No animation metadata found for hbm:items/scraps-tantalum
[14:54:00] [Client thread/INFO] [hbm]: Loading texture hbm:textures/items/scraps.png
[14:54:00] [Client thread/WARN] [hbm]: No animation metadata found for hbm:items/scraps-emerald
[14:54:00] [Client thread/INFO] [hbm]: Loading texture hbm:textures/items/pipe.png
[14:54:00] [Client thread/WARN] [hbm]: No animation metadata found for hbm:items/pipe-rubber
[14:54:00] [Client thread/WARN] [net.minecraft.client.renderer.texture.TextureMap]: Texture hbm:textures/models/missile_parts/thrusters/mp_t_15_balefire_short_e.png with size 72x72 will have visual artifacts at mip level 4, it can only support level 3. Please report to the mod author that the texture should be some multiple of 16x16.
[14:54:00] [Client thread/WARN] [net.minecraft.client.renderer.texture.TextureMap]: Texture hbm:textures/models/missile_parts/fuselages/mp_f_10_15_hydrogen.png with size 168x168 will have visual artifacts at mip level 4, it can only support level 3. Please report to the mod author that the texture should be some multiple of 16x16.
[14:54:00] [Client thread/WARN] [net.minecraft.client.renderer.texture.TextureMap]: Texture hbm:textures/models/soyuz_authentic/mainengines.png with size 36x36 will have visual artifacts at mip level 4, it can only support level 2. Please report to the mod author that the texture should be some multiple of 16x16.
[14:54:00] [Client thread/INFO] [hbm]: Loading texture hbm:textures/items/bedrock_ore_base_nonmetal.png
[14:54:00] [Client thread/WARN] [hbm]: No animation metadata found for hbm:items/bedrock_ore_base_nonmetal-4
[14:54:00] [Client thread/INFO] [hbm]: Loading texture hbm:textures/items/bedrock_ore_sulfuric_crystal.png
[14:54:00] [Client thread/WARN] [hbm]: No animation metadata found for hbm:items/bedrock_ore_sulfuric_crystal-95
[14:54:00] [Client thread/INFO] [hbm]: Loading texture hbm:textures/items/part_barrel_heavy.png
[14:54:00] [Client thread/WARN] [hbm]: No animation metadata found for hbm:items/part_barrel_heavy-tcalloy
[14:54:00] [Client thread/INFO] [hbm]: Loading texture hbm:textures/items/bedrock_ore_sulfuric_crystal.png
[14:54:00] [Client thread/WARN] [hbm]: No animation metadata found for hbm:items/bedrock_ore_sulfuric_crystal-89
[14:54:00] [Client thread/INFO] [hbm]: Loading texture hbm:textures/items/wire_dense.png
[14:54:00] [Client thread/WARN] [hbm]: No animation metadata found for hbm:items/wire_dense-tungsten
[14:54:00] [Client thread/INFO] [hbm]: Loading texture hbm:textures/items/part_receiver_heavy.png
[14:54:00] [Client thread/WARN] [hbm]: No animation metadata found for hbm:items/part_receiver_heavy-ferrouranium
[14:54:00] [Client thread/INFO] [hbm]: Loading texture hbm:textures/items/bedrock_ore_fragment.png
[14:54:00] [Client thread/WARN] [hbm]: No animation metadata found for hbm:items/bedrock_ore_fragment-neodymium
[14:54:00] [Client thread/WARN] [net.minecraft.client.renderer.texture.TextureMap]: Texture hbm:textures/models/soyuz_launcher/launcher_support_base.png with size 136x136 will have visual artifacts at mip level 4, it can only support level 3. Please report to the mod author that the texture should be some multiple of 16x16.
[14:54:00] [Client thread/INFO] [hbm]: Loading texture hbm:textures/items/part_stock.png
[14:54:00] [Client thread/WARN] [hbm]: No animation metadata found for hbm:items/part_stock-gunmetal
[14:54:00] [Client thread/INFO] [hbm]: Loading texture hbm:textures/items/bedrock_ore_sulfuric_heavy.png
[14:54:00] [Client thread/WARN] [hbm]: No animation metadata found for hbm:items/bedrock_ore_sulfuric_heavy-91
[14:54:00] [Client thread/INFO] [hbm]: Loading texture hbm:textures/items/bedrock_ore_sulfuric_heavy.png
[14:54:00] [Client thread/WARN] [hbm]: No animation metadata found for hbm:items/bedrock_ore_sulfuric_heavy-85
[14:54:00] [Client thread/INFO] [hbm]: Loading texture hbm:textures/items/scraps.png
[14:54:00] [Client thread/WARN] [hbm]: No animation metadata found for hbm:items/scraps-pigiron
[14:54:00] [Client thread/INFO] [hbm]: Loading texture hbm:textures/items/wire_dense.png
[14:54:00] [Client thread/WARN] [hbm]: No animation metadata found for hbm:items/wire_dense-gold
[14:54:00] [Client thread/INFO] [hbm]: Loading texture hbm:textures/items/pipe.png
[14:54:00] [Client thread/WARN] [hbm]: No animation metadata found for hbm:items/pipe-lead
[14:54:00] [Client thread/INFO] [hbm]: Loading texture hbm:textures/items/scraps.png
[14:54:00] [Client thread/WARN] [hbm]: No animation metadata found for hbm:items/scraps-pvc
[14:54:00] [Client thread/WARN] [net.minecraft.client.renderer.texture.TextureMap]: Texture hbm:textures/models/soyuz_luna/booster.png with size 300x300 will have visual artifacts at mip level 4, it can only support level 2. Please report to the mod author that the texture should be some multiple of 16x16.
[14:54:00] [Client thread/WARN] [net.minecraft.client.renderer.texture.TextureMap]: Texture hbm:textures/models/soyuz/mainengines.png with size 36x36 will have visual artifacts at mip level 4, it can only support level 2. Please report to the mod author that the texture should be some multiple of 16x16.
[14:54:00] [Client thread/INFO] [hbm]: Loading texture hbm:textures/items/bedrock_ore_sulfuric_heavy.png
[14:54:00] [Client thread/WARN] [hbm]: No animation metadata found for hbm:items/bedrock_ore_sulfuric_heavy-97
[14:54:00] [Client thread/WARN] [net.minecraft.client.renderer.texture.TextureMap]: Texture hbm:textures/models/missile_parts/fuselages/mp_f_10_15_balefire.png with size 168x168 will have visual artifacts at mip level 4, it can only support level 3. Please report to the mod author that the texture should be some multiple of 16x16.
[14:54:00] [Client thread/INFO] [hbm]: Loading texture hbm:textures/items/part_receiver_heavy.png
[14:54:00] [Client thread/WARN] [hbm]: No animation metadata found for hbm:items/part_receiver_heavy-tcalloy
[14:54:00] [Client thread/WARN] [net.minecraft.client.renderer.texture.TextureMap]: Texture hbm:textures/models/machines/reactor_small_base.png with size 50x50 will have visual artifacts at mip level 4, it can only support level 1. Please report to the mod author that the texture should be some multiple of 16x16.
[14:54:00] [Client thread/INFO] [hbm]: Loading texture hbm:textures/items/plate_cast.png
[14:54:00] [Client thread/WARN] [hbm]: No animation metadata found for hbm:items/plate_cast-steel
[14:54:00] [Client thread/INFO] [hbm]: Loading texture hbm:textures/items/scraps.png
[14:54:00] [Client thread/WARN] [hbm]: No animation metadata found for hbm:items/scraps-graphite
[14:54:00] [Client thread/INFO] [hbm]: Loading texture hbm:textures/items/scraps.png
[14:54:00] [Client thread/WARN] [hbm]: No animation metadata found for hbm:items/scraps-ferrouranium
[14:54:00] [Client thread/WARN] [net.minecraft.client.renderer.texture.TextureMap]: Texture hbm:textures/models/weapons/g3_attachments.png with size 130x130 will have visual artifacts at mip level 4, it can only support level 1. Please report to the mod author that the texture should be some multiple of 16x16.
[14:54:00] [Client thread/WARN] [net.minecraft.client.renderer.texture.TextureMap]: Texture hbm:textures/models/soyuz_clean/payloadblocks.png with size 100x100 will have visual artifacts at mip level 4, it can only support level 2. Please report to the mod author that the texture should be some multiple of 16x16.
[14:54:00] [Client thread/INFO] [hbm]: Loading texture hbm:textures/items/bedrock_ore_fragment.png
[14:54:00] [Client thread/WARN] [hbm]: No animation metadata found for hbm:items/bedrock_ore_fragment-sodium
[14:54:00] [Client thread/INFO] [hbm]: Loading texture hbm:textures/items/wire_dense.png
[14:54:00] [Client thread/WARN] [hbm]: No animation metadata found for hbm:items/wire_dense-advancedalloy
[14:54:00] [Client thread/WARN] [net.minecraft.client.renderer.texture.TextureMap]: Texture hbm:textures/models/machines/press_head.png with size 24x24 will have visual artifacts at mip level 4, it can only support level 3. Please report to the mod author that the texture should be some multiple of 16x16.
[14:54:00] [Client thread/WARN] [net.minecraft.client.renderer.texture.TextureMap]: Texture hbm:textures/models/pheodoors/airlock_door.png with size 227x227 will have visual artifacts at mip level 4, it can only support level 0. Please report to the mod author that the texture should be some multiple of 16x16.
[14:54:00] [Client thread/INFO] [hbm]: Loading texture hbm:textures/items/plate_welded.png
[14:54:00] [Client thread/WARN] [hbm]: No animation metadata found for hbm:items/plate_welded-steel
[14:54:00] [Client thread/INFO] [hbm]: Loading texture hbm:textures/items/plate_cast.png
[14:54:00] [Client thread/WARN] [hbm]: No animation metadata found for hbm:items/plate_cast-advancedalloy
[14:54:00] [Client thread/WARN] [net.minecraft.client.renderer.texture.TextureMap]: Texture hbm:textures/blocks/deco_pole_top_flipped.png with size 20x20 will have visual artifacts at mip level 4, it can only support level 2. Please report to the mod author that the texture should be some multiple of 16x16.
[14:54:00] [Client thread/INFO] [hbm]: Loading texture hbm:textures/items/scraps.png
[14:54:00] [Client thread/WARN] [hbm]: No animation metadata found for hbm:items/scraps-advancedalloy
[14:54:00] [Client thread/INFO] [hbm]: Loading texture hbm:textures/items/wire_dense.png
[14:54:00] [Client thread/WARN] [hbm]: No animation metadata found for hbm:items/wire_dense-dineutronium
[14:54:00] [Client thread/INFO] [hbm]: Loading texture hbm:textures/items/plate_cast.png
[14:54:00] [Client thread/WARN] [hbm]: No animation metadata found for hbm:items/plate_cast-weaponsteel
[14:54:00] [Client thread/INFO] [hbm]: Loading texture hbm:textures/items/part_stock.png
[14:54:00] [Client thread/WARN] [hbm]: No animation metadata found for hbm:items/part_stock-wood
[14:54:00] [Client thread/INFO] [hbm]: Loading texture hbm:textures/items/bedrock_ore_fragment.png
[14:54:00] [Client thread/WARN] [hbm]: No animation metadata found for hbm:items/bedrock_ore_fragment-redstone
[14:54:00] [Client thread/INFO] [hbm]: Loading texture hbm:textures/items/scraps.png
[14:54:00] [Client thread/WARN] [hbm]: No animation metadata found for hbm:items/scraps-hematite
[14:54:00] [Client thread/WARN] [net.minecraft.client.renderer.texture.TextureMap]: Texture hbm:textures/models/soyuz_luna/payloadblocks.png with size 100x100 will have visual artifacts at mip level 4, it can only support level 2. Please report to the mod author that the texture should be some multiple of 16x16.
[14:54:00] [Client thread/WARN] [net.minecraft.client.renderer.texture.TextureMap]: Texture hbm:textures/models/missile_parts/thrusters/mp_t_15_kerosene.png with size 76x76 will have visual artifacts at mip level 4, it can only support level 2. Please report to the mod author that the texture should be some multiple of 16x16.
[14:54:00] [Client thread/WARN] [net.minecraft.client.renderer.texture.TextureMap]: Texture hbm:textures/models/missile_parts/launch_table_small_scaffold_base.png with size 56x56 will have visual artifacts at mip level 4, it can only support level 3. Please report to the mod author that the texture should be some multiple of 16x16.
[14:54:00] [Client thread/INFO] [hbm]: Loading texture hbm:textures/items/bedrock_ore_primary_actinide.png
[14:54:00] [Client thread/WARN] [hbm]: No animation metadata found for hbm:items/bedrock_ore_primary_actinide-45
[14:54:00] [Client thread/WARN] [net.minecraft.client.renderer.texture.TextureMap]: Texture hbm:textures/models/machines/solar_mirror.png with size 36x36 will have visual artifacts at mip level 4, it can only support level 2. Please report to the mod author that the texture should be some multiple of 16x16.
[14:54:00] [Client thread/INFO] [hbm]: Loading texture hbm:textures/items/watz_pellet.png
[14:54:00] [Client thread/WARN] [hbm]: No animation metadata found for hbm:items/watz_pellet-11
[14:54:00] [Client thread/INFO] [hbm]: Loading texture hbm:textures/items/shell.png
[14:54:00] [Client thread/WARN] [hbm]: No animation metadata found for hbm:items/shell-weaponsteel
[14:54:00] [Client thread/INFO] [hbm]: Loading texture hbm:textures/items/bedrock_ore_primary_actinide.png
[14:54:00] [Client thread/WARN] [hbm]: No animation metadata found for hbm:items/bedrock_ore_primary_actinide-39
[14:54:00] [Client thread/INFO] [hbm]: Loading texture hbm:textures/items/bedrock_ore_primary_actinide.png
[14:54:00] [Client thread/WARN] [hbm]: No animation metadata found for hbm:items/bedrock_ore_primary_actinide-33
[14:54:00] [Client thread/INFO] [hbm]: Loading texture hbm:textures/items/scraps.png
[14:54:00] [Client thread/WARN] [hbm]: No animation metadata found for hbm:items/scraps-thorium232
[14:54:00] [Client thread/INFO] [hbm]: Loading texture hbm:textures/items/watz_pellet.png
[14:54:00] [Client thread/WARN] [hbm]: No animation metadata found for hbm:items/watz_pellet-10
[14:54:00] [Client thread/INFO] [hbm]: Loading texture hbm:textures/items/bedrock_ore_primary_actinide.png
[14:54:00] [Client thread/WARN] [hbm]: No animation metadata found for hbm:items/bedrock_ore_primary_actinide-63
[14:54:00] [Client thread/INFO] [hbm]: Loading texture hbm:textures/items/bedrock_ore_primary_actinide.png
[14:54:00] [Client thread/WARN] [hbm]: No animation metadata found for hbm:items/bedrock_ore_primary_actinide-69
[14:54:00] [Client thread/WARN] [net.minecraft.client.renderer.texture.TextureMap]: Texture hbm:textures/models/machines/cracking_tower.png with size 428x428 will have visual artifacts at mip level 4, it can only support level 2. Please report to the mod author that the texture should be some multiple of 16x16.
[14:54:00] [Client thread/INFO] [hbm]: Loading texture hbm:textures/items/bedrock_ore_primary_actinide.png
[14:54:00] [Client thread/WARN] [hbm]: No animation metadata found for hbm:items/bedrock_ore_primary_actinide-51
[14:54:00] [Client thread/INFO] [hbm]: Loading texture hbm:textures/items/bedrock_ore_primary_actinide.png
[14:54:00] [Client thread/WARN] [hbm]: No animation metadata found for hbm:items/bedrock_ore_primary_actinide-57
[14:54:00] [Client thread/INFO] [hbm]: Loading texture hbm:textures/items/scraps.png
[14:54:00] [Client thread/WARN] [hbm]: No animation metadata found for hbm:items/scraps-lanthanum
[14:54:00] [Client thread/WARN] [net.minecraft.client.renderer.texture.TextureMap]: Texture hbm:textures/models/pheodoors/vault/label_2.png with size 13x13 will have visual artifacts at mip level 4, it can only support level 0. Please report to the mod author that the texture should be some multiple of 16x16.
[14:54:00] [Client thread/INFO] [hbm]: Loading texture hbm:textures/items/bedrock_ore_primary_actinide.png
[14:54:00] [Client thread/WARN] [hbm]: No animation metadata found for hbm:items/bedrock_ore_primary_actinide-75
[14:54:00] [Client thread/INFO] [hbm]: Loading texture hbm:textures/items/scraps.png
[14:54:00] [Client thread/WARN] [hbm]: No animation metadata found for hbm:items/scraps-polycarbonate
[14:54:00] [Client thread/INFO] [hbm]: Loading texture hbm:textures/items/scraps.png
[14:54:00] [Client thread/WARN] [hbm]: No animation metadata found for hbm:items/scraps-beryllium
[14:54:00] [Client thread/INFO] [hbm]: Loading texture hbm:textures/items/plate_welded.png
[14:54:00] [Client thread/WARN] [hbm]: No animation metadata found for hbm:items/plate_welded-aluminum
[14:54:00] [Client thread/WARN] [net.minecraft.client.renderer.texture.TextureMap]: Texture hbm:textures/models/soyuz_luna/topstage.png with size 166x166 will have visual artifacts at mip level 4, it can only support level 1. Please report to the mod author that the texture should be some multiple of 16x16.
[14:54:00] [Client thread/WARN] [net.minecraft.client.renderer.texture.TextureMap]: Texture hbm:textures/particle/debug_power.png with size 8x8 will have visual artifacts at mip level 4, it can only support level 3. Please report to the mod author that the texture should be some multiple of 16x16.
[14:54:00] [Client thread/WARN] [net.minecraft.client.renderer.texture.TextureMap]: Texture hbm:textures/models/weapons/g3_polymer_black.png with size 259x259 will have visual artifacts at mip level 4, it can only support level 0. Please report to the mod author that the texture should be some multiple of 16x16.
[14:54:00] [Client thread/INFO] [hbm]: Loading texture hbm:textures/items/plate_cast.png
[14:54:00] [Client thread/WARN] [hbm]: No animation metadata found for hbm:items/plate_cast-lead
[14:54:00] [Client thread/INFO] [hbm]: Loading texture hbm:textures/items/bedrock_ore_fragment.png
[14:54:00] [Client thread/WARN] [hbm]: No animation metadata found for hbm:items/bedrock_ore_fragment-rareearth
[14:54:00] [Client thread/INFO] [hbm]: Loading texture hbm:textures/items/part_grip.png
[14:54:00] [Client thread/WARN] [hbm]: No animation metadata found for hbm:items/part_grip-workersalloy
[14:54:00] [Client thread/INFO] [hbm]: Loading texture hbm:textures/items/bedrock_ore_primary_actinide.png
[14:54:00] [Client thread/WARN] [hbm]: No animation metadata found for hbm:items/bedrock_ore_primary_actinide-27
[14:54:00] [Client thread/INFO] [hbm]: Loading texture hbm:textures/items/bedrock_ore_primary_actinide.png
[14:54:00] [Client thread/WARN] [hbm]: No animation metadata found for hbm:items/bedrock_ore_primary_actinide-21
[14:54:00] [Client thread/INFO] [hbm]: Loading texture hbm:textures/items/scraps.png
[14:54:00] [Client thread/WARN] [hbm]: No animation metadata found for hbm:items/scraps-americium242
[14:54:00] [Client thread/INFO] [hbm]: Loading texture hbm:textures/items/scraps.png
[14:54:00] [Client thread/WARN] [hbm]: No animation metadata found for hbm:items/scraps-americium241
[14:54:00] [Client thread/WARN] [net.minecraft.client.renderer.texture.TextureMap]: Texture hbm:textures/models/weapons/g3_polymer_green.png with size 259x259 will have visual artifacts at mip level 4, it can only support level 0. Please report to the mod author that the texture should be some multiple of 16x16.
[14:54:00] [Client thread/WARN] [net.minecraft.client.renderer.texture.TextureMap]: Texture hbm:textures/models/missile_parts/thrusters/mp_t_15_balefire_short.png with size 72x72 will have visual artifacts at mip level 4, it can only support level 3. Please report to the mod author that the texture should be some multiple of 16x16.
[14:54:00] [Client thread/INFO] [hbm]: Loading texture hbm:textures/items/bedrock_ore_base_rare.png
[14:54:00] [Client thread/WARN] [hbm]: No animation metadata found for hbm:items/bedrock_ore_base_rare-14
[14:54:00] [Client thread/INFO] [hbm]: Loading texture hbm:textures/items/scraps.png
[14:54:00] [Client thread/WARN] [hbm]: No animation metadata found for hbm:items/scraps-strontium
[14:54:00] [Client thread/INFO] [hbm]: Loading texture hbm:textures/items/part_mechanism.png
[14:54:00] [Client thread/WARN] [hbm]: No animation metadata found for hbm:items/part_mechanism-gunmetal
[14:54:00] [Client thread/WARN] [net.minecraft.client.renderer.texture.TextureMap]: Texture hbm:textures/models/explosion/blastfleija.png with size 4x4 will have visual artifacts at mip level 4, it can only support level 2. Please report to the mod author that the texture should be some multiple of 16x16.
[14:54:00] [Client thread/INFO] [hbm]: Loading texture hbm:textures/items/part_receiver_light.png
[14:54:00] [Client thread/WARN] [hbm]: No animation metadata found for hbm:items/part_receiver_light-workersalloy
[14:54:00] [Client thread/INFO] [hbm]: Loading texture hbm:textures/items/bedrock_ore_fragment.png
[14:54:00] [Client thread/WARN] [hbm]: No animation metadata found for hbm:items/bedrock_ore_fragment-zirconium
[14:54:00] [Client thread/INFO] [hbm]: Loading texture hbm:textures/items/plate_welded.png
[14:54:00] [Client thread/WARN] [hbm]: No animation metadata found for hbm:items/plate_welded-titanium
[14:54:00] [Client thread/WARN] [net.minecraft.client.renderer.texture.TextureMap]: Texture hbm:textures/particle/contrail.png with size 8x8 will have visual artifacts at mip level 4, it can only support level 3. Please report to the mod author that the texture should be some multiple of 16x16.
[14:54:00] [Client thread/WARN] [net.minecraft.client.renderer.texture.TextureMap]: Texture srparasites:textures/particle/splashd.png with size 7x7 will have visual artifacts at mip level 4, it can only support level 0. Please report to the mod author that the texture should be some multiple of 16x16.
[14:54:00] [Client thread/WARN] [net.minecraft.client.renderer.texture.TextureMap]: Texture srparasites:textures/particle/splashi.png with size 7x7 will have visual artifacts at mip level 4, it can only support level 0. Please report to the mod author that the texture should be some multiple of 16x16.
[14:54:00] [Client thread/WARN] [net.minecraft.client.renderer.texture.TextureMap]: Texture srparasites:textures/particle/splashp.png with size 7x7 will have visual artifacts at mip level 4, it can only support level 0. Please report to the mod author that the texture should be some multiple of 16x16.
[14:54:00] [Client thread/INFO] [hbm]: Loading texture hbm:textures/items/bedrock_ore_primary_rare.png
[14:54:00] [Client thread/WARN] [hbm]: No animation metadata found for hbm:items/bedrock_ore_primary_rare-68
[14:54:00] [Client thread/INFO] [hbm]: Loading texture hbm:textures/items/bedrock_ore_primary_rare.png
[14:54:00] [Client thread/WARN] [hbm]: No animation metadata found for hbm:items/bedrock_ore_primary_rare-74
[14:54:00] [Client thread/INFO] [hbm]: Loading texture hbm:textures/items/bedrock_ore_fragment.png
[14:54:00] [Client thread/WARN] [hbm]: No animation metadata found for hbm:items/bedrock_ore_fragment-fluorite
[14:54:00] [Client thread/INFO] [hbm]: Loading texture hbm:textures/items/part_stock.png
[14:54:00] [Client thread/WARN] [hbm]: No animation metadata found for hbm:items/part_stock-polycarbonate
[14:54:00] [Client thread/INFO] [hbm]: Loading texture hbm:textures/items/part_grip.png
[14:54:00] [Client thread/WARN] [hbm]: No animation metadata found for hbm:items/part_grip-bone
[14:54:00] [Client thread/WARN] [net.minecraft.client.renderer.texture.TextureMap]: Texture hbm:textures/models/explosion/empblast.png with size 4x4 will have visual artifacts at mip level 4, it can only support level 2. Please report to the mod author that the texture should be some multiple of 16x16.
[14:54:00] [Client thread/WARN] [net.minecraft.client.renderer.texture.TextureMap]: Texture srparasites:textures/particle/splasha.png with size 7x7 will have visual artifacts at mip level 4, it can only support level 0. Please report to the mod author that the texture should be some multiple of 16x16.
[14:54:00] [Client thread/INFO] [hbm]: Loading texture hbm:textures/items/bedrock_ore_fragment.png
[14:54:00] [Client thread/WARN] [hbm]: No animation metadata found for hbm:items/bedrock_ore_fragment-lithium
[14:54:00] [Client thread/INFO] [hbm]: Loading texture hbm:textures/items/pipe.png
[14:54:00] [Client thread/WARN] [hbm]: No animation metadata found for hbm:items/pipe-aluminum
[14:54:00] [Client thread/INFO] [hbm]: Loading texture hbm:textures/items/ingot_raw.png
[14:54:00] [Client thread/WARN] [hbm]: No animation metadata found for hbm:items/ingot_raw-slag
[14:54:00] [Client thread/INFO] [hbm]: Loading texture hbm:textures/items/bedrock_ore_rad_crystal.png
[14:54:00] [Client thread/WARN] [hbm]: No animation metadata found for hbm:items/bedrock_ore_rad_crystal-149
[14:54:00] [Client thread/INFO] [hbm]: Loading texture hbm:textures/items/bedrock_ore_rad_crystal.png
[14:54:00] [Client thread/WARN] [hbm]: No animation metadata found for hbm:items/bedrock_ore_rad_crystal-143
[14:54:00] [Client thread/INFO] [hbm]: Loading texture hbm:textures/items/bedrock_ore_rad_crystal.png
[14:54:00] [Client thread/WARN] [hbm]: No animation metadata found for hbm:items/bedrock_ore_rad_crystal-137
[14:54:00] [Client thread/INFO] [hbm]: Loading texture hbm:textures/items/bedrock_ore_fragment.png
[14:54:00] [Client thread/WARN] [hbm]: No animation metadata found for hbm:items/bedrock_ore_fragment-tungsten
[14:54:00] [Client thread/INFO] [hbm]: Loading texture hbm:textures/items/bedrock_ore_rad_crystal.png
[14:54:00] [Client thread/WARN] [hbm]: No animation metadata found for hbm:items/bedrock_ore_rad_crystal-155
[14:54:00] [Client thread/INFO] [hbm]: Loading texture hbm:textures/items/bedrock_ore_primary_rare.png
[14:54:00] [Client thread/WARN] [hbm]: No animation metadata found for hbm:items/bedrock_ore_primary_rare-44
[14:54:00] [Client thread/INFO] [hbm]: Loading texture hbm:textures/items/scraps.png
[14:54:00] [Client thread/WARN] [hbm]: No animation metadata found for hbm:items/scraps-mingrade
[14:54:00] [Client thread/INFO] [hbm]: Loading texture hbm:textures/items/bedrock_ore_primary_rare.png
[14:54:00] [Client thread/WARN] [hbm]: No animation metadata found for hbm:items/bedrock_ore_primary_rare-50
[14:54:00] [Client thread/INFO] [hbm]: Loading texture hbm:textures/items/plate_cast.png
[14:54:00] [Client thread/WARN] [hbm]: No animation metadata found for hbm:items/plate_cast-bismuthbronze
[14:54:00] [Client thread/INFO] [hbm]: Loading texture hbm:textures/items/bedrock_ore_primary_rare.png
[14:54:00] [Client thread/WARN] [hbm]: No animation metadata found for hbm:items/bedrock_ore_primary_rare-56
[14:54:00] [Client thread/INFO] [hbm]: Loading texture hbm:textures/items/bedrock_ore_rad_actinide.png
[14:54:00] [Client thread/WARN] [hbm]: No animation metadata found for hbm:items/bedrock_ore_rad_actinide-153
[14:54:00] [Client thread/INFO] [hbm]: Loading texture hbm:textures/items/bedrock_ore_primary_rare.png
[14:54:00] [Client thread/WARN] [hbm]: No animation metadata found for hbm:items/bedrock_ore_primary_rare-62
[14:54:00] [Client thread/INFO] [hbm]: Loading texture hbm:textures/items/bedrock_ore_primary_rare.png
[14:54:00] [Client thread/WARN] [hbm]: No animation metadata found for hbm:items/bedrock_ore_primary_rare-20
[14:54:00] [Client thread/INFO] [hbm]: Loading texture hbm:textures/items/bedrock_ore_rad_actinide.png
[14:54:00] [Client thread/WARN] [hbm]: No animation metadata found for hbm:items/bedrock_ore_rad_actinide-147
[14:54:00] [Client thread/INFO] [hbm]: Loading texture hbm:textures/items/bedrock_ore_primary_rare.png
[14:54:00] [Client thread/WARN] [hbm]: No animation metadata found for hbm:items/bedrock_ore_primary_rare-26
[14:54:00] [Client thread/INFO] [hbm]: Loading texture hbm:textures/items/bedrock_ore_rad_actinide.png
[14:54:00] [Client thread/WARN] [hbm]: No animation metadata found for hbm:items/bedrock_ore_rad_actinide-141
[14:54:00] [Client thread/INFO] [hbm]: Loading texture hbm:textures/items/plate_welded.png
[14:54:00] [Client thread/WARN] [hbm]: No animation metadata found for hbm:items/plate_welded-zirconium
[14:54:00] [Client thread/INFO] [hbm]: Loading texture hbm:textures/items/bedrock_ore_primary_rare.png
[14:54:00] [Client thread/WARN] [hbm]: No animation metadata found for hbm:items/bedrock_ore_primary_rare-32
[14:54:00] [Client thread/INFO] [hbm]: Loading texture hbm:textures/items/bedrock_ore_primary_rare.png
[14:54:00] [Client thread/WARN] [hbm]: No animation metadata found for hbm:items/bedrock_ore_primary_rare-38
[14:54:00] [Client thread/INFO] [hbm]: Loading texture hbm:textures/items/bedrock_ore_rad_actinide.png
[14:54:00] [Client thread/WARN] [hbm]: No animation metadata found for hbm:items/bedrock_ore_rad_actinide-135
[14:54:00] [Client thread/INFO] [hbm]: Loading texture hbm:textures/items/bedrock_ore_primary_nonmetal.png
[14:54:00] [Client thread/WARN] [hbm]: No animation metadata found for hbm:items/bedrock_ore_primary_nonmetal-52
[14:54:00] [Client thread/INFO] [hbm]: Loading texture hbm:textures/items/bedrock_ore_primary_nonmetal.png
[14:54:00] [Client thread/WARN] [hbm]: No animation metadata found for hbm:items/bedrock_ore_primary_nonmetal-58
[14:54:00] [Client thread/INFO] [hbm]: Loading texture hbm:textures/items/bedrock_ore_primary_nonmetal.png
[14:54:00] [Client thread/WARN] [hbm]: No animation metadata found for hbm:items/bedrock_ore_primary_nonmetal-40
[14:54:00] [Client thread/INFO] [hbm]: Loading texture hbm:textures/items/bedrock_ore_primary_nonmetal.png
[14:54:00] [Client thread/WARN] [hbm]: No animation metadata found for hbm:items/bedrock_ore_primary_nonmetal-46
[14:54:00] [Client thread/INFO] [hbm]: Loading texture hbm:textures/items/bedrock_ore_solvent_crystal.png
[14:54:00] [Client thread/WARN] [hbm]: No animation metadata found for hbm:items/bedrock_ore_solvent_crystal-113
[14:54:00] [Client thread/INFO] [hbm]: Loading texture hbm:textures/items/bedrock_ore_solvent_crystal.png
[14:54:00] [Client thread/WARN] [hbm]: No animation metadata found for hbm:items/bedrock_ore_solvent_crystal-119
[14:54:00] [Client thread/INFO] [hbm]: Loading texture hbm:textures/items/bedrock_ore_primary_nonmetal.png
[14:54:00] [Client thread/WARN] [hbm]: No animation metadata found for hbm:items/bedrock_ore_primary_nonmetal-70
[14:54:00] [Client thread/INFO] [hbm]: Loading texture hbm:textures/items/bedrock_ore_primary_nonmetal.png
[14:54:00] [Client thread/WARN] [hbm]: No animation metadata found for hbm:items/bedrock_ore_primary_nonmetal-76
[14:54:00] [Client thread/INFO] [hbm]: Loading texture hbm:textures/items/ingot_raw.png
[14:54:00] [Client thread/WARN] [hbm]: No animation metadata found for hbm:items/ingot_raw-redstone
[14:54:00] [Client thread/INFO] [hbm]: Loading texture hbm:textures/items/bedrock_ore_crumbs_light.png
[14:54:00] [Client thread/WARN] [hbm]: No animation metadata found for hbm:items/bedrock_ore_crumbs_light-78
[14:54:00] [Client thread/INFO] [hbm]: Loading texture hbm:textures/items/bedrock_ore_primary_nonmetal.png
[14:54:00] [Client thread/WARN] [hbm]: No animation metadata found for hbm:items/bedrock_ore_primary_nonmetal-64
[14:54:00] [Client thread/WARN] [net.minecraft.client.renderer.texture.TextureMap]: Texture hbm:textures/models/weapons/am180.png with size 268x268 will have visual artifacts at mip level 4, it can only support level 2. Please report to the mod author that the texture should be some multiple of 16x16.
[14:54:00] [Client thread/INFO] [hbm]: Loading texture hbm:textures/items/plate_cast.png
[14:54:00] [Client thread/WARN] [hbm]: No animation metadata found for hbm:items/plate_cast-osmiridium
[14:54:00] [Client thread/INFO] [hbm]: Loading texture hbm:textures/items/bedrock_ore_primary_nonmetal.png
[14:54:00] [Client thread/WARN] [hbm]: No animation metadata found for hbm:items/bedrock_ore_primary_nonmetal-34
[14:54:00] [Client thread/INFO] [hbm]: Loading texture hbm:textures/items/bedrock_ore_solvent_crystal.png
[14:54:00] [Client thread/WARN] [hbm]: No animation metadata found for hbm:items/bedrock_ore_solvent_crystal-125
[14:54:00] [Client thread/INFO] [hbm]: Loading texture hbm:textures/items/bedrock_ore_primary_nonmetal.png
[14:54:00] [Client thread/WARN] [hbm]: No animation metadata found for hbm:items/bedrock_ore_primary_nonmetal-22
[14:54:00] [Client thread/INFO] [hbm]: Loading texture hbm:textures/items/bedrock_ore_primary_nonmetal.png
[14:54:00] [Client thread/WARN] [hbm]: No animation metadata found for hbm:items/bedrock_ore_primary_nonmetal-28
[14:54:00] [Client thread/INFO] [hbm]: Loading texture hbm:textures/items/bedrock_ore_solvent_crystal.png
[14:54:00] [Client thread/WARN] [hbm]: No animation metadata found for hbm:items/bedrock_ore_solvent_crystal-131
[14:54:00] [Client thread/WARN] [net.minecraft.client.renderer.texture.TextureMap]: Texture hbm:textures/models/missile_parts/thrusters/mp_t_15_solid.png with size 72x72 will have visual artifacts at mip level 4, it can only support level 3. Please report to the mod author that the texture should be some multiple of 16x16.
[14:54:00] [Client thread/INFO] [hbm]: Loading texture hbm:textures/items/bedrock_ore_sulfuric_light.png
[14:54:00] [Client thread/WARN] [hbm]: No animation metadata found for hbm:items/bedrock_ore_sulfuric_light-102
[14:54:00] [Client thread/INFO] [hbm]: Loading texture hbm:textures/items/bedrock_ore_solvent_rare.png
[14:54:00] [Client thread/WARN] [hbm]: No animation metadata found for hbm:items/bedrock_ore_solvent_rare-122
[14:54:00] [Client thread/INFO] [hbm]: Loading texture hbm:textures/items/bedrock_ore_solvent_rare.png
[14:54:00] [Client thread/WARN] [hbm]: No animation metadata found for hbm:items/bedrock_ore_solvent_rare-128
[14:54:00] [Client thread/INFO] [hbm]: Loading texture hbm:textures/items/bedrock_ore_solvent_rare.png
[14:54:00] [Client thread/WARN] [hbm]: No animation metadata found for hbm:items/bedrock_ore_solvent_rare-110
[14:54:00] [Client thread/INFO] [hbm]: Loading texture hbm:textures/items/scraps.png
[14:54:00] [Client thread/WARN] [hbm]: No animation metadata found for hbm:items/scraps-uranium
[14:54:00] [Client thread/INFO] [hbm]: Loading texture hbm:textures/items/bedrock_ore_solvent_rare.png
[14:54:00] [Client thread/WARN] [hbm]: No animation metadata found for hbm:items/bedrock_ore_solvent_rare-116
[14:54:00] [Client thread/INFO] [hbm]: Loading texture hbm:textures/items/watz_pellet.png
[14:54:00] [Client thread/WARN] [hbm]: No animation metadata found for hbm:items/watz_pellet-9
[14:54:00] [Client thread/INFO] [hbm]: Loading texture hbm:textures/items/watz_pellet.png
[14:54:00] [Client thread/WARN] [hbm]: No animation metadata found for hbm:items/watz_pellet-8
[14:54:00] [Client thread/INFO] [hbm]: Loading texture hbm:textures/items/watz_pellet.png
[14:54:00] [Client thread/WARN] [hbm]: No animation metadata found for hbm:items/watz_pellet-3
[14:54:00] [Client thread/INFO] [hbm]: Loading texture hbm:textures/items/watz_pellet.png
[14:54:00] [Client thread/WARN] [hbm]: No animation metadata found for hbm:items/watz_pellet-2
[14:54:00] [Client thread/INFO] [hbm]: Loading texture hbm:textures/items/watz_pellet.png
[14:54:00] [Client thread/WARN] [hbm]: No animation metadata found for hbm:items/watz_pellet-1
[14:54:00] [Client thread/INFO] [hbm]: Loading texture hbm:textures/items/watz_pellet.png
[14:54:00] [Client thread/WARN] [hbm]: No animation metadata found for hbm:items/watz_pellet-0
[14:54:00] [Client thread/INFO] [hbm]: Loading texture hbm:textures/items/watz_pellet.png
[14:54:00] [Client thread/WARN] [hbm]: No animation metadata found for hbm:items/watz_pellet-7
[14:54:00] [Client thread/INFO] [hbm]: Loading texture hbm:textures/items/watz_pellet.png
[14:54:00] [Client thread/WARN] [hbm]: No animation metadata found for hbm:items/watz_pellet-6
[14:54:00] [Client thread/INFO] [hbm]: Loading texture hbm:textures/items/watz_pellet.png
[14:54:00] [Client thread/WARN] [hbm]: No animation metadata found for hbm:items/watz_pellet-5
[14:54:00] [Client thread/INFO] [hbm]: Loading texture hbm:textures/items/watz_pellet.png
[14:54:00] [Client thread/WARN] [hbm]: No animation metadata found for hbm:items/watz_pellet-4
[14:54:00] [Client thread/INFO] [hbm]: Loading texture hbm:textures/items/scraps.png
[14:54:00] [Client thread/WARN] [hbm]: No animation metadata found for hbm:items/scraps-bakelite
[14:54:00] [Client thread/INFO] [hbm]: Loading texture hbm:textures/items/part_receiver_heavy.png
[14:54:00] [Client thread/WARN] [hbm]: No animation metadata found for hbm:items/part_receiver_heavy-gunmetal
[14:54:00] [Client thread/INFO] [hbm]: Loading texture hbm:textures/items/scraps.png
[14:54:00] [Client thread/WARN] [hbm]: No animation metadata found for hbm:items/scraps-wroughtiron
[14:54:00] [Client thread/INFO] [net.minecraft.client.renderer.texture.TextureMap]: Created: 8192x4096 textures-atlas
[14:54:00] [Client thread/WARN] [org.embeddedt.vintagefix.dynamicresources.model.DynamicBakedModelProvider]: Texture techguns:guns/grenadelauncher was not discovered during texture pass
[14:54:00] [Client thread/WARN] [org.embeddedt.vintagefix.dynamicresources.model.DynamicBakedModelProvider]: Texture techguns:guns/gaussrifle was not discovered during texture pass
[14:54:00] [Client thread/ERROR] [org.embeddedt.vintagefix.dynamicresources.model.DynamicModelProvider]: Failed to load model techguns:laserpistol#inventory
net.minecraftforge.client.model.ModelLoaderRegistry$LoaderException: Exception loading model techguns:laserpistol#inventory with loader VariantLoader.INSTANCE
	at org.embeddedt.vintagefix.dynamicresources.model.DynamicModelProvider.loadModel(DynamicModelProvider.java:208) ~[DynamicModelProvider.class:?]
	at org.embeddedt.vintagefix.dynamicresources.model.DynamicModelProvider.loadModelFromBlockstateOrInventory(DynamicModelProvider.java:111) [DynamicModelProvider.class:?]
	at org.embeddedt.vintagefix.dynamicresources.model.DynamicModelProvider.getObject(DynamicModelProvider.java:66) [DynamicModelProvider.class:?]
	at org.embeddedt.vintagefix.dynamicresources.model.DynamicBakedModelProvider.loadBakedModel(DynamicBakedModelProvider.java:121) [DynamicBakedModelProvider.class:?]
	at org.embeddedt.vintagefix.dynamicresources.model.DynamicBakedModelProvider.getObject(DynamicBakedModelProvider.java:87) [DynamicBakedModelProvider.class:?]
	at org.embeddedt.vintagefix.dynamicresources.model.DynamicBakedModelProvider.func_82594_a(DynamicBakedModelProvider.java:39) [DynamicBakedModelProvider.class:?]
	at org.embeddedt.vintagefix.dynamicresources.WrappingModelRegistry.getObject(WrappingModelRegistry.java:28) [WrappingModelRegistry.class:?]
	at org.embeddedt.vintagefix.dynamicresources.WrappingModelRegistry.func_82594_a(WrappingModelRegistry.java:18) [WrappingModelRegistry.class:?]
	at techguns.client.render.TGItemRenderEvents.registerBuiltInModel(TGItemRenderEvents.java:55) [TGItemRenderEvents.class:?]
	at techguns.client.render.TGItemRenderEvents.lambda$onModelBake$0(TGItemRenderEvents.java:43) [TGItemRenderEvents.class:?]
	at techguns.client.render.TGItemRenderEvents$$Lambda$2342/1234729803.accept(Unknown Source) [TGItemRenderEvents.class:?]
	at java.util.ArrayList.forEach(ArrayList.java:1249) [?:1.8.0_51]
	at techguns.client.render.TGItemRenderEvents.onModelBake(TGItemRenderEvents.java:43) [TGItemRenderEvents.class:?]
	at net.minecraftforge.fml.common.eventhandler.ASMEventHandler_201_TGItemRenderEvents_onModelBake_ModelBakeEvent.invoke(.dynamic) [?:?]
	at net.minecraftforge.fml.common.eventhandler.ASMEventHandler.invoke(ASMEventHandler.java:90) [ASMEventHandler.class:?]
	at net.minecraftforge.fml.common.eventhandler.EventBus$1.invoke(EventBus.java:144) [EventBus$1.class:?]
	at net.minecraft.client.renderer.block.model.ModelManager.func_110549_a(ModelManager.java:754) [cgc.class:?]
	at net.minecraft.client.resources.SimpleReloadableResourceManager.func_110542_a(SimpleReloadableResourceManager.java:121) [cev.class:?]
	at net.minecraft.client.Minecraft.func_71384_a(Minecraft.java:513) [bib.class:?]
	at net.minecraft.client.Minecraft.func_99999_d(Minecraft.java:378) [bib.class:?]
	at net.minecraft.client.main.Main.main(SourceFile:123) [Main.class:?]
	at sun.reflect.NativeMethodAccessorImpl.invoke0(Native Method) ~[?:1.8.0_51]
	at sun.reflect.NativeMethodAccessorImpl.invoke(NativeMethodAccessorImpl.java:62) ~[?:1.8.0_51]
	at sun.reflect.DelegatingMethodAccessorImpl.invoke(DelegatingMethodAccessorImpl.java:43) ~[?:1.8.0_51]
	at java.lang.reflect.Method.invoke(Method.java:497) ~[?:1.8.0_51]
	at net.minecraft.launchwrapper.Launch.launch(Launch.java:135) [launchwrapper-1.12.jar:?]
	at net.minecraft.launchwrapper.Launch.main(Launch.java:28) [launchwrapper-1.12.jar:?]
	at org.prismlauncher.launcher.impl.StandardLauncher.launch(StandardLauncher.java:115) [NewLaunch.jar:?]
	at org.prismlauncher.EntryPoint.listen(EntryPoint.java:129) [NewLaunch.jar:?]
	at org.prismlauncher.EntryPoint.main(EntryPoint.java:70) [NewLaunch.jar:?]
Caused by: java.lang.NullPointerException
	at net.minecraftforge.client.model.ModelLoader$MultipartModel.<init>(ModelLoader.java:1212) ~[ModelLoader$MultipartModel.class:?]
	at net.minecraftforge.client.model.ModelLoader$VariantLoader.loadModel(ModelLoader.java:1326) ~[ModelLoader$VariantLoader.class:?]
	at org.embeddedt.vintagefix.dynamicresources.model.DynamicModelProvider.loadModel(DynamicModelProvider.java:206) ~[DynamicModelProvider.class:?]
	... 29 more
[14:54:00] [Client thread/ERROR] [org.embeddedt.vintagefix.dynamicresources.model.DynamicModelProvider]: Failed to load model techguns:laserpistol#inventory as item techguns:item/laserpistol
net.minecraftforge.client.model.ModelLoaderRegistry$LoaderException: Exception loading model techguns:laserpistol#inventory with loader VariantLoader.INSTANCE
	at org.embeddedt.vintagefix.dynamicresources.model.DynamicModelProvider.loadModel(DynamicModelProvider.java:208) ~[DynamicModelProvider.class:?]
	at org.embeddedt.vintagefix.dynamicresources.model.DynamicModelProvider.loadModelFromBlockstateOrInventory(DynamicModelProvider.java:111) [DynamicModelProvider.class:?]
	at org.embeddedt.vintagefix.dynamicresources.model.DynamicModelProvider.getObject(DynamicModelProvider.java:66) [DynamicModelProvider.class:?]
	at org.embeddedt.vintagefix.dynamicresources.model.DynamicBakedModelProvider.loadBakedModel(DynamicBakedModelProvider.java:121) [DynamicBakedModelProvider.class:?]
	at org.embeddedt.vintagefix.dynamicresources.model.DynamicBakedModelProvider.getObject(DynamicBakedModelProvider.java:87) [DynamicBakedModelProvider.class:?]
	at org.embeddedt.vintagefix.dynamicresources.model.DynamicBakedModelProvider.func_82594_a(DynamicBakedModelProvider.java:39) [DynamicBakedModelProvider.class:?]
	at org.embeddedt.vintagefix.dynamicresources.WrappingModelRegistry.getObject(WrappingModelRegistry.java:28) [WrappingModelRegistry.class:?]
	at org.embeddedt.vintagefix.dynamicresources.WrappingModelRegistry.func_82594_a(WrappingModelRegistry.java:18) [WrappingModelRegistry.class:?]
	at techguns.client.render.TGItemRenderEvents.registerBuiltInModel(TGItemRenderEvents.java:55) [TGItemRenderEvents.class:?]
	at techguns.client.render.TGItemRenderEvents.lambda$onModelBake$0(TGItemRenderEvents.java:43) [TGItemRenderEvents.class:?]
	at techguns.client.render.TGItemRenderEvents$$Lambda$2342/1234729803.accept(Unknown Source) [TGItemRenderEvents.class:?]
	at java.util.ArrayList.forEach(ArrayList.java:1249) [?:1.8.0_51]
	at techguns.client.render.TGItemRenderEvents.onModelBake(TGItemRenderEvents.java:43) [TGItemRenderEvents.class:?]
	at net.minecraftforge.fml.common.eventhandler.ASMEventHandler_201_TGItemRenderEvents_onModelBake_ModelBakeEvent.invoke(.dynamic) [?:?]
	at net.minecraftforge.fml.common.eventhandler.ASMEventHandler.invoke(ASMEventHandler.java:90) [ASMEventHandler.class:?]
	at net.minecraftforge.fml.common.eventhandler.EventBus$1.invoke(EventBus.java:144) [EventBus$1.class:?]
	at net.minecraft.client.renderer.block.model.ModelManager.func_110549_a(ModelManager.java:754) [cgc.class:?]
	at net.minecraft.client.resources.SimpleReloadableResourceManager.func_110542_a(SimpleReloadableResourceManager.java:121) [cev.class:?]
	at net.minecraft.client.Minecraft.func_71384_a(Minecraft.java:513) [bib.class:?]
	at net.minecraft.client.Minecraft.func_99999_d(Minecraft.java:378) [bib.class:?]
	at net.minecraft.client.main.Main.main(SourceFile:123) [Main.class:?]
	at sun.reflect.NativeMethodAccessorImpl.invoke0(Native Method) ~[?:1.8.0_51]
	at sun.reflect.NativeMethodAccessorImpl.invoke(NativeMethodAccessorImpl.java:62) ~[?:1.8.0_51]
	at sun.reflect.DelegatingMethodAccessorImpl.invoke(DelegatingMethodAccessorImpl.java:43) ~[?:1.8.0_51]
	at java.lang.reflect.Method.invoke(Method.java:497) ~[?:1.8.0_51]
	at net.minecraft.launchwrapper.Launch.launch(Launch.java:135) [launchwrapper-1.12.jar:?]
	at net.minecraft.launchwrapper.Launch.main(Launch.java:28) [launchwrapper-1.12.jar:?]
	at org.prismlauncher.launcher.impl.StandardLauncher.launch(StandardLauncher.java:115) [NewLaunch.jar:?]
	at org.prismlauncher.EntryPoint.listen(EntryPoint.java:129) [NewLaunch.jar:?]
	at org.prismlauncher.EntryPoint.main(EntryPoint.java:70) [NewLaunch.jar:?]
Caused by: java.lang.NullPointerException
	at net.minecraftforge.client.model.ModelLoader$MultipartModel.<init>(ModelLoader.java:1212) ~[ModelLoader$MultipartModel.class:?]
	at net.minecraftforge.client.model.ModelLoader$VariantLoader.loadModel(ModelLoader.java:1326) ~[ModelLoader$VariantLoader.class:?]
	at org.embeddedt.vintagefix.dynamicresources.model.DynamicModelProvider.loadModel(DynamicModelProvider.java:206) ~[DynamicModelProvider.class:?]
	... 29 more
[14:54:00] [Client thread/ERROR] [org.embeddedt.vintagefix.dynamicresources.model.DynamicBakedModelProvider]: Error occured while loading model techguns:laserpistol#inventory
[14:54:00] [Client thread/ERROR] [org.embeddedt.vintagefix.dynamicresources.model.DynamicModelProvider]: Failed to load model techguns:shishkebap#inventory
net.minecraftforge.client.model.ModelLoaderRegistry$LoaderException: Exception loading model techguns:shishkebap#inventory with loader VariantLoader.INSTANCE
	at org.embeddedt.vintagefix.dynamicresources.model.DynamicModelProvider.loadModel(DynamicModelProvider.java:208) ~[DynamicModelProvider.class:?]
	at org.embeddedt.vintagefix.dynamicresources.model.DynamicModelProvider.loadModelFromBlockstateOrInventory(DynamicModelProvider.java:111) [DynamicModelProvider.class:?]
	at org.embeddedt.vintagefix.dynamicresources.model.DynamicModelProvider.getObject(DynamicModelProvider.java:66) [DynamicModelProvider.class:?]
	at org.embeddedt.vintagefix.dynamicresources.model.DynamicBakedModelProvider.loadBakedModel(DynamicBakedModelProvider.java:121) [DynamicBakedModelProvider.class:?]
	at org.embeddedt.vintagefix.dynamicresources.model.DynamicBakedModelProvider.getObject(DynamicBakedModelProvider.java:87) [DynamicBakedModelProvider.class:?]
	at org.embeddedt.vintagefix.dynamicresources.model.DynamicBakedModelProvider.func_82594_a(DynamicBakedModelProvider.java:39) [DynamicBakedModelProvider.class:?]
	at org.embeddedt.vintagefix.dynamicresources.WrappingModelRegistry.getObject(WrappingModelRegistry.java:28) [WrappingModelRegistry.class:?]
	at org.embeddedt.vintagefix.dynamicresources.WrappingModelRegistry.func_82594_a(WrappingModelRegistry.java:18) [WrappingModelRegistry.class:?]
	at techguns.client.render.TGItemRenderEvents.registerBuiltInModel(TGItemRenderEvents.java:55) [TGItemRenderEvents.class:?]
	at techguns.client.render.TGItemRenderEvents.lambda$onModelBake$0(TGItemRenderEvents.java:43) [TGItemRenderEvents.class:?]
	at techguns.client.render.TGItemRenderEvents$$Lambda$2342/1234729803.accept(Unknown Source) [TGItemRenderEvents.class:?]
	at java.util.ArrayList.forEach(ArrayList.java:1249) [?:1.8.0_51]
	at techguns.client.render.TGItemRenderEvents.onModelBake(TGItemRenderEvents.java:43) [TGItemRenderEvents.class:?]
	at net.minecraftforge.fml.common.eventhandler.ASMEventHandler_201_TGItemRenderEvents_onModelBake_ModelBakeEvent.invoke(.dynamic) [?:?]
	at net.minecraftforge.fml.common.eventhandler.ASMEventHandler.invoke(ASMEventHandler.java:90) [ASMEventHandler.class:?]
	at net.minecraftforge.fml.common.eventhandler.EventBus$1.invoke(EventBus.java:144) [EventBus$1.class:?]
	at net.minecraft.client.renderer.block.model.ModelManager.func_110549_a(ModelManager.java:754) [cgc.class:?]
	at net.minecraft.client.resources.SimpleReloadableResourceManager.func_110542_a(SimpleReloadableResourceManager.java:121) [cev.class:?]
	at net.minecraft.client.Minecraft.func_71384_a(Minecraft.java:513) [bib.class:?]
	at net.minecraft.client.Minecraft.func_99999_d(Minecraft.java:378) [bib.class:?]
	at net.minecraft.client.main.Main.main(SourceFile:123) [Main.class:?]
	at sun.reflect.NativeMethodAccessorImpl.invoke0(Native Method) ~[?:1.8.0_51]
	at sun.reflect.NativeMethodAccessorImpl.invoke(NativeMethodAccessorImpl.java:62) ~[?:1.8.0_51]
	at sun.reflect.DelegatingMethodAccessorImpl.invoke(DelegatingMethodAccessorImpl.java:43) ~[?:1.8.0_51]
	at java.lang.reflect.Method.invoke(Method.java:497) ~[?:1.8.0_51]
	at net.minecraft.launchwrapper.Launch.launch(Launch.java:135) [launchwrapper-1.12.jar:?]
	at net.minecraft.launchwrapper.Launch.main(Launch.java:28) [launchwrapper-1.12.jar:?]
	at org.prismlauncher.launcher.impl.StandardLauncher.launch(StandardLauncher.java:115) [NewLaunch.jar:?]
	at org.prismlauncher.EntryPoint.listen(EntryPoint.java:129) [NewLaunch.jar:?]
	at org.prismlauncher.EntryPoint.main(EntryPoint.java:70) [NewLaunch.jar:?]
Caused by: java.lang.NullPointerException
	at net.minecraftforge.client.model.ModelLoader$MultipartModel.<init>(ModelLoader.java:1212) ~[ModelLoader$MultipartModel.class:?]
	at net.minecraftforge.client.model.ModelLoader$VariantLoader.loadModel(ModelLoader.java:1326) ~[ModelLoader$VariantLoader.class:?]
	at org.embeddedt.vintagefix.dynamicresources.model.DynamicModelProvider.loadModel(DynamicModelProvider.java:206) ~[DynamicModelProvider.class:?]
	... 29 more
[14:54:00] [Client thread/ERROR] [org.embeddedt.vintagefix.dynamicresources.model.DynamicModelProvider]: Failed to load model techguns:shishkebap#inventory as item techguns:shishkebap
net.minecraftforge.client.model.ModelLoaderRegistry$LoaderException: Exception loading model techguns:shishkebap#inventory with loader VariantLoader.INSTANCE
	at org.embeddedt.vintagefix.dynamicresources.model.DynamicModelProvider.loadModel(DynamicModelProvider.java:208) ~[DynamicModelProvider.class:?]
	at org.embeddedt.vintagefix.dynamicresources.model.DynamicModelProvider.loadModelFromBlockstateOrInventory(DynamicModelProvider.java:111) [DynamicModelProvider.class:?]
	at org.embeddedt.vintagefix.dynamicresources.model.DynamicModelProvider.getObject(DynamicModelProvider.java:66) [DynamicModelProvider.class:?]
	at org.embeddedt.vintagefix.dynamicresources.model.DynamicBakedModelProvider.loadBakedModel(DynamicBakedModelProvider.java:121) [DynamicBakedModelProvider.class:?]
	at org.embeddedt.vintagefix.dynamicresources.model.DynamicBakedModelProvider.getObject(DynamicBakedModelProvider.java:87) [DynamicBakedModelProvider.class:?]
	at org.embeddedt.vintagefix.dynamicresources.model.DynamicBakedModelProvider.func_82594_a(DynamicBakedModelProvider.java:39) [DynamicBakedModelProvider.class:?]
	at org.embeddedt.vintagefix.dynamicresources.WrappingModelRegistry.getObject(WrappingModelRegistry.java:28) [WrappingModelRegistry.class:?]
	at org.embeddedt.vintagefix.dynamicresources.WrappingModelRegistry.func_82594_a(WrappingModelRegistry.java:18) [WrappingModelRegistry.class:?]
	at techguns.client.render.TGItemRenderEvents.registerBuiltInModel(TGItemRenderEvents.java:55) [TGItemRenderEvents.class:?]
	at techguns.client.render.TGItemRenderEvents.lambda$onModelBake$0(TGItemRenderEvents.java:43) [TGItemRenderEvents.class:?]
	at techguns.client.render.TGItemRenderEvents$$Lambda$2342/1234729803.accept(Unknown Source) [TGItemRenderEvents.class:?]
	at java.util.ArrayList.forEach(ArrayList.java:1249) [?:1.8.0_51]
	at techguns.client.render.TGItemRenderEvents.onModelBake(TGItemRenderEvents.java:43) [TGItemRenderEvents.class:?]
	at net.minecraftforge.fml.common.eventhandler.ASMEventHandler_201_TGItemRenderEvents_onModelBake_ModelBakeEvent.invoke(.dynamic) [?:?]
	at net.minecraftforge.fml.common.eventhandler.ASMEventHandler.invoke(ASMEventHandler.java:90) [ASMEventHandler.class:?]
	at net.minecraftforge.fml.common.eventhandler.EventBus$1.invoke(EventBus.java:144) [EventBus$1.class:?]
	at net.minecraft.client.renderer.block.model.ModelManager.func_110549_a(ModelManager.java:754) [cgc.class:?]
	at net.minecraft.client.resources.SimpleReloadableResourceManager.func_110542_a(SimpleReloadableResourceManager.java:121) [cev.class:?]
	at net.minecraft.client.Minecraft.func_71384_a(Minecraft.java:513) [bib.class:?]
	at net.minecraft.client.Minecraft.func_99999_d(Minecraft.java:378) [bib.class:?]
	at net.minecraft.client.main.Main.main(SourceFile:123) [Main.class:?]
	at sun.reflect.NativeMethodAccessorImpl.invoke0(Native Method) ~[?:1.8.0_51]
	at sun.reflect.NativeMethodAccessorImpl.invoke(NativeMethodAccessorImpl.java:62) ~[?:1.8.0_51]
	at sun.reflect.DelegatingMethodAccessorImpl.invoke(DelegatingMethodAccessorImpl.java:43) ~[?:1.8.0_51]
	at java.lang.reflect.Method.invoke(Method.java:497) ~[?:1.8.0_51]
	at net.minecraft.launchwrapper.Launch.launch(Launch.java:135) [launchwrapper-1.12.jar:?]
	at net.minecraft.launchwrapper.Launch.main(Launch.java:28) [launchwrapper-1.12.jar:?]
	at org.prismlauncher.launcher.impl.StandardLauncher.launch(StandardLauncher.java:115) [NewLaunch.jar:?]
	at org.prismlauncher.EntryPoint.listen(EntryPoint.java:129) [NewLaunch.jar:?]
	at org.prismlauncher.EntryPoint.main(EntryPoint.java:70) [NewLaunch.jar:?]
Caused by: java.lang.NullPointerException
	at net.minecraftforge.client.model.ModelLoader$MultipartModel.<init>(ModelLoader.java:1212) ~[ModelLoader$MultipartModel.class:?]
	at net.minecraftforge.client.model.ModelLoader$VariantLoader.loadModel(ModelLoader.java:1326) ~[ModelLoader$VariantLoader.class:?]
	at org.embeddedt.vintagefix.dynamicresources.model.DynamicModelProvider.loadModel(DynamicModelProvider.java:206) ~[DynamicModelProvider.class:?]
	... 29 more
[14:54:00] [Client thread/ERROR] [org.embeddedt.vintagefix.dynamicresources.model.DynamicBakedModelProvider]: Error occured while loading model techguns:shishkebap#inventory
[14:54:00] [Client thread/WARN] [org.embeddedt.vintagefix.dynamicresources.model.DynamicBakedModelProvider]: Texture techguns:items/rocket was not discovered during texture pass
[14:54:00] [Client thread/WARN] [org.embeddedt.vintagefix.dynamicresources.model.DynamicBakedModelProvider]: Texture techguns:items/rocket was not discovered during texture pass
[14:54:00] [Client thread/WARN] [org.embeddedt.vintagefix.dynamicresources.model.DynamicBakedModelProvider]: Texture techguns:items/assaultriflemagazine was not discovered during texture pass
[14:54:00] [Client thread/WARN] [org.embeddedt.vintagefix.dynamicresources.model.DynamicBakedModelProvider]: Texture techguns:items/assaultriflemagazine was not discovered during texture pass
[14:54:00] [Client thread/WARN] [org.embeddedt.vintagefix.dynamicresources.model.DynamicBakedModelProvider]: Texture techguns:items/assaultriflemagazineempty was not discovered during texture pass
[14:54:00] [Client thread/WARN] [org.embeddedt.vintagefix.dynamicresources.model.DynamicBakedModelProvider]: Texture techguns:items/assaultriflemagazineempty was not discovered during texture pass
[14:54:00] [Client thread/WARN] [org.embeddedt.vintagefix.dynamicresources.model.DynamicBakedModelProvider]: Texture techguns:items/lmgmagazine was not discovered during texture pass
[14:54:00] [Client thread/WARN] [org.embeddedt.vintagefix.dynamicresources.model.DynamicBakedModelProvider]: Texture techguns:items/lmgmagazine was not discovered during texture pass
[14:54:00] [Client thread/WARN] [org.embeddedt.vintagefix.dynamicresources.model.DynamicBakedModelProvider]: Texture techguns:items/lmgmagazineempty was not discovered during texture pass
[14:54:00] [Client thread/WARN] [org.embeddedt.vintagefix.dynamicresources.model.DynamicBakedModelProvider]: Texture techguns:items/lmgmagazineempty was not discovered during texture pass
[14:54:00] [Client thread/WARN] [org.embeddedt.vintagefix.dynamicresources.model.DynamicBakedModelProvider]: Texture techguns:items/as50magazine was not discovered during texture pass
[14:54:00] [Client thread/WARN] [org.embeddedt.vintagefix.dynamicresources.model.DynamicBakedModelProvider]: Texture techguns:items/as50magazine was not discovered during texture pass
[14:54:00] [Client thread/WARN] [org.embeddedt.vintagefix.dynamicresources.model.DynamicBakedModelProvider]: Texture techguns:items/as50magazineempty was not discovered during texture pass
[14:54:00] [Client thread/WARN] [org.embeddedt.vintagefix.dynamicresources.model.DynamicBakedModelProvider]: Texture techguns:items/as50magazineempty was not discovered during texture pass
[14:54:00] [Client thread/WARN] [org.embeddedt.vintagefix.dynamicresources.model.DynamicBakedModelProvider]: Texture techguns:items/as50magazine_incendiary was not discovered during texture pass
[14:54:00] [Client thread/WARN] [org.embeddedt.vintagefix.dynamicresources.model.DynamicBakedModelProvider]: Texture techguns:items/as50magazine_incendiary was not discovered during texture pass
[14:54:00] [Client thread/WARN] [org.embeddedt.vintagefix.dynamicresources.model.DynamicBakedModelProvider]: Texture techguns:items/assaultriflemagazine_incendiary was not discovered during texture pass
[14:54:00] [Client thread/WARN] [org.embeddedt.vintagefix.dynamicresources.model.DynamicBakedModelProvider]: Texture techguns:items/assaultriflemagazine_incendiary was not discovered during texture pass
[14:54:00] [Client thread/WARN] [org.embeddedt.vintagefix.dynamicresources.model.DynamicBakedModelProvider]: Texture techguns:items/lmgmagazine_incendiary was not discovered during texture pass
[14:54:00] [Client thread/WARN] [org.embeddedt.vintagefix.dynamicresources.model.DynamicBakedModelProvider]: Texture techguns:items/lmgmagazine_incendiary was not discovered during texture pass
[14:54:00] [Client thread/WARN] [org.embeddedt.vintagefix.dynamicresources.model.DynamicBakedModelProvider]: Texture techguns:items/rocket_nuke was not discovered during texture pass
[14:54:00] [Client thread/WARN] [org.embeddedt.vintagefix.dynamicresources.model.DynamicBakedModelProvider]: Texture techguns:items/rocket_nuke was not discovered during texture pass
[14:54:00] [Client thread/WARN] [org.embeddedt.vintagefix.dynamicresources.model.DynamicBakedModelProvider]: Texture techguns:items/as50magazine_explosive was not discovered during texture pass
[14:54:00] [Client thread/WARN] [org.embeddedt.vintagefix.dynamicresources.model.DynamicBakedModelProvider]: Texture techguns:items/as50magazine_explosive was not discovered during texture pass
[14:54:00] [Client thread/WARN] [org.embeddedt.vintagefix.dynamicresources.model.DynamicBakedModelProvider]: Texture techguns:items/rocket_high_velocity was not discovered during texture pass
[14:54:00] [Client thread/WARN] [org.embeddedt.vintagefix.dynamicresources.model.DynamicBakedModelProvider]: Texture techguns:items/rocket_high_velocity was not discovered during texture pass
[14:54:00] [Client thread/WARN] [VintageFix]: Mod 'appliedenergistics2' is attempting to iterate the model registry, but is not whitelisted in VintageFix. This may cause glitches if it wraps its own models.
[14:54:01] [Client thread/ERROR] [org.embeddedt.vintagefix.dynamicresources.model.DynamicModelProvider]: Failed to load model hbm:canister_fuel#inventory
net.minecraftforge.client.model.ModelLoaderRegistry$LoaderException: Exception loading model hbm:canister_fuel#inventory with loader VariantLoader.INSTANCE
	at org.embeddedt.vintagefix.dynamicresources.model.DynamicModelProvider.loadModel(DynamicModelProvider.java:208) ~[DynamicModelProvider.class:?]
	at org.embeddedt.vintagefix.dynamicresources.model.DynamicModelProvider.loadModelFromBlockstateOrInventory(DynamicModelProvider.java:111) [DynamicModelProvider.class:?]
	at org.embeddedt.vintagefix.dynamicresources.model.DynamicModelProvider.getObject(DynamicModelProvider.java:66) [DynamicModelProvider.class:?]
	at org.embeddedt.vintagefix.dynamicresources.model.DynamicBakedModelProvider.loadBakedModel(DynamicBakedModelProvider.java:121) [DynamicBakedModelProvider.class:?]
	at org.embeddedt.vintagefix.dynamicresources.model.DynamicBakedModelProvider.getObject(DynamicBakedModelProvider.java:87) [DynamicBakedModelProvider.class:?]
	at org.embeddedt.vintagefix.dynamicresources.model.DynamicBakedModelProvider.func_82594_a(DynamicBakedModelProvider.java:39) [DynamicBakedModelProvider.class:?]
	at org.embeddedt.vintagefix.dynamicresources.WrappingModelRegistry.getObject(WrappingModelRegistry.java:28) [WrappingModelRegistry.class:?]
	at org.embeddedt.vintagefix.dynamicresources.WrappingModelRegistry.func_82594_a(WrappingModelRegistry.java:18) [WrappingModelRegistry.class:?]
	at com.hbm.main.client.NTMClientRegistry.onModelBake(NTMClientRegistry.java:598) [NTMClientRegistry.class:?]
	at net.minecraftforge.fml.common.eventhandler.ASMEventHandler_412_NTMClientRegistry_onModelBake_ModelBakeEvent.invoke(.dynamic) [?:?]
	at net.minecraftforge.fml.common.eventhandler.ASMEventHandler.invoke(ASMEventHandler.java:90) [ASMEventHandler.class:?]
	at net.minecraftforge.fml.common.eventhandler.EventBus$1.invoke(EventBus.java:144) [EventBus$1.class:?]
	at net.minecraft.client.renderer.block.model.ModelManager.func_110549_a(ModelManager.java:754) [cgc.class:?]
	at net.minecraft.client.resources.SimpleReloadableResourceManager.func_110542_a(SimpleReloadableResourceManager.java:121) [cev.class:?]
	at net.minecraft.client.Minecraft.func_71384_a(Minecraft.java:513) [bib.class:?]
	at net.minecraft.client.Minecraft.func_99999_d(Minecraft.java:378) [bib.class:?]
	at net.minecraft.client.main.Main.main(SourceFile:123) [Main.class:?]
	at sun.reflect.NativeMethodAccessorImpl.invoke0(Native Method) ~[?:1.8.0_51]
	at sun.reflect.NativeMethodAccessorImpl.invoke(NativeMethodAccessorImpl.java:62) ~[?:1.8.0_51]
	at sun.reflect.DelegatingMethodAccessorImpl.invoke(DelegatingMethodAccessorImpl.java:43) ~[?:1.8.0_51]
	at java.lang.reflect.Method.invoke(Method.java:497) ~[?:1.8.0_51]
	at net.minecraft.launchwrapper.Launch.launch(Launch.java:135) [launchwrapper-1.12.jar:?]
	at net.minecraft.launchwrapper.Launch.main(Launch.java:28) [launchwrapper-1.12.jar:?]
	at org.prismlauncher.launcher.impl.StandardLauncher.launch(StandardLauncher.java:115) [NewLaunch.jar:?]
	at org.prismlauncher.EntryPoint.listen(EntryPoint.java:129) [NewLaunch.jar:?]
	at org.prismlauncher.EntryPoint.main(EntryPoint.java:70) [NewLaunch.jar:?]
Caused by: java.lang.NullPointerException
	at net.minecraftforge.client.model.ModelLoader$MultipartModel.<init>(ModelLoader.java:1212) ~[ModelLoader$MultipartModel.class:?]
	at net.minecraftforge.client.model.ModelLoader$VariantLoader.loadModel(ModelLoader.java:1326) ~[ModelLoader$VariantLoader.class:?]
	at org.embeddedt.vintagefix.dynamicresources.model.DynamicModelProvider.loadModel(DynamicModelProvider.java:206) ~[DynamicModelProvider.class:?]
	... 25 more
[14:54:01] [Client thread/ERROR] [org.embeddedt.vintagefix.dynamicresources.model.DynamicModelProvider]: Failed to load model hbm:canister_fuel#inventory as item hbm:canister_fuel
net.minecraftforge.client.model.ModelLoaderRegistry$LoaderException: Exception loading model hbm:canister_fuel#inventory with loader VariantLoader.INSTANCE
	at org.embeddedt.vintagefix.dynamicresources.model.DynamicModelProvider.loadModel(DynamicModelProvider.java:208) ~[DynamicModelProvider.class:?]
	at org.embeddedt.vintagefix.dynamicresources.model.DynamicModelProvider.loadModelFromBlockstateOrInventory(DynamicModelProvider.java:111) [DynamicModelProvider.class:?]
	at org.embeddedt.vintagefix.dynamicresources.model.DynamicModelProvider.getObject(DynamicModelProvider.java:66) [DynamicModelProvider.class:?]
	at org.embeddedt.vintagefix.dynamicresources.model.DynamicBakedModelProvider.loadBakedModel(DynamicBakedModelProvider.java:121) [DynamicBakedModelProvider.class:?]
	at org.embeddedt.vintagefix.dynamicresources.model.DynamicBakedModelProvider.getObject(DynamicBakedModelProvider.java:87) [DynamicBakedModelProvider.class:?]
	at org.embeddedt.vintagefix.dynamicresources.model.DynamicBakedModelProvider.func_82594_a(DynamicBakedModelProvider.java:39) [DynamicBakedModelProvider.class:?]
	at org.embeddedt.vintagefix.dynamicresources.WrappingModelRegistry.getObject(WrappingModelRegistry.java:28) [WrappingModelRegistry.class:?]
	at org.embeddedt.vintagefix.dynamicresources.WrappingModelRegistry.func_82594_a(WrappingModelRegistry.java:18) [WrappingModelRegistry.class:?]
	at com.hbm.main.client.NTMClientRegistry.onModelBake(NTMClientRegistry.java:598) [NTMClientRegistry.class:?]
	at net.minecraftforge.fml.common.eventhandler.ASMEventHandler_412_NTMClientRegistry_onModelBake_ModelBakeEvent.invoke(.dynamic) [?:?]
	at net.minecraftforge.fml.common.eventhandler.ASMEventHandler.invoke(ASMEventHandler.java:90) [ASMEventHandler.class:?]
	at net.minecraftforge.fml.common.eventhandler.EventBus$1.invoke(EventBus.java:144) [EventBus$1.class:?]
	at net.minecraft.client.renderer.block.model.ModelManager.func_110549_a(ModelManager.java:754) [cgc.class:?]
	at net.minecraft.client.resources.SimpleReloadableResourceManager.func_110542_a(SimpleReloadableResourceManager.java:121) [cev.class:?]
	at net.minecraft.client.Minecraft.func_71384_a(Minecraft.java:513) [bib.class:?]
	at net.minecraft.client.Minecraft.func_99999_d(Minecraft.java:378) [bib.class:?]
	at net.minecraft.client.main.Main.main(SourceFile:123) [Main.class:?]
	at sun.reflect.NativeMethodAccessorImpl.invoke0(Native Method) ~[?:1.8.0_51]
	at sun.reflect.NativeMethodAccessorImpl.invoke(NativeMethodAccessorImpl.java:62) ~[?:1.8.0_51]
	at sun.reflect.DelegatingMethodAccessorImpl.invoke(DelegatingMethodAccessorImpl.java:43) ~[?:1.8.0_51]
	at java.lang.reflect.Method.invoke(Method.java:497) ~[?:1.8.0_51]
	at net.minecraft.launchwrapper.Launch.launch(Launch.java:135) [launchwrapper-1.12.jar:?]
	at net.minecraft.launchwrapper.Launch.main(Launch.java:28) [launchwrapper-1.12.jar:?]
	at org.prismlauncher.launcher.impl.StandardLauncher.launch(StandardLauncher.java:115) [NewLaunch.jar:?]
	at org.prismlauncher.EntryPoint.listen(EntryPoint.java:129) [NewLaunch.jar:?]
	at org.prismlauncher.EntryPoint.main(EntryPoint.java:70) [NewLaunch.jar:?]
Caused by: java.lang.NullPointerException
	at net.minecraftforge.client.model.ModelLoader$MultipartModel.<init>(ModelLoader.java:1212) ~[ModelLoader$MultipartModel.class:?]
	at net.minecraftforge.client.model.ModelLoader$VariantLoader.loadModel(ModelLoader.java:1326) ~[ModelLoader$VariantLoader.class:?]
	at org.embeddedt.vintagefix.dynamicresources.model.DynamicModelProvider.loadModel(DynamicModelProvider.java:206) ~[DynamicModelProvider.class:?]
	... 25 more
[14:54:01] [Client thread/ERROR] [org.embeddedt.vintagefix.dynamicresources.model.DynamicBakedModelProvider]: Error occured while loading model hbm:canister_fuel#inventory
[14:54:01] [Client thread/ERROR] [org.embeddedt.vintagefix.dynamicresources.model.DynamicModelProvider]: Failed to load model hbm:canister_oil#inventory
net.minecraftforge.client.model.ModelLoaderRegistry$LoaderException: Exception loading model hbm:canister_oil#inventory with loader VariantLoader.INSTANCE
	at org.embeddedt.vintagefix.dynamicresources.model.DynamicModelProvider.loadModel(DynamicModelProvider.java:208) ~[DynamicModelProvider.class:?]
	at org.embeddedt.vintagefix.dynamicresources.model.DynamicModelProvider.loadModelFromBlockstateOrInventory(DynamicModelProvider.java:111) [DynamicModelProvider.class:?]
	at org.embeddedt.vintagefix.dynamicresources.model.DynamicModelProvider.getObject(DynamicModelProvider.java:66) [DynamicModelProvider.class:?]
	at org.embeddedt.vintagefix.dynamicresources.model.DynamicBakedModelProvider.loadBakedModel(DynamicBakedModelProvider.java:121) [DynamicBakedModelProvider.class:?]
	at org.embeddedt.vintagefix.dynamicresources.model.DynamicBakedModelProvider.getObject(DynamicBakedModelProvider.java:87) [DynamicBakedModelProvider.class:?]
	at org.embeddedt.vintagefix.dynamicresources.model.DynamicBakedModelProvider.func_82594_a(DynamicBakedModelProvider.java:39) [DynamicBakedModelProvider.class:?]
	at org.embeddedt.vintagefix.dynamicresources.WrappingModelRegistry.getObject(WrappingModelRegistry.java:28) [WrappingModelRegistry.class:?]
	at org.embeddedt.vintagefix.dynamicresources.WrappingModelRegistry.func_82594_a(WrappingModelRegistry.java:18) [WrappingModelRegistry.class:?]
	at com.hbm.main.client.NTMClientRegistry.onModelBake(NTMClientRegistry.java:598) [NTMClientRegistry.class:?]
	at net.minecraftforge.fml.common.eventhandler.ASMEventHandler_412_NTMClientRegistry_onModelBake_ModelBakeEvent.invoke(.dynamic) [?:?]
	at net.minecraftforge.fml.common.eventhandler.ASMEventHandler.invoke(ASMEventHandler.java:90) [ASMEventHandler.class:?]
	at net.minecraftforge.fml.common.eventhandler.EventBus$1.invoke(EventBus.java:144) [EventBus$1.class:?]
	at net.minecraft.client.renderer.block.model.ModelManager.func_110549_a(ModelManager.java:754) [cgc.class:?]
	at net.minecraft.client.resources.SimpleReloadableResourceManager.func_110542_a(SimpleReloadableResourceManager.java:121) [cev.class:?]
	at net.minecraft.client.Minecraft.func_71384_a(Minecraft.java:513) [bib.class:?]
	at net.minecraft.client.Minecraft.func_99999_d(Minecraft.java:378) [bib.class:?]
	at net.minecraft.client.main.Main.main(SourceFile:123) [Main.class:?]
	at sun.reflect.NativeMethodAccessorImpl.invoke0(Native Method) ~[?:1.8.0_51]
	at sun.reflect.NativeMethodAccessorImpl.invoke(NativeMethodAccessorImpl.java:62) ~[?:1.8.0_51]
	at sun.reflect.DelegatingMethodAccessorImpl.invoke(DelegatingMethodAccessorImpl.java:43) ~[?:1.8.0_51]
	at java.lang.reflect.Method.invoke(Method.java:497) ~[?:1.8.0_51]
	at net.minecraft.launchwrapper.Launch.launch(Launch.java:135) [launchwrapper-1.12.jar:?]
	at net.minecraft.launchwrapper.Launch.main(Launch.java:28) [launchwrapper-1.12.jar:?]
	at org.prismlauncher.launcher.impl.StandardLauncher.launch(StandardLauncher.java:115) [NewLaunch.jar:?]
	at org.prismlauncher.EntryPoint.listen(EntryPoint.java:129) [NewLaunch.jar:?]
	at org.prismlauncher.EntryPoint.main(EntryPoint.java:70) [NewLaunch.jar:?]
Caused by: java.lang.NullPointerException
	at net.minecraftforge.client.model.ModelLoader$MultipartModel.<init>(ModelLoader.java:1212) ~[ModelLoader$MultipartModel.class:?]
	at net.minecraftforge.client.model.ModelLoader$VariantLoader.loadModel(ModelLoader.java:1326) ~[ModelLoader$VariantLoader.class:?]
	at org.embeddedt.vintagefix.dynamicresources.model.DynamicModelProvider.loadModel(DynamicModelProvider.java:206) ~[DynamicModelProvider.class:?]
	... 25 more
[14:54:01] [Client thread/ERROR] [org.embeddedt.vintagefix.dynamicresources.model.DynamicModelProvider]: Failed to load model hbm:canister_oil#inventory as item hbm:canister_oil
net.minecraftforge.client.model.ModelLoaderRegistry$LoaderException: Exception loading model hbm:canister_oil#inventory with loader VariantLoader.INSTANCE
	at org.embeddedt.vintagefix.dynamicresources.model.DynamicModelProvider.loadModel(DynamicModelProvider.java:208) ~[DynamicModelProvider.class:?]
	at org.embeddedt.vintagefix.dynamicresources.model.DynamicModelProvider.loadModelFromBlockstateOrInventory(DynamicModelProvider.java:111) [DynamicModelProvider.class:?]
	at org.embeddedt.vintagefix.dynamicresources.model.DynamicModelProvider.getObject(DynamicModelProvider.java:66) [DynamicModelProvider.class:?]
	at org.embeddedt.vintagefix.dynamicresources.model.DynamicBakedModelProvider.loadBakedModel(DynamicBakedModelProvider.java:121) [DynamicBakedModelProvider.class:?]
	at org.embeddedt.vintagefix.dynamicresources.model.DynamicBakedModelProvider.getObject(DynamicBakedModelProvider.java:87) [DynamicBakedModelProvider.class:?]
	at org.embeddedt.vintagefix.dynamicresources.model.DynamicBakedModelProvider.func_82594_a(DynamicBakedModelProvider.java:39) [DynamicBakedModelProvider.class:?]
	at org.embeddedt.vintagefix.dynamicresources.WrappingModelRegistry.getObject(WrappingModelRegistry.java:28) [WrappingModelRegistry.class:?]
	at org.embeddedt.vintagefix.dynamicresources.WrappingModelRegistry.func_82594_a(WrappingModelRegistry.java:18) [WrappingModelRegistry.class:?]
	at com.hbm.main.client.NTMClientRegistry.onModelBake(NTMClientRegistry.java:598) [NTMClientRegistry.class:?]
	at net.minecraftforge.fml.common.eventhandler.ASMEventHandler_412_NTMClientRegistry_onModelBake_ModelBakeEvent.invoke(.dynamic) [?:?]
	at net.minecraftforge.fml.common.eventhandler.ASMEventHandler.invoke(ASMEventHandler.java:90) [ASMEventHandler.class:?]
	at net.minecraftforge.fml.common.eventhandler.EventBus$1.invoke(EventBus.java:144) [EventBus$1.class:?]
	at net.minecraft.client.renderer.block.model.ModelManager.func_110549_a(ModelManager.java:754) [cgc.class:?]
	at net.minecraft.client.resources.SimpleReloadableResourceManager.func_110542_a(SimpleReloadableResourceManager.java:121) [cev.class:?]
	at net.minecraft.client.Minecraft.func_71384_a(Minecraft.java:513) [bib.class:?]
	at net.minecraft.client.Minecraft.func_99999_d(Minecraft.java:378) [bib.class:?]
	at net.minecraft.client.main.Main.main(SourceFile:123) [Main.class:?]
	at sun.reflect.NativeMethodAccessorImpl.invoke0(Native Method) ~[?:1.8.0_51]
	at sun.reflect.NativeMethodAccessorImpl.invoke(NativeMethodAccessorImpl.java:62) ~[?:1.8.0_51]
	at sun.reflect.DelegatingMethodAccessorImpl.invoke(DelegatingMethodAccessorImpl.java:43) ~[?:1.8.0_51]
	at java.lang.reflect.Method.invoke(Method.java:497) ~[?:1.8.0_51]
	at net.minecraft.launchwrapper.Launch.launch(Launch.java:135) [launchwrapper-1.12.jar:?]
	at net.minecraft.launchwrapper.Launch.main(Launch.java:28) [launchwrapper-1.12.jar:?]
	at org.prismlauncher.launcher.impl.StandardLauncher.launch(StandardLauncher.java:115) [NewLaunch.jar:?]
	at org.prismlauncher.EntryPoint.listen(EntryPoint.java:129) [NewLaunch.jar:?]
	at org.prismlauncher.EntryPoint.main(EntryPoint.java:70) [NewLaunch.jar:?]
Caused by: java.lang.NullPointerException
	at net.minecraftforge.client.model.ModelLoader$MultipartModel.<init>(ModelLoader.java:1212) ~[ModelLoader$MultipartModel.class:?]
	at net.minecraftforge.client.model.ModelLoader$VariantLoader.loadModel(ModelLoader.java:1326) ~[ModelLoader$VariantLoader.class:?]
	at org.embeddedt.vintagefix.dynamicresources.model.DynamicModelProvider.loadModel(DynamicModelProvider.java:206) ~[DynamicModelProvider.class:?]
	... 25 more
[14:54:01] [Client thread/ERROR] [org.embeddedt.vintagefix.dynamicresources.model.DynamicBakedModelProvider]: Error occured while loading model hbm:canister_oil#inventory
[14:54:01] [Client thread/ERROR] [org.embeddedt.vintagefix.dynamicresources.model.DynamicModelProvider]: Failed to load model hbm:canister_petroil#inventory
net.minecraftforge.client.model.ModelLoaderRegistry$LoaderException: Exception loading model hbm:canister_petroil#inventory with loader VariantLoader.INSTANCE
	at org.embeddedt.vintagefix.dynamicresources.model.DynamicModelProvider.loadModel(DynamicModelProvider.java:208) ~[DynamicModelProvider.class:?]
	at org.embeddedt.vintagefix.dynamicresources.model.DynamicModelProvider.loadModelFromBlockstateOrInventory(DynamicModelProvider.java:111) [DynamicModelProvider.class:?]
	at org.embeddedt.vintagefix.dynamicresources.model.DynamicModelProvider.getObject(DynamicModelProvider.java:66) [DynamicModelProvider.class:?]
	at org.embeddedt.vintagefix.dynamicresources.model.DynamicBakedModelProvider.loadBakedModel(DynamicBakedModelProvider.java:121) [DynamicBakedModelProvider.class:?]
	at org.embeddedt.vintagefix.dynamicresources.model.DynamicBakedModelProvider.getObject(DynamicBakedModelProvider.java:87) [DynamicBakedModelProvider.class:?]
	at org.embeddedt.vintagefix.dynamicresources.model.DynamicBakedModelProvider.func_82594_a(DynamicBakedModelProvider.java:39) [DynamicBakedModelProvider.class:?]
	at org.embeddedt.vintagefix.dynamicresources.WrappingModelRegistry.getObject(WrappingModelRegistry.java:28) [WrappingModelRegistry.class:?]
	at org.embeddedt.vintagefix.dynamicresources.WrappingModelRegistry.func_82594_a(WrappingModelRegistry.java:18) [WrappingModelRegistry.class:?]
	at com.hbm.main.client.NTMClientRegistry.onModelBake(NTMClientRegistry.java:598) [NTMClientRegistry.class:?]
	at net.minecraftforge.fml.common.eventhandler.ASMEventHandler_412_NTMClientRegistry_onModelBake_ModelBakeEvent.invoke(.dynamic) [?:?]
	at net.minecraftforge.fml.common.eventhandler.ASMEventHandler.invoke(ASMEventHandler.java:90) [ASMEventHandler.class:?]
	at net.minecraftforge.fml.common.eventhandler.EventBus$1.invoke(EventBus.java:144) [EventBus$1.class:?]
	at net.minecraft.client.renderer.block.model.ModelManager.func_110549_a(ModelManager.java:754) [cgc.class:?]
	at net.minecraft.client.resources.SimpleReloadableResourceManager.func_110542_a(SimpleReloadableResourceManager.java:121) [cev.class:?]
	at net.minecraft.client.Minecraft.func_71384_a(Minecraft.java:513) [bib.class:?]
	at net.minecraft.client.Minecraft.func_99999_d(Minecraft.java:378) [bib.class:?]
	at net.minecraft.client.main.Main.main(SourceFile:123) [Main.class:?]
	at sun.reflect.NativeMethodAccessorImpl.invoke0(Native Method) ~[?:1.8.0_51]
	at sun.reflect.NativeMethodAccessorImpl.invoke(NativeMethodAccessorImpl.java:62) ~[?:1.8.0_51]
	at sun.reflect.DelegatingMethodAccessorImpl.invoke(DelegatingMethodAccessorImpl.java:43) ~[?:1.8.0_51]
	at java.lang.reflect.Method.invoke(Method.java:497) ~[?:1.8.0_51]
	at net.minecraft.launchwrapper.Launch.launch(Launch.java:135) [launchwrapper-1.12.jar:?]
	at net.minecraft.launchwrapper.Launch.main(Launch.java:28) [launchwrapper-1.12.jar:?]
	at org.prismlauncher.launcher.impl.StandardLauncher.launch(StandardLauncher.java:115) [NewLaunch.jar:?]
	at org.prismlauncher.EntryPoint.listen(EntryPoint.java:129) [NewLaunch.jar:?]
	at org.prismlauncher.EntryPoint.main(EntryPoint.java:70) [NewLaunch.jar:?]
Caused by: java.lang.NullPointerException
	at net.minecraftforge.client.model.ModelLoader$MultipartModel.<init>(ModelLoader.java:1212) ~[ModelLoader$MultipartModel.class:?]
	at net.minecraftforge.client.model.ModelLoader$VariantLoader.loadModel(ModelLoader.java:1326) ~[ModelLoader$VariantLoader.class:?]
	at org.embeddedt.vintagefix.dynamicresources.model.DynamicModelProvider.loadModel(DynamicModelProvider.java:206) ~[DynamicModelProvider.class:?]
	... 25 more
[14:54:01] [Client thread/ERROR] [org.embeddedt.vintagefix.dynamicresources.model.DynamicModelProvider]: Failed to load model hbm:canister_petroil#inventory as item hbm:canister_petroil
net.minecraftforge.client.model.ModelLoaderRegistry$LoaderException: Exception loading model hbm:canister_petroil#inventory with loader VariantLoader.INSTANCE
	at org.embeddedt.vintagefix.dynamicresources.model.DynamicModelProvider.loadModel(DynamicModelProvider.java:208) ~[DynamicModelProvider.class:?]
	at org.embeddedt.vintagefix.dynamicresources.model.DynamicModelProvider.loadModelFromBlockstateOrInventory(DynamicModelProvider.java:111) [DynamicModelProvider.class:?]
	at org.embeddedt.vintagefix.dynamicresources.model.DynamicModelProvider.getObject(DynamicModelProvider.java:66) [DynamicModelProvider.class:?]
	at org.embeddedt.vintagefix.dynamicresources.model.DynamicBakedModelProvider.loadBakedModel(DynamicBakedModelProvider.java:121) [DynamicBakedModelProvider.class:?]
	at org.embeddedt.vintagefix.dynamicresources.model.DynamicBakedModelProvider.getObject(DynamicBakedModelProvider.java:87) [DynamicBakedModelProvider.class:?]
	at org.embeddedt.vintagefix.dynamicresources.model.DynamicBakedModelProvider.func_82594_a(DynamicBakedModelProvider.java:39) [DynamicBakedModelProvider.class:?]
	at org.embeddedt.vintagefix.dynamicresources.WrappingModelRegistry.getObject(WrappingModelRegistry.java:28) [WrappingModelRegistry.class:?]
	at org.embeddedt.vintagefix.dynamicresources.WrappingModelRegistry.func_82594_a(WrappingModelRegistry.java:18) [WrappingModelRegistry.class:?]
	at com.hbm.main.client.NTMClientRegistry.onModelBake(NTMClientRegistry.java:598) [NTMClientRegistry.class:?]
	at net.minecraftforge.fml.common.eventhandler.ASMEventHandler_412_NTMClientRegistry_onModelBake_ModelBakeEvent.invoke(.dynamic) [?:?]
	at net.minecraftforge.fml.common.eventhandler.ASMEventHandler.invoke(ASMEventHandler.java:90) [ASMEventHandler.class:?]
	at net.minecraftforge.fml.common.eventhandler.EventBus$1.invoke(EventBus.java:144) [EventBus$1.class:?]
	at net.minecraft.client.renderer.block.model.ModelManager.func_110549_a(ModelManager.java:754) [cgc.class:?]
	at net.minecraft.client.resources.SimpleReloadableResourceManager.func_110542_a(SimpleReloadableResourceManager.java:121) [cev.class:?]
	at net.minecraft.client.Minecraft.func_71384_a(Minecraft.java:513) [bib.class:?]
	at net.minecraft.client.Minecraft.func_99999_d(Minecraft.java:378) [bib.class:?]
	at net.minecraft.client.main.Main.main(SourceFile:123) [Main.class:?]
	at sun.reflect.NativeMethodAccessorImpl.invoke0(Native Method) ~[?:1.8.0_51]
	at sun.reflect.NativeMethodAccessorImpl.invoke(NativeMethodAccessorImpl.java:62) ~[?:1.8.0_51]
	at sun.reflect.DelegatingMethodAccessorImpl.invoke(DelegatingMethodAccessorImpl.java:43) ~[?:1.8.0_51]
	at java.lang.reflect.Method.invoke(Method.java:497) ~[?:1.8.0_51]
	at net.minecraft.launchwrapper.Launch.launch(Launch.java:135) [launchwrapper-1.12.jar:?]
	at net.minecraft.launchwrapper.Launch.main(Launch.java:28) [launchwrapper-1.12.jar:?]
	at org.prismlauncher.launcher.impl.StandardLauncher.launch(StandardLauncher.java:115) [NewLaunch.jar:?]
	at org.prismlauncher.EntryPoint.listen(EntryPoint.java:129) [NewLaunch.jar:?]
	at org.prismlauncher.EntryPoint.main(EntryPoint.java:70) [NewLaunch.jar:?]
Caused by: java.lang.NullPointerException
	at net.minecraftforge.client.model.ModelLoader$MultipartModel.<init>(ModelLoader.java:1212) ~[ModelLoader$MultipartModel.class:?]
	at net.minecraftforge.client.model.ModelLoader$VariantLoader.loadModel(ModelLoader.java:1326) ~[ModelLoader$VariantLoader.class:?]
	at org.embeddedt.vintagefix.dynamicresources.model.DynamicModelProvider.loadModel(DynamicModelProvider.java:206) ~[DynamicModelProvider.class:?]
	... 25 more
[14:54:01] [Client thread/ERROR] [org.embeddedt.vintagefix.dynamicresources.model.DynamicBakedModelProvider]: Error occured while loading model hbm:canister_petroil#inventory
[14:54:01] [Client thread/ERROR] [VintageFix]: Suppressing further model loading errors for namespace 'hbm'
[14:54:01] [Client thread/WARN] [VintageFix]: Mod 'ctm' is attempting to iterate the model registry, but is not whitelisted in VintageFix. This may cause glitches if it wraps its own models.
[14:54:02] [VintageFix item baking thread/INFO] [VintageFix]: Baking 10147 models in background
[14:54:02] [VintageFix item baking thread/INFO] [FML]: OBJLoader.Parser: command 's' (model: 'hbm:models/block/railing_end_floor.obj') is not currently supported, skipping. Line: 829 's off'
[14:54:02] [VintageFix item baking thread/ERROR] [FML]: OBJModel.Parser: (Model: 'hbm:models/block/foundry_slagtap.obj', Line: 47) material 'm_a7ef23a5-b34d-59b3-5b0b-fbdc243f960a' referenced but was not found
[14:54:02] [VintageFix item baking thread/ERROR] [FML]: OBJModel.Parser: (Model: 'hbm:models/block/foundry_slagtap.obj', Line: 98) material 'm_a7ef23a5-b34d-59b3-5b0b-fbdc243f960a' referenced but was not found
[14:54:02] [VintageFix item baking thread/ERROR] [FML]: OBJModel.Parser: (Model: 'hbm:models/block/foundry_slagtap.obj', Line: 147) material 'm_a7ef23a5-b34d-59b3-5b0b-fbdc243f960a' referenced but was not found
[14:54:02] [VintageFix item baking thread/WARN] [org.embeddedt.vintagefix.dynamicresources.model.DynamicBakedModelProvider]: Texture simplemagnets:demagnetization_coil_bottom was not discovered during texture pass
[14:54:02] [VintageFix item baking thread/WARN] [org.embeddedt.vintagefix.dynamicresources.model.DynamicBakedModelProvider]: Texture simplemagnets:demagnetization_coil_top was not discovered during texture pass
[14:54:02] [VintageFix item baking thread/WARN] [org.embeddedt.vintagefix.dynamicresources.model.DynamicBakedModelProvider]: Texture simplemagnets:demagnetization_coil_top was not discovered during texture pass
[14:54:02] [VintageFix item baking thread/WARN] [org.embeddedt.vintagefix.dynamicresources.model.DynamicBakedModelProvider]: Texture simplemagnets:demagnetization_coil_top was not discovered during texture pass
[14:54:02] [VintageFix item baking thread/WARN] [org.embeddedt.vintagefix.dynamicresources.model.DynamicBakedModelProvider]: Texture simplemagnets:demagnetization_coil_top was not discovered during texture pass
[14:54:02] [VintageFix item baking thread/WARN] [org.embeddedt.vintagefix.dynamicresources.model.DynamicBakedModelProvider]: Texture simplemagnets:demagnetization_coil_top was not discovered during texture pass
[14:54:02] [VintageFix item baking thread/INFO] [FML]: OBJLoader.MaterialLibrary: key 'Ns' (model: 'hbm:models/block/pribris.mtl') is not currently supported, skipping
[14:54:02] [VintageFix item baking thread/INFO] [FML]: OBJModel: A color has already been defined for material 'PribrisMTL' in 'hbm:models/block/pribris.mtl'. The color defined by key 'Ks' will not be applied!
[14:54:02] [VintageFix item baking thread/INFO] [FML]: OBJLoader.MaterialLibrary: key 'Ke' (model: 'hbm:models/block/pribris.mtl') is not currently supported, skipping
[14:54:02] [VintageFix item baking thread/INFO] [FML]: OBJLoader.MaterialLibrary: key 'Ni' (model: 'hbm:models/block/pribris.mtl') is not currently supported, skipping
[14:54:02] [VintageFix item baking thread/INFO] [FML]: OBJLoader.MaterialLibrary: key 'illum' (model: 'hbm:models/block/pribris.mtl') is not currently supported, skipping
[14:54:02] [Client thread/ERROR] [FML]: Parsing error loading recipe techguns:shishkebap_alt
com.google.gson.JsonSyntaxException: Unknown item 'techguns:shishkebap'
	at net.minecraftforge.common.crafting.CraftingHelper.getItemStack(CraftingHelper.java:214) ~[CraftingHelper.class:?]
	at net.minecraftforge.oredict.ShapedOreRecipe.factory(ShapedOreRecipe.java:254) ~[ShapedOreRecipe.class:?]
	at net.minecraftforge.common.crafting.CraftingHelper$$Lambda$600/1567214336.parse(Unknown Source) ~[?:?]
	at net.minecraftforge.common.crafting.CraftingHelper.getRecipe(CraftingHelper.java:416) ~[CraftingHelper.class:?]
	at net.minecraftforge.common.crafting.CraftingHelper.lambda$loadRecipes$22(CraftingHelper.java:723) [CraftingHelper.class:?]
	at net.minecraftforge.common.crafting.CraftingHelper$$Lambda$2439/1280258975.apply(Unknown Source) [CraftingHelper.class:?]
	at net.minecraftforge.common.crafting.CraftingHelper.findFiles(CraftingHelper.java:833) [CraftingHelper.class:?]
	at net.minecraftforge.common.crafting.CraftingHelper.loadRecipes(CraftingHelper.java:688) [CraftingHelper.class:?]
	at net.minecraftforge.common.crafting.CraftingHelper$$Lambda$2437/1936206254.accept(Unknown Source) [CraftingHelper.class:?]
	at java.util.ArrayList.forEach(ArrayList.java:1249) [?:1.8.0_51]
	at net.minecraftforge.common.crafting.CraftingHelper.loadRecipes(CraftingHelper.java:633) [CraftingHelper.class:?]
	at net.minecraftforge.fml.common.Loader.initializeMods(Loader.java:747) [Loader.class:?]
	at net.minecraftforge.fml.client.FMLClientHandler.finishMinecraftLoading(FMLClientHandler.java:336) [FMLClientHandler.class:?]
	at net.minecraft.client.Minecraft.func_71384_a(Minecraft.java:535) [bib.class:?]
	at net.minecraft.client.Minecraft.func_99999_d(Minecraft.java:378) [bib.class:?]
	at net.minecraft.client.main.Main.main(SourceFile:123) [Main.class:?]
	at sun.reflect.NativeMethodAccessorImpl.invoke0(Native Method) ~[?:1.8.0_51]
	at sun.reflect.NativeMethodAccessorImpl.invoke(NativeMethodAccessorImpl.java:62) ~[?:1.8.0_51]
	at sun.reflect.DelegatingMethodAccessorImpl.invoke(DelegatingMethodAccessorImpl.java:43) ~[?:1.8.0_51]
	at java.lang.reflect.Method.invoke(Method.java:497) ~[?:1.8.0_51]
	at net.minecraft.launchwrapper.Launch.launch(Launch.java:135) [launchwrapper-1.12.jar:?]
	at net.minecraft.launchwrapper.Launch.main(Launch.java:28) [launchwrapper-1.12.jar:?]
	at org.prismlauncher.launcher.impl.StandardLauncher.launch(StandardLauncher.java:115) [NewLaunch.jar:?]
	at org.prismlauncher.EntryPoint.listen(EntryPoint.java:129) [NewLaunch.jar:?]
	at org.prismlauncher.EntryPoint.main(EntryPoint.java:70) [NewLaunch.jar:?]
[14:54:02] [Client thread/ERROR] [FML]: Parsing error loading recipe techguns:shishkebap
com.google.gson.JsonSyntaxException: Unknown item 'techguns:shishkebap'
	at net.minecraftforge.common.crafting.CraftingHelper.getItemStack(CraftingHelper.java:214) ~[CraftingHelper.class:?]
	at net.minecraftforge.oredict.ShapedOreRecipe.factory(ShapedOreRecipe.java:254) ~[ShapedOreRecipe.class:?]
	at net.minecraftforge.common.crafting.CraftingHelper$$Lambda$600/1567214336.parse(Unknown Source) ~[?:?]
	at net.minecraftforge.common.crafting.CraftingHelper.getRecipe(CraftingHelper.java:416) ~[CraftingHelper.class:?]
	at net.minecraftforge.common.crafting.CraftingHelper.lambda$loadRecipes$22(CraftingHelper.java:723) [CraftingHelper.class:?]
	at net.minecraftforge.common.crafting.CraftingHelper$$Lambda$2439/1280258975.apply(Unknown Source) [CraftingHelper.class:?]
	at net.minecraftforge.common.crafting.CraftingHelper.findFiles(CraftingHelper.java:833) [CraftingHelper.class:?]
	at net.minecraftforge.common.crafting.CraftingHelper.loadRecipes(CraftingHelper.java:688) [CraftingHelper.class:?]
	at net.minecraftforge.common.crafting.CraftingHelper$$Lambda$2437/1936206254.accept(Unknown Source) [CraftingHelper.class:?]
	at java.util.ArrayList.forEach(ArrayList.java:1249) [?:1.8.0_51]
	at net.minecraftforge.common.crafting.CraftingHelper.loadRecipes(CraftingHelper.java:633) [CraftingHelper.class:?]
	at net.minecraftforge.fml.common.Loader.initializeMods(Loader.java:747) [Loader.class:?]
	at net.minecraftforge.fml.client.FMLClientHandler.finishMinecraftLoading(FMLClientHandler.java:336) [FMLClientHandler.class:?]
	at net.minecraft.client.Minecraft.func_71384_a(Minecraft.java:535) [bib.class:?]
	at net.minecraft.client.Minecraft.func_99999_d(Minecraft.java:378) [bib.class:?]
	at net.minecraft.client.main.Main.main(SourceFile:123) [Main.class:?]
	at sun.reflect.NativeMethodAccessorImpl.invoke0(Native Method) ~[?:1.8.0_51]
	at sun.reflect.NativeMethodAccessorImpl.invoke(NativeMethodAccessorImpl.java:62) ~[?:1.8.0_51]
	at sun.reflect.DelegatingMethodAccessorImpl.invoke(DelegatingMethodAccessorImpl.java:43) ~[?:1.8.0_51]
	at java.lang.reflect.Method.invoke(Method.java:497) ~[?:1.8.0_51]
	at net.minecraft.launchwrapper.Launch.launch(Launch.java:135) [launchwrapper-1.12.jar:?]
	at net.minecraft.launchwrapper.Launch.main(Launch.java:28) [launchwrapper-1.12.jar:?]
	at org.prismlauncher.launcher.impl.StandardLauncher.launch(StandardLauncher.java:115) [NewLaunch.jar:?]
	at org.prismlauncher.EntryPoint.listen(EntryPoint.java:129) [NewLaunch.jar:?]
	at org.prismlauncher.EntryPoint.main(EntryPoint.java:70) [NewLaunch.jar:?]
[14:54:02] [Client thread/INFO] [deepmoblearning]: Registering Dynamic Recipes...
[14:54:02] [Client thread/WARN] [deepmoblearning]: Error reading Living Matter recipe entry! Error message: Unknown item 'twilightforest:raven_feather'
[14:54:02] [Client thread/WARN] [deepmoblearning]: Error reading Living Matter recipe entry! Error message: Unknown item 'twilightforest:torchberries'
[14:54:02] [Client thread/WARN] [deepmoblearning]: Error reading Living Matter recipe entry! Error message: Unknown item 'twilightforest:raw_venison'
[14:54:02] [Client thread/INFO] [FML]: Ignored smelting recipe with conflicting input: 1xitem.immersiveengineering.metal@18 = 1xitem.ingotIron@0
[14:54:02] [Client thread/INFO] [FML]: Ignored smelting recipe with conflicting input: 1xitem.immersiveengineering.metal@19 = 1xitem.ingotGold@0
[14:54:02] [Client thread/INFO] [STDOUT]: [com.hbm.main.ModEventHandler:craftingRegister:1499]: Memory usage before: 3807672536
[14:54:02] [Client thread/INFO] [STDOUT]: [com.hbm.main.ModEventHandler:craftingRegister:1507]: Memory usage after: 4310793744
[14:54:02] [Client thread/INFO] [FML]: Applying holder lookups
[14:54:02] [Client thread/INFO] [FML]: Holder lookups applied
[14:54:02] [Client thread/INFO] [AE2:C]: Initialization ( started )
[14:54:02] [Client thread/INFO] [AE2:C]: Starting AE2 CSV Export
[14:54:02] [AE2 CSV Export/INFO] [AE2:C]: Cache is enabled. Checking for new mod configurations.
[14:54:02] [AE2 CSV Export/INFO] [AE2:C]: Same mod configuration was found. Not updating CSV content.
[14:54:02] [Client thread/INFO] [AE2:C]: Initialization ( ended after 163ms )
[14:54:02] [Client thread/INFO] [bdlib]: Adding delayed color handlers
[14:54:02] [Client thread/INFO] [bdlib]: Initialized network channel 'bdew.ae2stuff' for mod 'ae2stuff'
[14:54:03] [Client thread/INFO] [deepmoblearning]: Finalizing config data...
[14:54:03] [Client thread/INFO] [deepmoblearning]: Registering Trial for Blaze
[14:54:03] [Client thread/INFO] [deepmoblearning]: No Trial available for Blaze
[14:54:03] [Client thread/INFO] [deepmoblearning]: Registering Trial for Creeper
[14:54:03] [Client thread/INFO] [deepmoblearning]: No Trial available for Creeper
[14:54:03] [Client thread/INFO] [deepmoblearning]: Registering Trial for Ender Dragon
[14:54:03] [Client thread/INFO] [deepmoblearning]: No Trial available for Ender Dragon
[14:54:03] [Client thread/INFO] [deepmoblearning]: Registering Trial for Enderman
[14:54:03] [Client thread/INFO] [deepmoblearning]: Registering Trial entity deepmoblearning:trial_enderman with weight 100
[14:54:03] [Client thread/INFO] [deepmoblearning]: Registering Trial for Ghast
[14:54:03] [Client thread/INFO] [deepmoblearning]: No Trial available for Ghast
[14:54:03] [Client thread/INFO] [deepmoblearning]: Registering Trial for Guardian
[14:54:03] [Client thread/INFO] [deepmoblearning]: No Trial available for Guardian
[14:54:03] [Client thread/INFO] [deepmoblearning]: Registering Trial for Shulker
[14:54:03] [Client thread/INFO] [deepmoblearning]: No Trial available for Shulker
[14:54:03] [Client thread/WARN] [deepmoblearning]: Invalid entry "twilightforest:skeleton_druid" in Associated Mobs list for Data Model: skeleton. No registered entity of this name found!
[14:54:03] [Client thread/INFO] [deepmoblearning]: Registering Trial for Skeleton
[14:54:03] [Client thread/INFO] [deepmoblearning]: Registering Trial entity minecraft:stray with weight 33
[14:54:03] [Client thread/INFO] [deepmoblearning]: Registering Trial entity minecraft:skeleton with weight 67
[14:54:03] [Client thread/INFO] [deepmoblearning]: Registering Trial for Slime
[14:54:03] [Client thread/INFO] [deepmoblearning]: Registering Trial entity deepmoblearning:trial_slime with weight 100
[14:54:03] [Client thread/WARN] [deepmoblearning]: Invalid entry "twilightforest:hedge_spider" in Associated Mobs list for Data Model: spider. No registered entity of this name found!
[14:54:03] [Client thread/WARN] [deepmoblearning]: Invalid entry "twilightforest:king_spider" in Associated Mobs list for Data Model: spider. No registered entity of this name found!
[14:54:03] [Client thread/INFO] [deepmoblearning]: Registering Trial for Spider
[14:54:03] [Client thread/INFO] [deepmoblearning]: Registering Trial entity deepmoblearning:trial_spider with weight 88
[14:54:03] [Client thread/INFO] [deepmoblearning]: Registering Trial entity deepmoblearning:trial_cave_spider with weight 12
[14:54:03] [Client thread/INFO] [deepmoblearning]: Registering Trial for Witch
[14:54:03] [Client thread/INFO] [deepmoblearning]: Registering Trial entity minecraft:witch with weight 100
[14:54:03] [Client thread/INFO] [deepmoblearning]: Registering Trial for Wither
[14:54:03] [Client thread/INFO] [deepmoblearning]: No Trial available for Wither
[14:54:03] [Client thread/INFO] [deepmoblearning]: Registering Trial for Wither Skeleton
[14:54:03] [Client thread/INFO] [deepmoblearning]: Registering Trial entity minecraft:wither_skeleton with weight 100
[14:54:03] [Client thread/INFO] [deepmoblearning]: Registering Trial for Zombie
[14:54:03] [Client thread/INFO] [deepmoblearning]: Registering Trial entity minecraft:zombie with weight 45
[14:54:03] [Client thread/INFO] [deepmoblearning]: Registering Trial entity minecraft:husk with weight 30
[14:54:03] [Client thread/INFO] [deepmoblearning]: Registering Trial entity minecraft:zombie_villager with weight 25
[14:54:03] [Client thread/INFO] [Had Enough Items]: Created: 256x128 textures-atlas
[14:54:03] [Client thread/INFO] [STDOUT]: [yalter.mousetweaks.Logger:Log:6]: [Mouse Tweaks] A call to initialize, entry point: FORGE.
[14:54:03] [Client thread/INFO] [STDOUT]: [yalter.mousetweaks.Logger:Log:6]: [Mouse Tweaks] Reflecting GuiContainer...
[14:54:03] [Client thread/INFO] [STDOUT]: [yalter.mousetweaks.Logger:Log:6]: [Mouse Tweaks] Detected obfuscation: FORGE.
[14:54:03] [Client thread/INFO] [STDOUT]: [yalter.mousetweaks.Logger:Log:6]: [Mouse Tweaks] Success.
[14:54:03] [Client thread/INFO] [STDOUT]: [yalter.mousetweaks.Logger:Log:6]: [Mouse Tweaks] Minecraft Forge is installed.
[14:54:03] [Client thread/INFO] [STDOUT]: [yalter.mousetweaks.Logger:Log:6]: [Mouse Tweaks] LiteLoader is not installed.
[14:54:03] [Client thread/INFO] [STDOUT]: [yalter.mousetweaks.Logger:Log:6]: [Mouse Tweaks] Using Forge for the mod operation.
[14:54:03] [Client thread/INFO] [STDOUT]: [yalter.mousetweaks.Logger:Log:6]: [Mouse Tweaks] Mouse Tweaks has been initialized.
[14:54:03] [VintageFix item baking thread/INFO] [FML]: OBJLoader.MaterialLibrary: key 'Ns' (model: 'hbm:models/block/pribris_radiating.mtl') is not currently supported, skipping
[14:54:03] [VintageFix item baking thread/INFO] [FML]: OBJModel: A color has already been defined for material 'PribrisMTL' in 'hbm:models/block/pribris_radiating.mtl'. The color defined by key 'Ks' will not be applied!
[14:54:03] [VintageFix item baking thread/INFO] [FML]: OBJLoader.MaterialLibrary: key 'Ke' (model: 'hbm:models/block/pribris_radiating.mtl') is not currently supported, skipping
[14:54:03] [VintageFix item baking thread/INFO] [FML]: OBJLoader.MaterialLibrary: key 'Ni' (model: 'hbm:models/block/pribris_radiating.mtl') is not currently supported, skipping
[14:54:03] [VintageFix item baking thread/INFO] [FML]: OBJLoader.MaterialLibrary: key 'illum' (model: 'hbm:models/block/pribris_radiating.mtl') is not currently supported, skipping
[14:54:03] [VintageFix item baking thread/INFO] [FML]: OBJModel: A color has already been defined for material 'Material' in 'hbm:models/block/difurnace_extension.mtl'. The color defined by key 'Ks' will not be applied!
[14:54:03] [VintageFix item baking thread/INFO] [FML]: OBJLoader.MaterialLibrary: key 'Ns' (model: 'hbm:models/block/pribris_burning.mtl') is not currently supported, skipping
[14:54:03] [VintageFix item baking thread/INFO] [FML]: OBJModel: A color has already been defined for material 'PribrisMTL' in 'hbm:models/block/pribris_burning.mtl'. The color defined by key 'Ks' will not be applied!
[14:54:03] [VintageFix item baking thread/INFO] [FML]: OBJLoader.MaterialLibrary: key 'Ke' (model: 'hbm:models/block/pribris_burning.mtl') is not currently supported, skipping
[14:54:03] [VintageFix item baking thread/INFO] [FML]: OBJLoader.MaterialLibrary: key 'Ni' (model: 'hbm:models/block/pribris_burning.mtl') is not currently supported, skipping
[14:54:03] [VintageFix item baking thread/INFO] [FML]: OBJLoader.MaterialLibrary: key 'illum' (model: 'hbm:models/block/pribris_burning.mtl') is not currently supported, skipping
[14:54:03] [VintageFix item baking thread/ERROR] [org.embeddedt.vintagefix.dynamicresources.model.DynamicModelProvider]: Failed to load model minecraft:old_wood_slab#inventory
net.minecraftforge.client.model.ModelLoaderRegistry$LoaderException: Exception loading model minecraft:old_wood_slab#inventory with loader VariantLoader.INSTANCE
	at org.embeddedt.vintagefix.dynamicresources.model.DynamicModelProvider.loadModel(DynamicModelProvider.java:208) ~[DynamicModelProvider.class:?]
	at org.embeddedt.vintagefix.dynamicresources.model.DynamicModelProvider.loadModelFromBlockstateOrInventory(DynamicModelProvider.java:111) [DynamicModelProvider.class:?]
	at org.embeddedt.vintagefix.dynamicresources.model.DynamicModelProvider.getObject(DynamicModelProvider.java:66) [DynamicModelProvider.class:?]
	at org.embeddedt.vintagefix.dynamicresources.model.DynamicBakedModelProvider.loadBakedModel(DynamicBakedModelProvider.java:121) [DynamicBakedModelProvider.class:?]
	at org.embeddedt.vintagefix.dynamicresources.model.DynamicBakedModelProvider.getObject(DynamicBakedModelProvider.java:87) [DynamicBakedModelProvider.class:?]
	at org.embeddedt.vintagefix.dynamicresources.ItemBakeThread.run(ItemBakeThread.java:72) [ItemBakeThread.class:?]
Caused by: java.lang.NullPointerException
	at net.minecraftforge.client.model.ModelLoader$MultipartModel.<init>(ModelLoader.java:1212) ~[ModelLoader$MultipartModel.class:?]
	at net.minecraftforge.client.model.ModelLoader$VariantLoader.loadModel(ModelLoader.java:1326) ~[ModelLoader$VariantLoader.class:?]
	at org.embeddedt.vintagefix.dynamicresources.model.DynamicModelProvider.loadModel(DynamicModelProvider.java:206) ~[DynamicModelProvider.class:?]
	... 5 more
[14:54:03] [VintageFix item baking thread/ERROR] [org.embeddedt.vintagefix.dynamicresources.model.DynamicModelProvider]: Failed to load model minecraft:old_wood_slab#inventory as item minecraft:old_wood_slab
net.minecraftforge.client.model.ModelLoaderRegistry$LoaderException: Exception loading model minecraft:old_wood_slab#inventory with loader VariantLoader.INSTANCE
	at org.embeddedt.vintagefix.dynamicresources.model.DynamicModelProvider.loadModel(DynamicModelProvider.java:208) ~[DynamicModelProvider.class:?]
	at org.embeddedt.vintagefix.dynamicresources.model.DynamicModelProvider.loadModelFromBlockstateOrInventory(DynamicModelProvider.java:111) [DynamicModelProvider.class:?]
	at org.embeddedt.vintagefix.dynamicresources.model.DynamicModelProvider.getObject(DynamicModelProvider.java:66) [DynamicModelProvider.class:?]
	at org.embeddedt.vintagefix.dynamicresources.model.DynamicBakedModelProvider.loadBakedModel(DynamicBakedModelProvider.java:121) [DynamicBakedModelProvider.class:?]
	at org.embeddedt.vintagefix.dynamicresources.model.DynamicBakedModelProvider.getObject(DynamicBakedModelProvider.java:87) [DynamicBakedModelProvider.class:?]
	at org.embeddedt.vintagefix.dynamicresources.ItemBakeThread.run(ItemBakeThread.java:72) [ItemBakeThread.class:?]
Caused by: java.lang.NullPointerException
	at net.minecraftforge.client.model.ModelLoader$MultipartModel.<init>(ModelLoader.java:1212) ~[ModelLoader$MultipartModel.class:?]
	at net.minecraftforge.client.model.ModelLoader$VariantLoader.loadModel(ModelLoader.java:1326) ~[ModelLoader$VariantLoader.class:?]
	at org.embeddedt.vintagefix.dynamicresources.model.DynamicModelProvider.loadModel(DynamicModelProvider.java:206) ~[DynamicModelProvider.class:?]
	... 5 more
[14:54:03] [VintageFix item baking thread/ERROR] [org.embeddedt.vintagefix.dynamicresources.model.DynamicBakedModelProvider]: Error occured while loading model minecraft:old_wood_slab#inventory
[14:54:03] [VintageFix item baking thread/WARN] [org.embeddedt.vintagefix.dynamicresources.model.DynamicBakedModelProvider]: Texture simplemagnets:demagnetization_coil_bottom was not discovered during texture pass
[14:54:03] [VintageFix item baking thread/WARN] [org.embeddedt.vintagefix.dynamicresources.model.DynamicBakedModelProvider]: Texture simplemagnets:demagnetization_coil_top was not discovered during texture pass
[14:54:03] [VintageFix item baking thread/WARN] [org.embeddedt.vintagefix.dynamicresources.model.DynamicBakedModelProvider]: Texture simplemagnets:demagnetization_coil_top was not discovered during texture pass
[14:54:03] [VintageFix item baking thread/WARN] [org.embeddedt.vintagefix.dynamicresources.model.DynamicBakedModelProvider]: Texture simplemagnets:demagnetization_coil_top was not discovered during texture pass
[14:54:03] [VintageFix item baking thread/WARN] [org.embeddedt.vintagefix.dynamicresources.model.DynamicBakedModelProvider]: Texture simplemagnets:demagnetization_coil_top was not discovered during texture pass
[14:54:03] [VintageFix item baking thread/WARN] [org.embeddedt.vintagefix.dynamicresources.model.DynamicBakedModelProvider]: Texture simplemagnets:demagnetization_coil_top was not discovered during texture pass
[14:54:03] [Client thread/INFO] [hbm]: OreDict: Re-registration for ingotTcAlloy to ingotAnyResistantAlloy
[14:54:03] [Client thread/INFO] [hbm]: OreDict: Re-registration for dustTcAlloy to dustAnyResistantAlloy
[14:54:03] [Client thread/INFO] [hbm]: OreDict: Re-registration for blockTcAlloy to blockAnyResistantAlloy
[14:54:03] [Client thread/INFO] [hbm]: OreDict: Re-registration for ingotCdAlloy to ingotAnyResistantAlloy
[14:54:03] [Client thread/INFO] [hbm]: OreDict: Re-registration for blockCdAlloy to blockAnyResistantAlloy
[14:54:03] [Client thread/INFO] [hbm]: OreDict: Re-registration for ingotBismuthBronze to ingotAnyBismoidBronze
[14:54:03] [Client thread/INFO] [hbm]: OreDict: Re-registration for ingotArsenicBronze to ingotAnyBismoidBronze
[14:54:03] [Client thread/INFO] [hbm]: OreDict: Re-registration for ingotPolymer to ingotAnyPlastic
[14:54:03] [Client thread/INFO] [hbm]: OreDict: Re-registration for dustPolymer to dustAnyPlastic
[14:54:03] [Client thread/INFO] [hbm]: OreDict: Re-registration for blockPolymer to blockAnyPlastic
[14:54:03] [Client thread/INFO] [hbm]: OreDict: Re-registration for ingotBakelite to ingotAnyPlastic
[14:54:03] [Client thread/INFO] [hbm]: OreDict: Re-registration for dustBakelite to dustAnyPlastic
[14:54:03] [Client thread/INFO] [hbm]: OreDict: Re-registration for blockBakelite to blockAnyPlastic
[14:54:03] [Client thread/INFO] [hbm]: OreDict: Re-registration for ingotLatex to ingotAnyRubber
[14:54:03] [Client thread/INFO] [hbm]: OreDict: Re-registration for ingotRubber to ingotAnyRubber
[14:54:03] [Client thread/INFO] [hbm]: OreDict: Re-registration for ingotPolycarbonate to ingotAnyHardPlastic
[14:54:03] [Client thread/INFO] [hbm]: OreDict: Re-registration for ingotPVC to ingotAnyHardPlastic
[14:54:03] [Client thread/INFO] [hbm]: OreDict: Re-registration for oiltar to unknownTar
[14:54:03] [Client thread/INFO] [hbm]: OreDict: Re-registration for cracktar to unknownTar
[14:54:03] [Client thread/INFO] [hbm]: OreDict: Re-registration for coaltar to unknownTar
[14:54:03] [Client thread/INFO] [hbm]: OreDict: Re-registration for woodtar to unknownTar
[14:54:03] [Client thread/INFO] [hbm]: OreDict: Re-registration for plateTripleTcAlloy to plateTripleAnyResistantAlloy
[14:54:03] [Client thread/INFO] [hbm]: OreDict: Re-registration for plateSextupleTcAlloy to plateSextupleAnyResistantAlloy
[14:54:03] [Client thread/INFO] [hbm]: OreDict: Re-registration for barrelLightTcAlloy to barrelLightAnyResistantAlloy
[14:54:03] [Client thread/INFO] [hbm]: OreDict: Re-registration for barrelHeavyTcAlloy to barrelHeavyAnyResistantAlloy
[14:54:03] [Client thread/INFO] [hbm]: OreDict: Re-registration for receiverLightTcAlloy to receiverLightAnyResistantAlloy
[14:54:03] [Client thread/INFO] [hbm]: OreDict: Re-registration for receiverHeavyTcAlloy to receiverHeavyAnyResistantAlloy
[14:54:03] [Client thread/INFO] [hbm]: OreDict: Re-registration for plateTripleCdAlloy to plateTripleAnyResistantAlloy
[14:54:03] [Client thread/INFO] [hbm]: OreDict: Re-registration for plateSextupleCdAlloy to plateSextupleAnyResistantAlloy
[14:54:03] [Client thread/INFO] [hbm]: OreDict: Re-registration for barrelLightCdAlloy to barrelLightAnyResistantAlloy
[14:54:03] [Client thread/INFO] [hbm]: OreDict: Re-registration for barrelHeavyCdAlloy to barrelHeavyAnyResistantAlloy
[14:54:03] [Client thread/INFO] [hbm]: OreDict: Re-registration for receiverLightCdAlloy to receiverLightAnyResistantAlloy
[14:54:03] [Client thread/INFO] [hbm]: OreDict: Re-registration for receiverHeavyCdAlloy to receiverHeavyAnyResistantAlloy
[14:54:03] [Client thread/INFO] [hbm]: OreDict: Re-registration for plateTripleBismuthBronze to plateTripleAnyBismoidBronze
[14:54:03] [Client thread/INFO] [hbm]: OreDict: Re-registration for barrelLightBismuthBronze to barrelLightAnyBismoidBronze
[14:54:03] [Client thread/INFO] [hbm]: OreDict: Re-registration for receiverLightBismuthBronze to receiverLightAnyBismoidBronze
[14:54:03] [Client thread/INFO] [hbm]: OreDict: Re-registration for receiverHeavyBismuthBronze to receiverHeavyAnyBismoidBronze
[14:54:03] [Client thread/INFO] [hbm]: OreDict: Re-registration for plateTripleArsenicBronze to plateTripleAnyBismoidBronze
[14:54:03] [Client thread/INFO] [hbm]: OreDict: Re-registration for barrelLightArsenicBronze to barrelLightAnyBismoidBronze
[14:54:03] [Client thread/INFO] [hbm]: OreDict: Re-registration for receiverLightArsenicBronze to receiverLightAnyBismoidBronze
[14:54:03] [Client thread/INFO] [hbm]: OreDict: Re-registration for receiverHeavyArsenicBronze to receiverHeavyAnyBismoidBronze
[14:54:03] [Client thread/INFO] [hbm]: OreDict: Re-registration for stockPolymer to stockAnyPlastic
[14:54:03] [Client thread/INFO] [hbm]: OreDict: Re-registration for gripPolymer to gripAnyPlastic
[14:54:03] [Client thread/INFO] [hbm]: OreDict: Re-registration for stockBakelite to stockAnyPlastic
[14:54:03] [Client thread/INFO] [hbm]: OreDict: Re-registration for gripBakelite to gripAnyPlastic
[14:54:03] [Client thread/INFO] [hbm]: OreDict: Re-registration for stockPolycarbonate to stockAnyHardPlastic
[14:54:03] [Client thread/INFO] [hbm]: OreDict: Re-registration for gripPolycarbonate to gripAnyHardPlastic
[14:54:03] [Client thread/INFO] [hbm]: OreDict: Re-registration for stockPVC to stockAnyHardPlastic
[14:54:03] [Client thread/INFO] [hbm]: OreDict: Re-registration for gripPVC to gripAnyHardPlastic
[14:54:03] [Client thread/INFO] [hbm]: [NTM Fluid<=>ForgeFluid Compat] Forge Fluid texture not found for: AIR. Using default tinted
[14:54:03] [Client thread/INFO] [hbm]: [NTM Fluid<=>ForgeFluid Compat] Found ForgeFluid for: WATER. Skipping registration...
[14:54:03] [Client thread/INFO] [hbm]: [NTM Fluid<=>ForgeFluid Compat] Forge Fluid texture not found for: HEAVYWATER. Using default tinted
[14:54:03] [Client thread/INFO] [hbm]: [NTM Fluid<=>ForgeFluid Compat] Forge Fluid texture not found for: HEAVYWATER_HOT. Using default tinted
[14:54:03] [Client thread/INFO] [hbm]: [NTM Fluid<=>ForgeFluid Compat] Found ForgeFluid for: LAVA. Skipping registration...
[14:54:03] [Client thread/INFO] [hbm]: [NTM Fluid<=>ForgeFluid Compat] Found ForgeFluid for: STEAM. Skipping registration...
[14:54:03] [Client thread/INFO] [hbm]: [NTM Fluid<=>ForgeFluid Compat] Forge Fluid texture not found for: HOTSTEAM. Using default tinted
[14:54:03] [Client thread/INFO] [hbm]: [NTM Fluid<=>ForgeFluid Compat] Forge Fluid texture not found for: SUPERHOTSTEAM. Using default tinted
[14:54:03] [Client thread/INFO] [hbm]: [NTM Fluid<=>ForgeFluid Compat] Forge Fluid texture not found for: ULTRAHOTSTEAM. Using default tinted
[14:54:03] [Client thread/INFO] [hbm]: [NTM Fluid<=>ForgeFluid Compat] Forge Fluid texture not found for: SPENTSTEAM. Using default tinted
[14:54:03] [Client thread/INFO] [hbm]: [NTM Fluid<=>ForgeFluid Compat] Forge Fluid texture not found for: CARBONDIOXIDE. Using default tinted
[14:54:03] [Client thread/INFO] [hbm]: [NTM Fluid<=>ForgeFluid Compat] Forge Fluid texture not found for: COOLANT. Using default tinted
[14:54:03] [Client thread/INFO] [hbm]: [NTM Fluid<=>ForgeFluid Compat] Forge Fluid texture not found for: COOLANT_HOT. Using default tinted
[14:54:03] [Client thread/INFO] [hbm]: [NTM Fluid<=>ForgeFluid Compat] Forge Fluid texture not found for: PERFLUOROMETHYL. Using default tinted
[14:54:03] [Client thread/INFO] [hbm]: [NTM Fluid<=>ForgeFluid Compat] Forge Fluid texture not found for: PERFLUOROMETHYL_COLD. Using default tinted
[14:54:03] [Client thread/INFO] [hbm]: [NTM Fluid<=>ForgeFluid Compat] Forge Fluid texture not found for: PERFLUOROMETHYL_HOT. Using default tinted
[14:54:03] [Client thread/INFO] [hbm]: [NTM Fluid<=>ForgeFluid Compat] Forge Fluid texture not found for: CRYOGEL. Using default tinted
[14:54:03] [Client thread/INFO] [hbm]: [NTM Fluid<=>ForgeFluid Compat] Forge Fluid texture not found for: MUG. Using default tinted
[14:54:03] [Client thread/INFO] [hbm]: [NTM Fluid<=>ForgeFluid Compat] Forge Fluid texture not found for: MUG_HOT. Using default tinted
[14:54:03] [Client thread/INFO] [hbm]: [NTM Fluid<=>ForgeFluid Compat] Forge Fluid texture not found for: BLOOD. Using default tinted
[14:54:03] [Client thread/INFO] [hbm]: [NTM Fluid<=>ForgeFluid Compat] Forge Fluid texture not found for: BLOOD_HOT. Using default tinted
[14:54:03] [Client thread/INFO] [hbm]: [NTM Fluid<=>ForgeFluid Compat] Forge Fluid texture not found for: SODIUM. Using default tinted
[14:54:03] [Client thread/INFO] [hbm]: [NTM Fluid<=>ForgeFluid Compat] Forge Fluid texture not found for: SODIUM_HOT. Using default tinted
[14:54:03] [Client thread/INFO] [hbm]: [NTM Fluid<=>ForgeFluid Compat] Forge Fluid texture not found for: LEAD. Using default tinted
[14:54:03] [Client thread/INFO] [hbm]: [NTM Fluid<=>ForgeFluid Compat] Forge Fluid texture not found for: LEAD_HOT. Using default tinted
[14:54:03] [Client thread/INFO] [hbm]: [NTM Fluid<=>ForgeFluid Compat] Forge Fluid texture not found for: THORIUM_SALT. Using default tinted
[14:54:03] [Client thread/INFO] [hbm]: [NTM Fluid<=>ForgeFluid Compat] Forge Fluid texture not found for: THORIUM_SALT_HOT. Using default tinted
[14:54:03] [Client thread/INFO] [hbm]: [NTM Fluid<=>ForgeFluid Compat] Forge Fluid texture not found for: THORIUM_SALT_DEPLETED. Using default tinted
[14:54:03] [Client thread/INFO] [hbm]: [NTM Fluid<=>ForgeFluid Compat] Forge Fluid texture not found for: HYDROGEN. Using default tinted
[14:54:03] [Client thread/INFO] [hbm]: [NTM Fluid<=>ForgeFluid Compat] Forge Fluid texture not found for: DEUTERIUM. Using default tinted
[14:54:03] [Client thread/INFO] [hbm]: [NTM Fluid<=>ForgeFluid Compat] Forge Fluid texture not found for: TRITIUM. Using default tinted
[14:54:03] [Client thread/INFO] [hbm]: [NTM Fluid<=>ForgeFluid Compat] Forge Fluid texture not found for: HELIUM3. Using default tinted
[14:54:03] [Client thread/INFO] [hbm]: [NTM Fluid<=>ForgeFluid Compat] Forge Fluid texture not found for: HELIUM4. Using default tinted
[14:54:03] [Client thread/INFO] [hbm]: [NTM Fluid<=>ForgeFluid Compat] Forge Fluid texture not found for: OXYGEN. Using default tinted
[14:54:03] [Client thread/INFO] [hbm]: [NTM Fluid<=>ForgeFluid Compat] Forge Fluid texture not found for: XENON. Using default tinted
[14:54:03] [Client thread/INFO] [hbm]: [NTM Fluid<=>ForgeFluid Compat] Forge Fluid texture not found for: CHLORINE. Using default tinted
[14:54:03] [Client thread/INFO] [hbm]: [NTM Fluid<=>ForgeFluid Compat] Forge Fluid texture not found for: MERCURY. Using default tinted
[14:54:03] [Client thread/INFO] [hbm]: [NTM Fluid<=>ForgeFluid Compat] Forge Fluid texture not found for: OIL. Using default tinted
[14:54:03] [Client thread/INFO] [hbm]: [NTM Fluid<=>ForgeFluid Compat] Forge Fluid texture not found for: OIL_DS. Using default tinted
[14:54:03] [Client thread/INFO] [hbm]: [NTM Fluid<=>ForgeFluid Compat] Forge Fluid texture not found for: CRACKOIL. Using default tinted
[14:54:03] [Client thread/INFO] [hbm]: [NTM Fluid<=>ForgeFluid Compat] Forge Fluid texture not found for: CRACKOIL_DS. Using default tinted
[14:54:03] [Client thread/INFO] [hbm]: [NTM Fluid<=>ForgeFluid Compat] Forge Fluid texture not found for: COALOIL. Using default tinted
[14:54:03] [Client thread/INFO] [hbm]: [NTM Fluid<=>ForgeFluid Compat] Forge Fluid texture not found for: OIL_COKER. Using default tinted
[14:54:03] [Client thread/INFO] [hbm]: [NTM Fluid<=>ForgeFluid Compat] Forge Fluid texture not found for: HOTOIL. Using default tinted
[14:54:03] [Client thread/INFO] [hbm]: [NTM Fluid<=>ForgeFluid Compat] Forge Fluid texture not found for: HOTOIL_DS. Using default tinted
[14:54:03] [Client thread/INFO] [hbm]: [NTM Fluid<=>ForgeFluid Compat] Forge Fluid texture not found for: HOTCRACKOIL. Using default tinted
[14:54:03] [Client thread/INFO] [hbm]: [NTM Fluid<=>ForgeFluid Compat] Forge Fluid texture not found for: HOTCRACKOIL_DS. Using default tinted
[14:54:03] [Client thread/INFO] [hbm]: [NTM Fluid<=>ForgeFluid Compat] Forge Fluid texture not found for: HEAVYOIL. Using default tinted
[14:54:03] [Client thread/INFO] [hbm]: [NTM Fluid<=>ForgeFluid Compat] Forge Fluid texture not found for: HEAVYOIL_VACUUM. Using default tinted
[14:54:03] [Client thread/INFO] [hbm]: [NTM Fluid<=>ForgeFluid Compat] Forge Fluid texture not found for: NAPHTHA. Using default tinted
[14:54:03] [Client thread/INFO] [hbm]: [NTM Fluid<=>ForgeFluid Compat] Forge Fluid texture not found for: NAPHTHA_DS. Using default tinted
[14:54:03] [Client thread/INFO] [hbm]: [NTM Fluid<=>ForgeFluid Compat] Forge Fluid texture not found for: NAPHTHA_CRACK. Using default tinted
[14:54:03] [Client thread/INFO] [hbm]: [NTM Fluid<=>ForgeFluid Compat] Forge Fluid texture not found for: NAPHTHA_COKER. Using default tinted
[14:54:03] [Client thread/INFO] [hbm]: [NTM Fluid<=>ForgeFluid Compat] Forge Fluid texture not found for: REFORMATE. Using default tinted
[14:54:03] [Client thread/INFO] [hbm]: [NTM Fluid<=>ForgeFluid Compat] Forge Fluid texture not found for: LIGHTOIL. Using default tinted
[14:54:03] [Client thread/INFO] [hbm]: [NTM Fluid<=>ForgeFluid Compat] Forge Fluid texture not found for: LIGHTOIL_DS. Using default tinted
[14:54:03] [Client thread/INFO] [hbm]: [NTM Fluid<=>ForgeFluid Compat] Forge Fluid texture not found for: LIGHTOIL_CRACK. Using default tinted
[14:54:03] [Client thread/INFO] [hbm]: [NTM Fluid<=>ForgeFluid Compat] Forge Fluid texture not found for: LIGHTOIL_VACUUM. Using default tinted
[14:54:03] [Client thread/INFO] [hbm]: [NTM Fluid<=>ForgeFluid Compat] Forge Fluid texture not found for: BITUMEN. Using default tinted
[14:54:03] [Client thread/INFO] [hbm]: [NTM Fluid<=>ForgeFluid Compat] Forge Fluid texture not found for: SMEAR. Using default tinted
[14:54:03] [Client thread/INFO] [hbm]: [NTM Fluid<=>ForgeFluid Compat] Forge Fluid texture not found for: HEATINGOIL. Using default tinted
[14:54:03] [Client thread/INFO] [hbm]: [NTM Fluid<=>ForgeFluid Compat] Forge Fluid texture not found for: HEATINGOIL_VACUUM. Using default tinted
[14:54:03] [Client thread/INFO] [hbm]: [NTM Fluid<=>ForgeFluid Compat] Forge Fluid texture not found for: RECLAIMED. Using default tinted
[14:54:03] [Client thread/INFO] [hbm]: [NTM Fluid<=>ForgeFluid Compat] Forge Fluid texture not found for: LUBRICANT. Using default tinted
[14:54:03] [Client thread/INFO] [hbm]: [NTM Fluid<=>ForgeFluid Compat] Forge Fluid texture not found for: GAS. Using default tinted
[14:54:03] [Client thread/INFO] [hbm]: [NTM Fluid<=>ForgeFluid Compat] Forge Fluid texture not found for: GAS_COKER. Using default tinted
[14:54:03] [Client thread/INFO] [hbm]: [NTM Fluid<=>ForgeFluid Compat] Forge Fluid texture not found for: PETROLEUM. Using default tinted
[14:54:03] [Client thread/INFO] [hbm]: [NTM Fluid<=>ForgeFluid Compat] Forge Fluid texture not found for: SOURGAS. Using default tinted
[14:54:03] [Client thread/INFO] [hbm]: [NTM Fluid<=>ForgeFluid Compat] Forge Fluid texture not found for: LPG. Using default tinted
[14:54:03] [Client thread/INFO] [hbm]: [NTM Fluid<=>ForgeFluid Compat] Forge Fluid texture not found for: SYNGAS. Using default tinted
[14:54:03] [Client thread/INFO] [hbm]: [NTM Fluid<=>ForgeFluid Compat] Forge Fluid texture not found for: OXYHYDROGEN. Using default tinted
[14:54:03] [Client thread/INFO] [hbm]: [NTM Fluid<=>ForgeFluid Compat] Forge Fluid texture not found for: AROMATICS. Using default tinted
[14:54:03] [Client thread/INFO] [hbm]: [NTM Fluid<=>ForgeFluid Compat] Forge Fluid texture not found for: UNSATURATEDS. Using default tinted
[14:54:03] [Client thread/INFO] [hbm]: [NTM Fluid<=>ForgeFluid Compat] Forge Fluid texture not found for: XYLENE. Using default tinted
[14:54:03] [Client thread/INFO] [hbm]: [NTM Fluid<=>ForgeFluid Compat] Forge Fluid texture not found for: REFORMGAS. Using default tinted
[14:54:03] [Client thread/INFO] [hbm]: [NTM Fluid<=>ForgeFluid Compat] Forge Fluid texture not found for: DIESEL. Using default tinted
[14:54:03] [Client thread/INFO] [hbm]: [NTM Fluid<=>ForgeFluid Compat] Forge Fluid texture not found for: DIESEL_REFORM. Using default tinted
[14:54:03] [Client thread/INFO] [hbm]: [NTM Fluid<=>ForgeFluid Compat] Forge Fluid texture not found for: DIESEL_CRACK. Using default tinted
[14:54:03] [Client thread/INFO] [hbm]: [NTM Fluid<=>ForgeFluid Compat] Forge Fluid texture not found for: DIESEL_CRACK_REFORM. Using default tinted
[14:54:03] [Client thread/INFO] [hbm]: [NTM Fluid<=>ForgeFluid Compat] Forge Fluid texture not found for: KEROSENE. Using default tinted
[14:54:03] [Client thread/INFO] [hbm]: [NTM Fluid<=>ForgeFluid Compat] Forge Fluid texture not found for: KEROSENE_REFORM. Using default tinted
[14:54:03] [Client thread/INFO] [hbm]: [NTM Fluid<=>ForgeFluid Compat] Forge Fluid texture not found for: PETROIL. Using default tinted
[14:54:03] [Client thread/INFO] [hbm]: [NTM Fluid<=>ForgeFluid Compat] Forge Fluid texture not found for: PETROIL_LEADED. Using default tinted
[14:54:03] [Client thread/INFO] [hbm]: [NTM Fluid<=>ForgeFluid Compat] Forge Fluid texture not found for: GASOLINE. Using default tinted
[14:54:03] [Client thread/INFO] [hbm]: [NTM Fluid<=>ForgeFluid Compat] Forge Fluid texture not found for: GASOLINE_LEADED. Using default tinted
[14:54:03] [Client thread/INFO] [hbm]: [NTM Fluid<=>ForgeFluid Compat] Forge Fluid texture not found for: COALGAS. Using default tinted
[14:54:03] [Client thread/INFO] [hbm]: [NTM Fluid<=>ForgeFluid Compat] Forge Fluid texture not found for: COALGAS_LEADED. Using default tinted
[14:54:03] [Client thread/INFO] [hbm]: [NTM Fluid<=>ForgeFluid Compat] Forge Fluid texture not found for: COALCREOSOTE. Using default tinted
[14:54:03] [Client thread/INFO] [hbm]: [NTM Fluid<=>ForgeFluid Compat] Forge Fluid texture not found for: WOODOIL. Using default tinted
[14:54:03] [Client thread/INFO] [hbm]: [NTM Fluid<=>ForgeFluid Compat] Forge Fluid texture not found for: BIOGAS. Using default tinted
[14:54:03] [Client thread/INFO] [hbm]: [NTM Fluid<=>ForgeFluid Compat] Forge Fluid texture not found for: BIOFUEL. Using default tinted
[14:54:03] [Client thread/INFO] [hbm]: [NTM Fluid<=>ForgeFluid Compat] Found ForgeFluid for: ETHANOL. Skipping registration...
[14:54:03] [Client thread/INFO] [hbm]: [NTM Fluid<=>ForgeFluid Compat] Forge Fluid texture not found for: FISHOIL. Using default tinted
[14:54:03] [Client thread/INFO] [hbm]: [NTM Fluid<=>ForgeFluid Compat] Forge Fluid texture not found for: SUNFLOWEROIL. Using default tinted
[14:54:03] [Client thread/INFO] [hbm]: [NTM Fluid<=>ForgeFluid Compat] Forge Fluid texture not found for: NITAN. Using default tinted
[14:54:03] [Client thread/INFO] [hbm]: [NTM Fluid<=>ForgeFluid Compat] Forge Fluid texture not found for: DHC. Using default tinted
[14:54:03] [Client thread/INFO] [hbm]: [NTM Fluid<=>ForgeFluid Compat] Forge Fluid texture not found for: BALEFIRE. Using default tinted
[14:54:03] [Client thread/INFO] [hbm]: [NTM Fluid<=>ForgeFluid Compat] Forge Fluid texture not found for: SALIENT. Using default tinted
[14:54:03] [Client thread/INFO] [hbm]: [NTM Fluid<=>ForgeFluid Compat] Forge Fluid texture not found for: SEEDSLURRY. Using default tinted
[14:54:03] [Client thread/INFO] [hbm]: [NTM Fluid<=>ForgeFluid Compat] Forge Fluid texture not found for: COLLOID. Using default tinted
[14:54:03] [Client thread/INFO] [hbm]: [NTM Fluid<=>ForgeFluid Compat] Forge Fluid texture not found for: VITRIOL. Using default tinted
[14:54:03] [Client thread/INFO] [hbm]: [NTM Fluid<=>ForgeFluid Compat] Forge Fluid texture not found for: SLOP. Using default tinted
[14:54:03] [Client thread/INFO] [hbm]: [NTM Fluid<=>ForgeFluid Compat] Forge Fluid texture not found for: IONGEL. Using default tinted
[14:54:03] [Client thread/INFO] [hbm]: [NTM Fluid<=>ForgeFluid Compat] Forge Fluid texture not found for: PEROXIDE. Using default tinted
[14:54:03] [Client thread/INFO] [hbm]: [NTM Fluid<=>ForgeFluid Compat] Found ForgeFluid for: SULFURIC_ACID. Skipping registration...
[14:54:03] [Client thread/INFO] [hbm]: [NTM Fluid<=>ForgeFluid Compat] Forge Fluid texture not found for: NITRIC_ACID. Using default tinted
[14:54:03] [Client thread/INFO] [hbm]: [NTM Fluid<=>ForgeFluid Compat] Forge Fluid texture not found for: SOLVENT. Using default tinted
[14:54:03] [Client thread/INFO] [hbm]: [NTM Fluid<=>ForgeFluid Compat] Forge Fluid texture not found for: RADIOSOLVENT. Using default tinted
[14:54:03] [Client thread/INFO] [hbm]: [NTM Fluid<=>ForgeFluid Compat] Forge Fluid texture not found for: SCHRABIDIC. Using default tinted
[14:54:03] [Client thread/INFO] [hbm]: [NTM Fluid<=>ForgeFluid Compat] Forge Fluid texture not found for: UF6. Using default tinted
[14:54:03] [Client thread/INFO] [hbm]: [NTM Fluid<=>ForgeFluid Compat] Forge Fluid texture not found for: PUF6. Using default tinted
[14:54:03] [Client thread/INFO] [hbm]: [NTM Fluid<=>ForgeFluid Compat] Forge Fluid texture not found for: SAS3. Using default tinted
[14:54:03] [Client thread/INFO] [hbm]: [NTM Fluid<=>ForgeFluid Compat] Forge Fluid texture not found for: PAIN. Using default tinted
[14:54:03] [Client thread/INFO] [hbm]: [NTM Fluid<=>ForgeFluid Compat] Forge Fluid texture not found for: DEATH. Using default tinted
[14:54:03] [Client thread/INFO] [hbm]: [NTM Fluid<=>ForgeFluid Compat] Forge Fluid texture not found for: WATZ. Using default tinted
[14:54:03] [Client thread/INFO] [hbm]: [NTM Fluid<=>ForgeFluid Compat] Forge Fluid texture not found for: REDMUD. Using default tinted
[14:54:03] [Client thread/INFO] [hbm]: [NTM Fluid<=>ForgeFluid Compat] Forge Fluid texture not found for: FULLERENE. Using default tinted
[14:54:03] [Client thread/INFO] [hbm]: [NTM Fluid<=>ForgeFluid Compat] Forge Fluid texture not found for: EGG. Using default tinted
[14:54:03] [Client thread/INFO] [hbm]: [NTM Fluid<=>ForgeFluid Compat] Forge Fluid texture not found for: CHOLESTEROL. Using default tinted
[14:54:03] [Client thread/INFO] [hbm]: [NTM Fluid<=>ForgeFluid Compat] Forge Fluid texture not found for: CHLOROCALCITE_SOLUTION. Using default tinted
[14:54:03] [Client thread/INFO] [hbm]: [NTM Fluid<=>ForgeFluid Compat] Forge Fluid texture not found for: CHLOROCALCITE_MIX. Using default tinted
[14:54:03] [Client thread/INFO] [hbm]: [NTM Fluid<=>ForgeFluid Compat] Forge Fluid texture not found for: CHLOROCALCITE_CLEANED. Using default tinted
[14:54:03] [Client thread/INFO] [hbm]: [NTM Fluid<=>ForgeFluid Compat] Forge Fluid texture not found for: POTASSIUM_CHLORIDE. Using default tinted
[14:54:03] [Client thread/INFO] [hbm]: [NTM Fluid<=>ForgeFluid Compat] Forge Fluid texture not found for: CALCIUM_CHLORIDE. Using default tinted
[14:54:03] [Client thread/INFO] [hbm]: [NTM Fluid<=>ForgeFluid Compat] Forge Fluid texture not found for: CALCIUM_SOLUTION. Using default tinted
[14:54:03] [Client thread/INFO] [hbm]: [NTM Fluid<=>ForgeFluid Compat] Forge Fluid texture not found for: SODIUM_ALUMINATE. Using default tinted
[14:54:03] [Client thread/INFO] [hbm]: [NTM Fluid<=>ForgeFluid Compat] Forge Fluid texture not found for: BAUXITE_SOLUTION. Using default tinted
[14:54:03] [Client thread/INFO] [hbm]: [NTM Fluid<=>ForgeFluid Compat] Forge Fluid texture not found for: ALUMINA. Using default tinted
[14:54:03] [Client thread/INFO] [hbm]: [NTM Fluid<=>ForgeFluid Compat] Found ForgeFluid for: CONCRETE. Skipping registration...
[14:54:03] [Client thread/INFO] [hbm]: [NTM Fluid<=>ForgeFluid Compat] Forge Fluid texture not found for: FRACKSOL. Using default tinted
[14:54:03] [Client thread/INFO] [hbm]: [NTM Fluid<=>ForgeFluid Compat] Forge Fluid texture not found for: LYE. Using default tinted
[14:54:03] [Client thread/INFO] [hbm]: [NTM Fluid<=>ForgeFluid Compat] Forge Fluid texture not found for: PHOSGENE. Using default tinted
[14:54:03] [Client thread/INFO] [hbm]: [NTM Fluid<=>ForgeFluid Compat] Forge Fluid texture not found for: MUSTARDGAS. Using default tinted
[14:54:03] [Client thread/INFO] [hbm]: [NTM Fluid<=>ForgeFluid Compat] Forge Fluid texture not found for: ESTRADIOL. Using default tinted
[14:54:03] [Client thread/INFO] [hbm]: [NTM Fluid<=>ForgeFluid Compat] Forge Fluid texture not found for: NITROGLYCERIN. Using default tinted
[14:54:03] [Client thread/INFO] [hbm]: [NTM Fluid<=>ForgeFluid Compat] Forge Fluid texture not found for: AMAT. Using default tinted
[14:54:03] [Client thread/INFO] [hbm]: [NTM Fluid<=>ForgeFluid Compat] Forge Fluid texture not found for: ASCHRAB. Using default tinted
[14:54:03] [Client thread/INFO] [hbm]: [NTM Fluid<=>ForgeFluid Compat] Forge Fluid texture not found for: WASTEFLUID. Using default tinted
[14:54:03] [Client thread/INFO] [hbm]: [NTM Fluid<=>ForgeFluid Compat] Forge Fluid texture not found for: WASTEGAS. Using default tinted
[14:54:03] [Client thread/INFO] [hbm]: [NTM Fluid<=>ForgeFluid Compat] Forge Fluid texture not found for: XPJUICE. Using default tinted
[14:54:03] [Client thread/INFO] [hbm]: [NTM Fluid<=>ForgeFluid Compat] Forge Fluid texture not found for: ENDERJUICE. Using default tinted
[14:54:03] [Client thread/INFO] [hbm]: [NTM Fluid<=>ForgeFluid Compat] Forge Fluid texture not found for: STELLAR_FLUX. Using default tinted
[14:54:03] [Client thread/INFO] [hbm]: [NTM Fluid<=>ForgeFluid Compat] Forge Fluid texture not found for: PLASMA_DT. Using default tinted
[14:54:03] [Client thread/INFO] [hbm]: [NTM Fluid<=>ForgeFluid Compat] Forge Fluid texture not found for: PLASMA_HD. Using default tinted
[14:54:03] [Client thread/INFO] [hbm]: [NTM Fluid<=>ForgeFluid Compat] Forge Fluid texture not found for: PLASMA_HT. Using default tinted
[14:54:03] [Client thread/INFO] [hbm]: [NTM Fluid<=>ForgeFluid Compat] Forge Fluid texture not found for: PLASMA_DH3. Using default tinted
[14:54:03] [Client thread/INFO] [hbm]: [NTM Fluid<=>ForgeFluid Compat] Forge Fluid texture not found for: PLASMA_XM. Using default tinted
[14:54:03] [Client thread/INFO] [hbm]: [NTM Fluid<=>ForgeFluid Compat] Forge Fluid texture not found for: PLASMA_BF. Using default tinted
[14:54:03] [Client thread/INFO] [hbm]: [NTM Fluid<=>ForgeFluid Compat] Forge Fluid texture not found for: SMOKE. Using default tinted
[14:54:03] [Client thread/INFO] [hbm]: [NTM Fluid<=>ForgeFluid Compat] Forge Fluid texture not found for: SMOKE_LEADED. Using default tinted
[14:54:03] [Client thread/INFO] [hbm]: [NTM Fluid<=>ForgeFluid Compat] Forge Fluid texture not found for: SMOKE_POISON. Using default tinted
[14:54:03] [Client thread/INFO] [hbm]: [NTM Fluid<=>ForgeFluid Compat] Forge Fluid texture not found for: PHEROMONE. Using default tinted
[14:54:03] [Client thread/INFO] [hbm]: [NTM Fluid<=>ForgeFluid Compat] Forge Fluid texture not found for: PHEROMONE_M. Using default tinted
[14:54:03] [Client thread/INFO] [hbm]: [NTM Fluid<=>ForgeFluid Compat] Forge Fluid texture not found for: HYDRAZINE. Using default tinted
[14:54:03] [Client thread/INFO] [hbm]: [NTM Fluid<=>ForgeFluid Compat] Forge Fluid texture not found for: CUSTOM_DEMO. Using default tinted
[14:54:03] [Client thread/INFO] [hbm]: Initializing PacketThreading in Optimized Single-Threaded mode.
[14:54:03] [Client thread/INFO] [STDOUT]: [com.dhanantry.scapeandrunparasites.advancements.DispatcherStage4DetectedAdvancement:register:28]: [SRP][Qlip] listener registered
[14:54:03] [Client thread/INFO] [STDOUT]: [com.dhanantry.scapeandrunparasites.bestiary.net.BestiaryNetwork:register:40]: [SRP][BESTIARY][NET] Registered packets on channel 'srp_bestiary'
[14:54:03] [VintageFix item baking thread/INFO] [FML]: OBJLoader.MaterialLibrary: key 'Ns' (model: 'hbm:models/block/pribris_digamma.mtl') is not currently supported, skipping
[14:54:03] [VintageFix item baking thread/INFO] [FML]: OBJModel: A color has already been defined for material 'PribrisMTL' in 'hbm:models/block/pribris_digamma.mtl'. The color defined by key 'Ks' will not be applied!
[14:54:03] [VintageFix item baking thread/INFO] [FML]: OBJLoader.MaterialLibrary: key 'Ke' (model: 'hbm:models/block/pribris_digamma.mtl') is not currently supported, skipping
[14:54:03] [VintageFix item baking thread/INFO] [FML]: OBJLoader.MaterialLibrary: key 'Ni' (model: 'hbm:models/block/pribris_digamma.mtl') is not currently supported, skipping
[14:54:03] [VintageFix item baking thread/INFO] [FML]: OBJLoader.MaterialLibrary: key 'illum' (model: 'hbm:models/block/pribris_digamma.mtl') is not currently supported, skipping
[14:54:03] [VintageFix item baking thread/ERROR] [org.embeddedt.vintagefix.dynamicresources.model.DynamicModelProvider]: Failed to load model minecraft:purpur_double_slab#inventory
net.minecraftforge.client.model.ModelLoaderRegistry$LoaderException: Exception loading model minecraft:purpur_double_slab#inventory with loader VariantLoader.INSTANCE
	at org.embeddedt.vintagefix.dynamicresources.model.DynamicModelProvider.loadModel(DynamicModelProvider.java:208) ~[DynamicModelProvider.class:?]
	at org.embeddedt.vintagefix.dynamicresources.model.DynamicModelProvider.loadModelFromBlockstateOrInventory(DynamicModelProvider.java:111) [DynamicModelProvider.class:?]
	at org.embeddedt.vintagefix.dynamicresources.model.DynamicModelProvider.getObject(DynamicModelProvider.java:66) [DynamicModelProvider.class:?]
	at org.embeddedt.vintagefix.dynamicresources.model.DynamicBakedModelProvider.loadBakedModel(DynamicBakedModelProvider.java:121) [DynamicBakedModelProvider.class:?]
	at org.embeddedt.vintagefix.dynamicresources.model.DynamicBakedModelProvider.getObject(DynamicBakedModelProvider.java:87) [DynamicBakedModelProvider.class:?]
	at org.embeddedt.vintagefix.dynamicresources.ItemBakeThread.run(ItemBakeThread.java:72) [ItemBakeThread.class:?]
Caused by: java.lang.NullPointerException
	at net.minecraftforge.client.model.ModelLoader$MultipartModel.<init>(ModelLoader.java:1212) ~[ModelLoader$MultipartModel.class:?]
	at net.minecraftforge.client.model.ModelLoader$VariantLoader.loadModel(ModelLoader.java:1326) ~[ModelLoader$VariantLoader.class:?]
	at org.embeddedt.vintagefix.dynamicresources.model.DynamicModelProvider.loadModel(DynamicModelProvider.java:206) ~[DynamicModelProvider.class:?]
	... 5 more
[14:54:03] [VintageFix item baking thread/ERROR] [org.embeddedt.vintagefix.dynamicresources.model.DynamicModelProvider]: Failed to load model minecraft:purpur_double_slab#inventory as item minecraft:purpur_double_slab
net.minecraftforge.client.model.ModelLoaderRegistry$LoaderException: Exception loading model minecraft:purpur_double_slab#inventory with loader VariantLoader.INSTANCE
	at org.embeddedt.vintagefix.dynamicresources.model.DynamicModelProvider.loadModel(DynamicModelProvider.java:208) ~[DynamicModelProvider.class:?]
	at org.embeddedt.vintagefix.dynamicresources.model.DynamicModelProvider.loadModelFromBlockstateOrInventory(DynamicModelProvider.java:111) [DynamicModelProvider.class:?]
	at org.embeddedt.vintagefix.dynamicresources.model.DynamicModelProvider.getObject(DynamicModelProvider.java:66) [DynamicModelProvider.class:?]
	at org.embeddedt.vintagefix.dynamicresources.model.DynamicBakedModelProvider.loadBakedModel(DynamicBakedModelProvider.java:121) [DynamicBakedModelProvider.class:?]
	at org.embeddedt.vintagefix.dynamicresources.model.DynamicBakedModelProvider.getObject(DynamicBakedModelProvider.java:87) [DynamicBakedModelProvider.class:?]
	at org.embeddedt.vintagefix.dynamicresources.ItemBakeThread.run(ItemBakeThread.java:72) [ItemBakeThread.class:?]
Caused by: java.lang.NullPointerException
	at net.minecraftforge.client.model.ModelLoader$MultipartModel.<init>(ModelLoader.java:1212) ~[ModelLoader$MultipartModel.class:?]
	at net.minecraftforge.client.model.ModelLoader$VariantLoader.loadModel(ModelLoader.java:1326) ~[ModelLoader$VariantLoader.class:?]
	at org.embeddedt.vintagefix.dynamicresources.model.DynamicModelProvider.loadModel(DynamicModelProvider.java:206) ~[DynamicModelProvider.class:?]
	... 5 more
[14:54:03] [VintageFix item baking thread/ERROR] [org.embeddedt.vintagefix.dynamicresources.model.DynamicBakedModelProvider]: Error occured while loading model minecraft:purpur_double_slab#inventory
[14:54:03] [VintageFix item baking thread/INFO] [VintageFix]: Item baking finished in 1.443 s
[14:54:03] [Client thread/INFO] [Universal Tweaks]: Universal Tweaks initialized
[14:54:03] [Client thread/INFO] [Universal Tweaks]: Block Overlay lists initialized
[14:54:03] [Client thread/INFO] [Universal Tweaks]: Universal Tweaks client initialized
[14:54:03] [Client thread/INFO] [xaero.lib.XaeroLib]: Loading XaeroLib common 1/2!
[14:54:03] [Client thread/INFO] [xaero.lib.XaeroLib]: Loading XaeroLib client 1/2!
[14:54:05] [Client thread/INFO] [xaero.minimap.XaeroMinimap]: Loading Xaero's Minimap - Stage 1/2
[14:54:05] [Thread-15/INFO] [immersiveengineering]: Arc Recycling: Removed 0 old recipes
[14:54:05] [Immersive Engineering Registry Iteration Thread/WARN] [immersiveengineering]: Recipe has invalid inputs and will be ignored: net.minecraftforge.oredict.ShapelessOreRecipe@aaca09a (hbm:centri_stick)
[14:54:05] [Thread-15/INFO] [immersiveengineering]: Finished recipe profiler for Arc Recycling, took 26 milliseconds
[14:54:05] [Client thread/INFO] [FML]: Injecting itemstacks
[14:54:05] [Client thread/INFO] [FML]: Itemstack injection complete
[14:54:05] [Client thread/INFO] [GroovyLog]: Skipping load stage init, since no scripts are configured!
[14:54:05] [Client thread/WARN] [FML]: No types have been added to Biome appliedenergistics2:storage_biome, types have been assigned on a best-effort guess: [PLAINS, COLD]
[14:54:05] [Client thread/INFO] [AE2:C]: Post Initialization ( started )
[14:54:05] [Client thread/INFO] [AE2:C]: Industrial Craft 2 - Integration Disabled
[14:54:05] [Client thread/INFO] [AE2:C]: Railcraft - Integration Disabled
[14:54:05] [Client thread/INFO] [AE2:C]: Mine Factory Reloaded - Integration Disabled
[14:54:05] [Client thread/INFO] [AE2:C]: Waila - Integration Disabled
[14:54:05] [Client thread/INFO] [AE2:C]: Inventory Tweaks - Integration Disabled
[14:54:05] [Client thread/INFO] [AE2:C]: Just Enough Items - Integration Enable
[14:54:05] [Client thread/INFO] [AE2:C]: Mekanism - Integration Disabled
[14:54:05] [Client thread/INFO] [AE2:C]: OpenComputers - Integration Disabled
[14:54:05] [Client thread/INFO] [AE2:C]: TheOneProbe - Integration Enable
[14:54:05] [Client thread/INFO] [AE2:C]: Tesla - Integration Disabled
[14:54:05] [Client thread/INFO] [AE2:C]: CraftTweaker - Integration Disabled
[14:54:05] [Client thread/INFO] [AE2:C]: Post Initialization ( ended after 164ms )
[14:54:06] [Client thread/INFO] [de.keksuccino.konkrete.Konkrete]: [KONKRETE] Client-side libs ready to use!
[14:54:06] [Client thread/INFO] [hbm]: No armor file found, registering defaults for _hbmArmor.json
[14:54:06] [Client thread/INFO] [hbm]: Starting recipe init!
[14:54:06] [Client thread/INFO] [hbm]: No recipe file found, registering defaults for hbmAmmoPress.json
[14:54:06] [Client thread/INFO] [hbm]: Writing template file _hbmAmmoPress.json
[14:54:06] [Client thread/INFO] [hbm]: No recipe file found, registering defaults for hbmAnnihilator.json
[14:54:06] [Client thread/INFO] [hbm]: Writing template file _hbmAnnihilator.json
[14:54:06] [Client thread/INFO] [hbm]: No recipe file found, registering defaults for hbmAnvil.json
[14:54:06] [Client thread/INFO] [hbm]: Writing template file _hbmAnvil.json
[14:54:06] [Client thread/INFO] [hbm]: No recipe file found, registering defaults for hbmArcFurnace.json
[14:54:06] [Client thread/INFO] [hbm]: Writing template file _hbmArcFurnace.json
[14:54:06] [Client thread/INFO] [hbm]: No recipe file found, registering defaults for hbmArcWelder.json
[14:54:06] [Client thread/INFO] [hbm]: Writing template file _hbmArcWelder.json
[14:54:06] [Client thread/INFO] [hbm]: No recipe file found, registering defaults for hbmBlastFurnace.json
[14:54:06] [Client thread/INFO] [hbm]: Writing template file _hbmBlastFurnace.json
[14:54:06] [Client thread/INFO] [hbm]: No recipe file found, registering defaults for hbmBreeder.json
[14:54:06] [Client thread/INFO] [hbm]: Writing template file _hbmBreeder.json
[14:54:06] [Client thread/INFO] [hbm]: No recipe file found, registering defaults for hbmCentrifuge.json
[14:54:06] [Client thread/INFO] [hbm]: Writing template file _hbmCentrifuge.json
[14:54:06] [Client thread/INFO] [hbm]: No recipe file found, registering defaults for hbmCoker.json
[14:54:06] [Client thread/INFO] [hbm]: Writing template file _hbmCoker.json
[14:54:06] [Client thread/INFO] [hbm]: No recipe file found, registering defaults for hbmCompressor.json
[14:54:06] [Client thread/INFO] [hbm]: Writing template file _hbmCompressor.json
[14:54:06] [Client thread/INFO] [hbm]: No recipe file found, registering defaults for hbmCracking.json
[14:54:06] [Client thread/INFO] [hbm]: Writing template file _hbmCracking.json
[14:54:06] [Client thread/INFO] [hbm]: No recipe file found, registering defaults for hbmCrystallizer.json
[14:54:06] [Client thread/INFO] [hbm]: Writing template file _hbmCrystallizer.json
[14:54:06] [Client thread/INFO] [hbm]: No recipe file found, registering defaults for hbmCyclotron.json
[14:54:06] [Client thread/INFO] [hbm]: Writing template file _hbmCyclotron.json
[14:54:06] [Client thread/INFO] [hbm]: No recipe file found, registering defaults for hbmElectrolyzerFluid.json
[14:54:06] [Client thread/INFO] [hbm]: Writing template file _hbmElectrolyzerFluid.json
[14:54:06] [Client thread/INFO] [hbm]: No recipe file found, registering defaults for hbmElectrolyzerMetal.json
[14:54:06] [Client thread/INFO] [hbm]: Writing template file _hbmElectrolyzerMetal.json
[14:54:06] [Client thread/INFO] [hbm]: No recipe file found, registering defaults for hbmIrradiationFluids.json
[14:54:06] [Client thread/INFO] [hbm]: Writing template file _hbmIrradiationFluids.json
[14:54:06] [Client thread/INFO] [hbm]: No recipe file found, registering defaults for hbmFractions.json
[14:54:06] [Client thread/INFO] [hbm]: Writing template file _hbmFractions.json
[14:54:06] [Client thread/INFO] [hbm]: No recipe file found, registering defaults for hbmHydrotreating.json
[14:54:06] [Client thread/INFO] [hbm]: Writing template file _hbmHydrotreating.json
[14:54:06] [Client thread/INFO] [hbm]: No recipe file found, registering defaults for hbmLiquefactor.json
[14:54:06] [Client thread/INFO] [hbm]: Writing template file _hbmLiquefactor.json
[14:54:06] [Client thread/INFO] [hbm]: No recipe file found, registering defaults for hbmCrucibleSmelting.json
[14:54:06] [Client thread/INFO] [hbm]: GTCEu loaded = false
[14:54:06] [Client thread/INFO] [hbm]: Writing template file _hbmCrucibleSmelting.json
[14:54:06] [Client thread/INFO] [hbm]: No recipe file found, registering defaults for hbmMixer.json
[14:54:06] [Client thread/INFO] [hbm]: Writing template file _hbmMixer.json
[14:54:06] [Client thread/INFO] [hbm]: No recipe file found, registering defaults for hbmPedestal.json
[14:54:06] [Client thread/INFO] [hbm]: Writing template file _hbmPedestal.json
[14:54:06] [Client thread/INFO] [hbm]: No recipe file found, registering defaults for hbmPress.json
[14:54:06] [Client thread/INFO] [hbm]: Writing template file _hbmPress.json
[14:54:06] [Client thread/INFO] [hbm]: No recipe file found, registering defaults for hbmPyrolysis.json
[14:54:06] [Client thread/INFO] [hbm]: Writing template file _hbmPyrolysis.json
[14:54:06] [Client thread/INFO] [hbm]: No recipe file found, registering defaults for hbmIrradiation.json
[14:54:06] [Client thread/INFO] [hbm]: Writing template file _hbmIrradiation.json
[14:54:06] [Client thread/INFO] [hbm]: No recipe file found, registering defaults for hbmReforming.json
[14:54:06] [Client thread/INFO] [hbm]: Writing template file _hbmReforming.json
[14:54:06] [Client thread/INFO] [hbm]: No recipe file found, registering defaults for hbmRotaryFurnace.json
[14:54:06] [Client thread/INFO] [hbm]: Writing template file _hbmRotaryFurnace.json
[14:54:06] [Client thread/INFO] [hbm]: No recipe file found, registering defaults for hbmShredder.json
[14:54:06] [Client thread/INFO] [hbm]: Writing template file _hbmShredder.json
[14:54:06] [Client thread/INFO] [hbm]: No recipe file found, registering defaults for hbmSoldering.json
[14:54:06] [Client thread/INFO] [hbm]: Writing template file _hbmSoldering.json
[14:54:06] [Client thread/INFO] [hbm]: No recipe file found, registering defaults for hbmSolidifier.json
[14:54:06] [Client thread/INFO] [hbm]: Writing template file _hbmSolidifier.json
[14:54:06] [Client thread/INFO] [hbm]: No recipe file found, registering defaults for hbmParticleAccelerator.json
[14:54:06] [Client thread/INFO] [hbm]: Writing template file _hbmParticleAccelerator.json
[14:54:06] [Client thread/INFO] [hbm]: No recipe file found, registering defaults for hbmExposureChamber.json
[14:54:06] [Client thread/INFO] [hbm]: Writing template file _hbmExposureChamber.json
[14:54:06] [Client thread/INFO] [hbm]: No recipe file found, registering defaults for hbmCombination.json
[14:54:06] [Client thread/INFO] [hbm]: Writing template file _hbmCombination.json
[14:54:06] [Client thread/INFO] [hbm]: No recipe file found, registering defaults for hbmFuelpool.json
[14:54:06] [Client thread/INFO] [hbm]: Writing template file _hbmFuelpool.json
[14:54:06] [Client thread/INFO] [hbm]: No recipe file found, registering defaults for hbmCrucible.json
[14:54:06] [Client thread/INFO] [hbm]: Writing template file _hbmCrucible.json
[14:54:06] [Client thread/INFO] [hbm]: No recipe file found, registering defaults for hbmAssemblyMachine.json
[14:54:06] [Client thread/INFO] [hbm]: Writing template file _hbmAssemblyMachine.json
[14:54:06] [Client thread/INFO] [hbm]: No recipe file found, registering defaults for hbmChemicalPlant.json
[14:54:06] [Client thread/INFO] [hbm]: Writing template file _hbmChemicalPlant.json
[14:54:06] [Client thread/INFO] [hbm]: No recipe file found, registering defaults for hbmPUREX.json
[14:54:06] [Client thread/INFO] [hbm]: Writing template file _hbmPUREX.json
[14:54:06] [Client thread/INFO] [hbm]: No recipe file found, registering defaults for hbmFusion.json
[14:54:06] [Client thread/INFO] [hbm]: Writing template file _hbmFusion.json
[14:54:06] [Client thread/INFO] [hbm]: No recipe file found, registering defaults for hbmPlasmaForge.json
[14:54:06] [Client thread/INFO] [hbm]: Writing template file _hbmPlasmaForge.json
[14:54:06] [Client thread/INFO] [hbm]: No recipe file found, registering defaults for hbmPrecisionAssembly.json
[14:54:06] [Client thread/INFO] [hbm]: Writing template file _hbmPrecisionAssembly.json
[14:54:06] [Client thread/INFO] [hbm]: No recipe file found, registering defaults for hbmAmmoPress.json
[14:54:06] [Client thread/INFO] [hbm]: Writing template file _hbmAmmoPress.json
[14:54:06] [Client thread/INFO] [hbm]: No recipe file found, registering defaults for hbmAnnihilator.json
[14:54:06] [Client thread/INFO] [hbm]: Writing template file _hbmAnnihilator.json
[14:54:06] [Client thread/INFO] [hbm]: No recipe file found, registering defaults for hbmAnvil.json
[14:54:06] [Client thread/INFO] [hbm]: Writing template file _hbmAnvil.json
[14:54:06] [Client thread/INFO] [hbm]: No recipe file found, registering defaults for hbmArcFurnace.json
[14:54:06] [Client thread/INFO] [hbm]: Writing template file _hbmArcFurnace.json
[14:54:06] [Client thread/INFO] [hbm]: No recipe file found, registering defaults for hbmArcWelder.json
[14:54:06] [Client thread/INFO] [hbm]: Writing template file _hbmArcWelder.json
[14:54:06] [Client thread/INFO] [hbm]: No recipe file found, registering defaults for hbmBlastFurnace.json
[14:54:06] [Client thread/INFO] [hbm]: Writing template file _hbmBlastFurnace.json
[14:54:06] [Client thread/INFO] [hbm]: No recipe file found, registering defaults for hbmBreeder.json
[14:54:06] [Client thread/INFO] [hbm]: Writing template file _hbmBreeder.json
[14:54:06] [Client thread/INFO] [hbm]: No recipe file found, registering defaults for hbmCentrifuge.json
[14:54:06] [Client thread/INFO] [hbm]: Writing template file _hbmCentrifuge.json
[14:54:06] [Client thread/INFO] [hbm]: No recipe file found, registering defaults for hbmCoker.json
[14:54:06] [Client thread/INFO] [hbm]: Writing template file _hbmCoker.json
[14:54:06] [Client thread/INFO] [hbm]: No recipe file found, registering defaults for hbmCompressor.json
[14:54:06] [Client thread/INFO] [hbm]: Writing template file _hbmCompressor.json
[14:54:06] [Client thread/INFO] [hbm]: No recipe file found, registering defaults for hbmCracking.json
[14:54:06] [Client thread/INFO] [hbm]: Writing template file _hbmCracking.json
[14:54:06] [Client thread/INFO] [hbm]: No recipe file found, registering defaults for hbmCrystallizer.json
[14:54:06] [Client thread/INFO] [hbm]: Writing template file _hbmCrystallizer.json
[14:54:06] [Client thread/INFO] [hbm]: No recipe file found, registering defaults for hbmCyclotron.json
[14:54:06] [Client thread/INFO] [hbm]: Writing template file _hbmCyclotron.json
[14:54:06] [Client thread/INFO] [hbm]: No recipe file found, registering defaults for hbmElectrolyzerFluid.json
[14:54:06] [Client thread/INFO] [hbm]: Writing template file _hbmElectrolyzerFluid.json
[14:54:06] [Client thread/INFO] [hbm]: No recipe file found, registering defaults for hbmElectrolyzerMetal.json
[14:54:06] [Client thread/INFO] [hbm]: Writing template file _hbmElectrolyzerMetal.json
[14:54:06] [Client thread/INFO] [hbm]: No recipe file found, registering defaults for hbmIrradiationFluids.json
[14:54:06] [Client thread/INFO] [hbm]: Writing template file _hbmIrradiationFluids.json
[14:54:06] [Client thread/INFO] [hbm]: No recipe file found, registering defaults for hbmFractions.json
[14:54:06] [Client thread/INFO] [hbm]: Writing template file _hbmFractions.json
[14:54:06] [Client thread/INFO] [hbm]: No recipe file found, registering defaults for hbmHydrotreating.json
[14:54:06] [Client thread/INFO] [hbm]: Writing template file _hbmHydrotreating.json
[14:54:06] [Client thread/INFO] [hbm]: No recipe file found, registering defaults for hbmLiquefactor.json
[14:54:06] [Client thread/INFO] [hbm]: Writing template file _hbmLiquefactor.json
[14:54:06] [Client thread/INFO] [hbm]: No recipe file found, registering defaults for hbmCrucibleSmelting.json
[14:54:06] [Client thread/INFO] [hbm]: GTCEu loaded = false
[14:54:06] [Client thread/INFO] [hbm]: Writing template file _hbmCrucibleSmelting.json
[14:54:06] [Client thread/INFO] [hbm]: No recipe file found, registering defaults for hbmMixer.json
[14:54:06] [Client thread/INFO] [hbm]: Writing template file _hbmMixer.json
[14:54:06] [Client thread/INFO] [hbm]: No recipe file found, registering defaults for hbmPedestal.json
[14:54:06] [Client thread/INFO] [hbm]: Writing template file _hbmPedestal.json
[14:54:06] [Client thread/INFO] [hbm]: No recipe file found, registering defaults for hbmPress.json
[14:54:06] [Client thread/INFO] [hbm]: Writing template file _hbmPress.json
[14:54:06] [Client thread/INFO] [hbm]: No recipe file found, registering defaults for hbmPyrolysis.json
[14:54:06] [Client thread/INFO] [hbm]: Writing template file _hbmPyrolysis.json
[14:54:06] [Client thread/INFO] [hbm]: No recipe file found, registering defaults for hbmIrradiation.json
[14:54:06] [Client thread/INFO] [hbm]: Writing template file _hbmIrradiation.json
[14:54:06] [Client thread/INFO] [hbm]: No recipe file found, registering defaults for hbmReforming.json
[14:54:06] [Client thread/INFO] [hbm]: Writing template file _hbmReforming.json
[14:54:06] [Client thread/INFO] [hbm]: No recipe file found, registering defaults for hbmRotaryFurnace.json
[14:54:06] [Client thread/INFO] [hbm]: Writing template file _hbmRotaryFurnace.json
[14:54:06] [Client thread/INFO] [hbm]: No recipe file found, registering defaults for hbmShredder.json
[14:54:06] [Client thread/INFO] [hbm]: Writing template file _hbmShredder.json
[14:54:06] [Client thread/INFO] [hbm]: No recipe file found, registering defaults for hbmSoldering.json
[14:54:06] [Client thread/INFO] [hbm]: Writing template file _hbmSoldering.json
[14:54:06] [Client thread/INFO] [hbm]: No recipe file found, registering defaults for hbmSolidifier.json
[14:54:06] [Client thread/INFO] [hbm]: Writing template file _hbmSolidifier.json
[14:54:06] [Client thread/INFO] [hbm]: No recipe file found, registering defaults for hbmParticleAccelerator.json
[14:54:06] [Client thread/INFO] [hbm]: Writing template file _hbmParticleAccelerator.json
[14:54:06] [Client thread/INFO] [hbm]: No recipe file found, registering defaults for hbmExposureChamber.json
[14:54:06] [Client thread/INFO] [hbm]: Writing template file _hbmExposureChamber.json
[14:54:06] [Client thread/INFO] [hbm]: No recipe file found, registering defaults for hbmCombination.json
[14:54:06] [Client thread/INFO] [hbm]: Writing template file _hbmCombination.json
[14:54:06] [Client thread/INFO] [hbm]: No recipe file found, registering defaults for hbmFuelpool.json
[14:54:06] [Client thread/INFO] [hbm]: Writing template file _hbmFuelpool.json
[14:54:06] [Client thread/INFO] [hbm]: No recipe file found, registering defaults for hbmCrucible.json
[14:54:06] [Client thread/INFO] [hbm]: Writing template file _hbmCrucible.json
[14:54:06] [Client thread/INFO] [hbm]: No recipe file found, registering defaults for hbmAssemblyMachine.json
[14:54:06] [Client thread/INFO] [hbm]: Writing template file _hbmAssemblyMachine.json
[14:54:06] [Client thread/INFO] [hbm]: No recipe file found, registering defaults for hbmChemicalPlant.json
[14:54:06] [Client thread/INFO] [hbm]: Writing template file _hbmChemicalPlant.json
[14:54:06] [Client thread/INFO] [hbm]: No recipe file found, registering defaults for hbmPUREX.json
[14:54:06] [Client thread/INFO] [hbm]: Writing template file _hbmPUREX.json
[14:54:06] [Client thread/INFO] [hbm]: No recipe file found, registering defaults for hbmFusion.json
[14:54:06] [Client thread/INFO] [hbm]: Writing template file _hbmFusion.json
[14:54:06] [Client thread/INFO] [hbm]: No recipe file found, registering defaults for hbmPlasmaForge.json
[14:54:06] [Client thread/INFO] [hbm]: Writing template file _hbmPlasmaForge.json
[14:54:06] [Client thread/INFO] [hbm]: No recipe file found, registering defaults for hbmPrecisionAssembly.json
[14:54:06] [Client thread/INFO] [hbm]: Writing template file _hbmPrecisionAssembly.json
[14:54:06] [Client thread/INFO] [hbm]: Finished recipe init!
[14:54:06] [Client thread/INFO] [hbm]: NTMFluidCapabilityHandler init: mapped 155 Forge Fluids, tracking 37 items.
[14:54:06] [Client thread/INFO] [STDOUT]: [com.dhanantry.scapeandrunparasites.bestiary.SRPBestiaryRegistry:log:130]: [Bestiary] Loaded 119 entries. Scales: 0
[14:54:06] [Client thread/INFO] [srparasites]: [MOD COMPATIBILITY] 0 of 2 modules activated
[14:54:06] [Client thread/INFO] [Universal Tweaks]: Universal Tweaks client post-initialized
[14:54:06] [Client thread/INFO] [Universal Tweaks]: Entity Desync blacklist initialized
[14:54:06] [Client thread/INFO] [Universal Tweaks]: Block Dispenser block list initialized
[14:54:06] [Client thread/INFO] [Universal Tweaks]: Swing Through Grass lists initialized
[14:54:06] [Client thread/INFO] [Universal Tweaks]: Incurable Potions list initialized
[14:54:06] [Client thread/INFO] [Universal Tweaks]: Item rarity map initialized
[14:54:06] [Client thread/INFO] [Universal Tweaks]: Universal Tweaks post-initialized
[14:54:06] [Client thread/INFO] [xaero.lib.XaeroLib]: Loading XaeroLib common 2/2!
[14:54:06] [Client thread/INFO] [xaero.lib.XaeroLib]: Loading XaeroLib client 2/2!
[14:54:06] [Client thread/INFO] [xaero.map.WorldMap]: New world map region cache hash code: 1402132375
[14:54:07] [Client thread/INFO] [xaero.map.WorldMap]: Registered player tracker system: map_synced
[14:54:07] [Client thread/INFO] [xaero.map.WorldMap]: Xaero's WorldMap Mod: Xaero's minimap found!
[14:54:07] [Client thread/INFO] [xaero.map.WorldMap]: Registered player tracker system: minimap_synced
[14:54:07] [Client thread/INFO] [xaero.map.WorldMap]: Xaero's World Map: No Vivecraft!
[14:54:07] [Client thread/INFO] [xaero.minimap.XaeroMinimap]: Loading Xaero's Minimap - Stage 2/2
[14:54:08] [Client thread/INFO] [xaero.hud.minimap.MinimapLogs]: Registered player tracker system: minimap_synced
[14:54:08] [Client thread/INFO] [xaero.hud.minimap.MinimapLogs]: Xaero's Minimap: World Map found!
[14:54:08] [Client thread/INFO] [xaero.hud.minimap.MinimapLogs]: No Optifine!
[14:54:08] [Client thread/INFO] [xaero.hud.minimap.MinimapLogs]: Xaero's Minimap: No Vivecraft!
[14:54:08] [Client thread/INFO] [immersiveengineering]: Couldn't fully analyze 1xitem.starmetal_plate@32767, missing knowledge for {1xitem.cobalt_plate@0=1.0}
[14:54:08] [Client thread/INFO] [immersiveengineering]: Couldn't fully analyze 1xitem.hev_plate@0, missing knowledge for {1xitem.titanium_plate@0=1.0}
[14:54:08] [Client thread/INFO] [immersiveengineering]: Couldn't fully analyze 1xitem.starmetal_axe@32767, missing knowledge for {1xitem.cobalt_decorated_axe@0=1.0}
[14:54:08] [Client thread/INFO] [immersiveengineering]: Couldn't fully analyze 1xitem.bismuth_pickaxe@0, missing knowledge for {1xitem.starmetal_pickaxe@0=1.0}
[14:54:08] [Client thread/INFO] [immersiveengineering]: Couldn't fully analyze 1xitem.chlorophyte_pickaxe@0, missing knowledge for {1xitem.volcanic_pickaxe@0=1.0}
[14:54:08] [Client thread/INFO] [immersiveengineering]: Couldn't fully analyze 1xitem.schrabidium_legs@32767, missing knowledge for {1xitem.starmetal_legs@0=1.0}
[14:54:08] [Client thread/INFO] [immersiveengineering]: Couldn't fully analyze 1xitem.t3_exo_helmet@32767, missing knowledge for {1xitem.t3_combat_helmet@0=1.0}
[14:54:08] [Client thread/INFO] [immersiveengineering]: Couldn't fully analyze 1xitem.steamsuit_helmet@0, missing knowledge for {1xitem.steel_helmet@0=1.0}
[14:54:08] [Client thread/INFO] [immersiveengineering]: Couldn't fully analyze 1xitem.t3_exo_chestplate@32767, missing knowledge for {1xitem.t3_combat_chestplate@0=1.0}
[14:54:08] [Client thread/INFO] [immersiveengineering]: Couldn't fully analyze 1xitem.memespoon@32767, missing knowledge for {1xitem.steel_shovel@0=1.0}
[14:54:08] [Client thread/INFO] [immersiveengineering]: Couldn't fully analyze 1xitem.schrabidium_plate@32767, missing knowledge for {1xitem.starmetal_plate@0=1.0}
[14:54:08] [Client thread/INFO] [immersiveengineering]: Couldn't fully analyze 1xitem.t2_riot_boots@32767, missing knowledge for {1xitem.t2_combat_boots@0=1.0}
[14:54:08] [Client thread/INFO] [immersiveengineering]: Couldn't fully analyze 1xitem.lead_gavel@32767, missing knowledge for {1xitem.wood_gavel@0=1.0}
[14:54:08] [Client thread/INFO] [immersiveengineering]: Couldn't fully analyze 1xitem.t2_riot_leggings@32767, missing knowledge for {1xitem.t2_combat_leggings@0=1.0}
[14:54:08] [Client thread/INFO] [immersiveengineering]: Couldn't fully analyze 1xitem.chlorophyte_axe@0, missing knowledge for {1xitem.volcanic_axe@0=1.0}
[14:54:08] [Client thread/INFO] [immersiveengineering]: Couldn't fully analyze 1xitem.starmetal_legs@32767, missing knowledge for {1xitem.cobalt_legs@0=1.0}
[14:54:08] [Client thread/INFO] [immersiveengineering]: Couldn't fully analyze 1xitem.steamsuit_boots@0, missing knowledge for {1xitem.steel_boots@0=1.0}
[14:54:08] [Client thread/INFO] [immersiveengineering]: Couldn't fully analyze 1xitem.ajr_helmet@0, missing knowledge for {1xitem.gas_mask_m65@0=1.0, 1xitem.alloy_helmet@0=1.0}
[14:54:08] [Client thread/INFO] [immersiveengineering]: Couldn't fully analyze 1xitem.liquidator_helmet@32767, missing knowledge for {1xitem.hazmat_helmet_grey@0=1.0}
[14:54:08] [Client thread/INFO] [immersiveengineering]: Couldn't fully analyze 1xitem.liquidator_boots@32767, missing knowledge for {1xitem.hazmat_boots_grey@0=1.0}
[14:54:08] [Client thread/INFO] [immersiveengineering]: Couldn't fully analyze 1xitem.liquidator_legs@32767, missing knowledge for {1xitem.hazmat_legs_grey@0=1.0}
[14:54:08] [Client thread/INFO] [immersiveengineering]: Couldn't fully analyze 1xitem.t2_riot_helmet@32767, missing knowledge for {1xitem.t2_combat_helmet@0=1.0}
[14:54:08] [Client thread/INFO] [immersiveengineering]: Couldn't fully analyze 1xitem.steamsuit_legs@0, missing knowledge for {1xitem.steel_legs@0=1.0}
[14:54:08] [Client thread/INFO] [immersiveengineering]: Couldn't fully analyze 1xitem.t2_riot_chestplate@32767, missing knowledge for {1xitem.t2_combat_chestplate@0=1.0}
[14:54:08] [Client thread/INFO] [immersiveengineering]: Couldn't fully analyze 1xitem.starmetal_shovel@32767, missing knowledge for {1xitem.cobalt_decorated_shovel@0=1.0}
[14:54:08] [Client thread/INFO] [immersiveengineering]: Couldn't fully analyze 1xitem.t3_exo_leggings@32767, missing knowledge for {1xitem.t3_combat_leggings@0=1.0}
[14:54:08] [Client thread/INFO] [immersiveengineering]: Couldn't fully analyze 1xitem.t3_exo_boots@32767, missing knowledge for {1xitem.t3_combat_boots@0=1.0}
[14:54:08] [Client thread/INFO] [immersiveengineering]: Couldn't fully analyze 1xitem.hev_legs@0, missing knowledge for {1xitem.titanium_legs@0=1.0}
[14:54:08] [Client thread/INFO] [immersiveengineering]: Couldn't fully analyze 1xitem.liquidator_plate@32767, missing knowledge for {1xitem.hazmat_plate_grey@0=1.0}
[14:54:08] [Client thread/INFO] [immersiveengineering]: Couldn't fully analyze 1xtile.immersiveengineering.metal_device1@10, missing knowledge for {1xtile.immersiveengineering.metal_device0@4=1.0}
[14:54:08] [Client thread/INFO] [immersiveengineering]: Couldn't fully analyze 1xitem.starmetal_boots@32767, missing knowledge for {1xitem.cobalt_boots@0=1.0}
[14:54:08] [Client thread/INFO] [immersiveengineering]: Couldn't fully analyze 1xitem.starmetal_sword@32767, missing knowledge for {1xitem.cobalt_decorated_sword@0=1.0}
[14:54:08] [Client thread/INFO] [immersiveengineering]: Couldn't fully analyze 1xitem.schrabidium_boots@32767, missing knowledge for {1xitem.starmetal_boots@0=1.0}
[14:54:08] [Client thread/INFO] [immersiveengineering]: Couldn't fully analyze 1xitem.schrabidium_helmet@32767, missing knowledge for {1xitem.starmetal_helmet@0=1.0}
[14:54:08] [Client thread/INFO] [immersiveengineering]: Couldn't fully analyze 1xitem.hev_helmet@0, missing knowledge for {1xitem.titanium_helmet@0=1.0}
[14:54:08] [Client thread/INFO] [immersiveengineering]: Couldn't fully analyze 1xitem.starmetal_hoe@32767, missing knowledge for {1xitem.cobalt_decorated_hoe@0=1.0}
[14:54:08] [Client thread/INFO] [immersiveengineering]: Couldn't fully analyze 1xitem.starmetal_helmet@32767, missing knowledge for {1xitem.cobalt_helmet@0=1.0}
[14:54:08] [Client thread/INFO] [immersiveengineering]: Couldn't fully analyze 1xitem.starmetal_pickaxe@32767, missing knowledge for {1xitem.cobalt_decorated_pickaxe@0=1.0}
[14:54:08] [Client thread/INFO] [immersiveengineering]: Couldn't fully analyze 1xitem.bj_boots@0, missing knowledge for {1xitem.starmetal_boots@0=1.0}
[14:54:08] [Client thread/INFO] [immersiveengineering]: Couldn't fully analyze 1xitem.bj_legs@0, missing knowledge for {1xitem.starmetal_legs@0=1.0}
[14:54:08] [Client thread/INFO] [immersiveengineering]: Couldn't fully analyze 1xitem.steamsuit_plate@0, missing knowledge for {1xitem.steel_plate@0=1.0}
[14:54:08] [Client thread/INFO] [immersiveengineering]: Couldn't fully analyze 1xitem.bismuth_axe@0, missing knowledge for {1xitem.starmetal_axe@0=1.0}
[14:54:08] [Client thread/INFO] [immersiveengineering]: Couldn't fully analyze 1xitem.t51_helmet@0, missing knowledge for {1xitem.gas_mask_m65@0=1.0, 1xitem.titanium_helmet@0=1.0}
[14:54:08] [Client thread/INFO] [GroovyLog]: Running scripts in loader 'postInit'
[14:54:09] [Client thread/INFO] [GroovyLog]: Groovy scripts took 0ms to compile and 992ms to run in postInit.
[14:54:09] [Client thread/INFO] [groovyscript]: Running Groovy scripts during postInit took 1039 ms
[14:54:10] [Client thread/INFO] [supermartijn642corelib]: Loaded '7' block tags
[14:54:10] [Client thread/INFO] [supermartijn642corelib]: Loaded '0' item tags
[14:54:10] [Client thread/INFO] [Had Enough Items]: Starting Had Enough Items...
[14:54:10] [Client thread/INFO] [Had Enough Items]: Registering recipe categories...
[14:54:10] [Client thread/WARN] [hbm]: JEIUniversalHandler: extractInputLists failed for type class com.hbm.inventory.RecipesCommon$OreDictStack
[14:54:10] [Client thread/WARN] [hbm]: JEIUniversalHandler: extractInputLists failed for type class com.hbm.inventory.RecipesCommon$OreDictStack
[14:54:10] [Client thread/WARN] [hbm]: JEIUniversalHandler: extractInputLists failed for type class com.hbm.inventory.RecipesCommon$OreDictStack
[14:54:10] [Client thread/INFO] [Had Enough Items]: Registering recipe categories took 122.2 ms
[14:54:10] [Client thread/INFO] [Had Enough Items]: Registering mod plugins...
[14:54:10] [Client thread/INFO] [Had Enough Items]: Added recipe registry plugin: class appeng.integration.modules.jei.FacadeRegistryPlugin
[14:54:10] [Client thread/ERROR] [Had Enough Items]: Failed to register mod plugin: class com.dhanantry.scapeandrunparasites.compatibility.jei.SRPJEIPlugin
java.lang.IllegalArgumentException: Invalid ingredient found. Parameter Name: catalystIngredient Ingredient Info: 1xtile.air@0 minecraft:air
	at mezz.jei.util.ErrorUtil.checkIsValidIngredient(ErrorUtil.java:248) ~[ErrorUtil.class:?]
	at mezz.jei.startup.ModRegistry.addRecipeCatalyst(ModRegistry.java:192) ~[ModRegistry.class:?]
	at com.dhanantry.scapeandrunparasites.compatibility.jei.SRPJEIPlugin.register(SRPJEIPlugin.java:117) ~[SRPJEIPlugin.class:?]
	at mezz.jei.startup.JeiStarter.registerPlugins(JeiStarter.java:286) [JeiStarter.class:?]
	at mezz.jei.startup.JeiStarter.load(JeiStarter.java:82) [JeiStarter.class:?]
	at mezz.jei.startup.JeiStarter.start(JeiStarter.java:46) [JeiStarter.class:?]
	at mezz.jei.startup.ProxyCommonClient.loadComplete(ProxyCommonClient.java:128) [ProxyCommonClient.class:?]
	at mezz.jei.JustEnoughItems.loadComplete(JustEnoughItems.java:57) [JustEnoughItems.class:?]
	at sun.reflect.NativeMethodAccessorImpl.invoke0(Native Method) ~[?:1.8.0_51]
	at sun.reflect.NativeMethodAccessorImpl.invoke(NativeMethodAccessorImpl.java:62) ~[?:1.8.0_51]
	at sun.reflect.DelegatingMethodAccessorImpl.invoke(DelegatingMethodAccessorImpl.java:43) ~[?:1.8.0_51]
	at java.lang.reflect.Method.invoke(Method.java:497) ~[?:1.8.0_51]
	at net.minecraftforge.fml.common.FMLModContainer.handleModStateEvent(FMLModContainer.java:637) [FMLModContainer.class:?]
	at sun.reflect.GeneratedMethodAccessor9.invoke(Unknown Source) ~[?:?]
	at sun.reflect.DelegatingMethodAccessorImpl.invoke(DelegatingMethodAccessorImpl.java:43) ~[?:1.8.0_51]
	at java.lang.reflect.Method.invoke(Method.java:497) ~[?:1.8.0_51]
	at com.google.common.eventbus.Subscriber.invokeSubscriberMethod(Subscriber.java:91) [guava-21.0.jar:?]
	at com.google.common.eventbus.Subscriber$SynchronizedSubscriber.invokeSubscriberMethod(Subscriber.java:150) [guava-21.0.jar:?]
	at com.google.common.eventbus.Subscriber$1.run(Subscriber.java:76) [guava-21.0.jar:?]
	at com.google.common.util.concurrent.MoreExecutors$DirectExecutor.execute(MoreExecutors.java:399) [guava-21.0.jar:?]
	at com.google.common.eventbus.Subscriber.dispatchEvent(Subscriber.java:71) [guava-21.0.jar:?]
	at com.google.common.eventbus.Dispatcher$PerThreadQueuedDispatcher.dispatch(Dispatcher.java:116) [guava-21.0.jar:?]
	at com.google.common.eventbus.EventBus.post(EventBus.java:217) [guava-21.0.jar:?]
	at net.minecraftforge.fml.common.LoadController.sendEventToModContainer(LoadController.java:219) [LoadController.class:?]
	at net.minecraftforge.fml.common.LoadController.propogateStateMessage(LoadController.java:197) [LoadController.class:?]
	at sun.reflect.NativeMethodAccessorImpl.invoke0(Native Method) ~[?:1.8.0_51]
	at sun.reflect.NativeMethodAccessorImpl.invoke(NativeMethodAccessorImpl.java:62) ~[?:1.8.0_51]
	at sun.reflect.DelegatingMethodAccessorImpl.invoke(DelegatingMethodAccessorImpl.java:43) ~[?:1.8.0_51]
	at java.lang.reflect.Method.invoke(Method.java:497) ~[?:1.8.0_51]
	at com.google.common.eventbus.Subscriber.invokeSubscriberMethod(Subscriber.java:91) [guava-21.0.jar:?]
	at com.google.common.eventbus.Subscriber$SynchronizedSubscriber.invokeSubscriberMethod(Subscriber.java:150) [guava-21.0.jar:?]
	at com.google.common.eventbus.Subscriber$1.run(Subscriber.java:76) [guava-21.0.jar:?]
	at com.google.common.util.concurrent.MoreExecutors$DirectExecutor.execute(MoreExecutors.java:399) [guava-21.0.jar:?]
	at com.google.common.eventbus.Subscriber.dispatchEvent(Subscriber.java:71) [guava-21.0.jar:?]
	at com.google.common.eventbus.Dispatcher$PerThreadQueuedDispatcher.dispatch(Dispatcher.java:116) [guava-21.0.jar:?]
	at com.google.common.eventbus.EventBus.post(EventBus.java:217) [guava-21.0.jar:?]
	at net.minecraftforge.fml.common.LoadController.distributeStateMessage(LoadController.java:136) [LoadController.class:?]
	at net.minecraftforge.fml.common.Loader.initializeMods(Loader.java:757) [Loader.class:?]
	at net.minecraftforge.fml.client.FMLClientHandler.finishMinecraftLoading(FMLClientHandler.java:336) [FMLClientHandler.class:?]
	at net.minecraft.client.Minecraft.func_71384_a(Minecraft.java:535) [bib.class:?]
	at net.minecraft.client.Minecraft.func_99999_d(Minecraft.java:378) [bib.class:?]
	at net.minecraft.client.main.Main.main(SourceFile:123) [Main.class:?]
	at sun.reflect.NativeMethodAccessorImpl.invoke0(Native Method) ~[?:1.8.0_51]
	at sun.reflect.NativeMethodAccessorImpl.invoke(NativeMethodAccessorImpl.java:62) ~[?:1.8.0_51]
	at sun.reflect.DelegatingMethodAccessorImpl.invoke(DelegatingMethodAccessorImpl.java:43) ~[?:1.8.0_51]
	at java.lang.reflect.Method.invoke(Method.java:497) ~[?:1.8.0_51]
	at net.minecraft.launchwrapper.Launch.launch(Launch.java:135) [launchwrapper-1.12.jar:?]
	at net.minecraft.launchwrapper.Launch.main(Launch.java:28) [launchwrapper-1.12.jar:?]
	at org.prismlauncher.launcher.impl.StandardLauncher.launch(StandardLauncher.java:115) [NewLaunch.jar:?]
	at org.prismlauncher.EntryPoint.listen(EntryPoint.java:129) [NewLaunch.jar:?]
	at org.prismlauncher.EntryPoint.main(EntryPoint.java:70) [NewLaunch.jar:?]
[14:54:10] [Client thread/INFO] [immersiveengineering]: Adding recipes to JEI!!
[14:54:10] [Client thread/INFO] [Had Enough Items]: Added recipe registry plugin: class com.hbm.handler.jei.FluidIconRecipeRegistryPlugin
[14:54:10] [Client thread/INFO] [JEI Utilities]: Transforming : mezz/jei/gui/recipes/RecipesGui; show(Lmezz/jei/api/recipe/IFocus;)V
[14:54:10] [Client thread/INFO] [Had Enough Items]: Registering mod plugins took 222.6 ms
[14:54:10] [Client thread/INFO] [Had Enough Items]: Building recipe registry...
[14:54:10] [Client thread/INFO] [Had Enough Items]: Building recipe registry took 198.8 ms
[14:54:10] [Client thread/INFO] [Had Enough Items]: Building ingredient filter and search trees...
[14:54:10] [Client thread/INFO] [Had Enough Items]: Building [default] search tree...
[14:54:10] [Client thread/INFO] [Had Enough Items]: Building [default] search tree took 89.61 ms
[14:54:10] [Client thread/INFO] [Had Enough Items]: Building [tooltip] search tree...
[14:54:11] [Client thread/INFO] [Had Enough Items]: Building [tooltip] search tree took 388.9 ms
[14:54:11] [pool-4-thread-1/INFO] [Had Enough Items]: Asynchronously building [resource_id] search tree...
[14:54:11] [Client thread/INFO] [Had Enough Items]: Building ingredient filter and search trees took 569.3 ms
[14:54:11] [pool-4-thread-1/INFO] [Had Enough Items]: Asynchronously building [resource_id] search tree took 1.499 ms
[14:54:11] [pool-4-thread-1/INFO] [Had Enough Items]: Asynchronously building [color] search tree...
[14:54:11] [pool-4-thread-1/INFO] [Had Enough Items]: Asynchronously building [color] search tree took 1.186 ms
[14:54:11] [pool-4-thread-1/INFO] [Had Enough Items]: Asynchronously building [oredict] search tree...
[14:54:11] [Client thread/INFO] [Had Enough Items]: Building runtime...
[14:54:11] [pool-4-thread-1/INFO] [Had Enough Items]: Asynchronously building [oredict] search tree took 745.1 ?s
[14:54:11] [pool-4-thread-1/INFO] [Had Enough Items]: Asynchronously building [mod_name] search tree...
[14:54:11] [pool-4-thread-1/INFO] [Had Enough Items]: Asynchronously building [mod_name] search tree took 14.48 ms
[14:54:11] [pool-4-thread-1/INFO] [Had Enough Items]: Asynchronously building [creative_tab] search tree...
[14:54:11] [pool-4-thread-1/INFO] [Had Enough Items]: Asynchronously building [creative_tab] search tree took 808.4 ?s
[14:54:11] [Client thread/INFO] [Had Enough Items]: Building runtime took 59.44 ms
[14:54:11] [Client thread/INFO] [Had Enough Items]: Building favorites...
[14:54:11] [Client thread/INFO] [Had Enough Items]: Building favorites took 2.628 ms
[14:54:11] [Client thread/INFO] [Had Enough Items]: Building bookmarks...
[14:54:11] [Client thread/INFO] [Had Enough Items]: Building bookmarks took 456.1 ?s
[14:54:11] [Client thread/INFO] [Had Enough Items]: Starting Had Enough Items took 1.352 s
[14:54:11] [Client thread/INFO] [hbm]: Clearing HBM hazard calculation caches.
[14:54:11] [Client thread/INFO] [Universal Tweaks]: The game loaded in approximately 30.399 seconds
[14:54:11] [Client thread/INFO] [FML]: Forge Mod Loader has successfully loaded 49 mods
[14:54:11] [Client thread/INFO] [com.mojang.text2speech.NarratorWindows]: Narrator library for x64 successfully loaded
[14:54:11] [Client thread/INFO] [VintageFix]: Game launch took 31.151 seconds
[14:55:11] [Client thread/INFO] [net.minecraft.client.Minecraft]: Stopping!
[14:55:11] [Client thread/INFO] [net.minecraft.client.audio.SoundManager]: SoundSystem shutting down...
[14:55:12] [Client thread/WARN] [net.minecraft.client.audio.SoundManager]: Author: Paul Lamb, www.paulscode.com
[14:55:12] [CraftPresence/INFO] [craftpresence]: Shutting down CraftPresence...
